cmux app log · cmux · built 2026-08-13 14:37:54 · started 2026-08-13T21:49:03.328Z
2026-08-13T21:49:03.330Z App feature event (Operation: appLaunched)
2026-08-13T21:49:03.330Z App feature event (Operation: crashReportingDisabled)
2026-08-13T21:49:03.395Z App feature event (Operation: pushConfigured)
2026-08-13T21:49:03.425Z App feature event (Operation: pairedMacStoreOpened)
2026-08-13T21:49:03.502Z App feature event (Operation: appBecameInactive)
2026-08-13T21:49:03.502Z App lifecycle changed (Phase: Inactive)
2026-08-13T21:49:03.503Z App feature event (Operation: tailscaleStatusChanged, Count: 0)
2026-08-13T21:49:03.711Z App feature event (Operation: pairedMacStoreOpened)
2026-08-13T21:49:03.714Z App feature event (Operation: appForegrounded)
2026-08-13T21:49:03.714Z App lifecycle changed (Phase: Active)
2026-08-13T21:49:03.715Z App feature event (Operation: authRevalidationStarted)
2026-08-13T21:49:04.263Z App feature event (Operation: pairedMacStoreOpened)
2026-08-13T21:49:04.276Z App feature event (Operation: appBecameInactive)
2026-08-13T21:49:04.276Z App lifecycle changed (Phase: Inactive)
2026-08-13T21:49:04.317Z App feature event (Operation: presenceStreamStarted)
2026-08-13T21:49:04.317Z App feature event (Operation: primaryTabSelected, Tab: workspaces)
2026-08-13T21:49:04.395Z App feature event (Operation: pushAuthorizationPrompted)
2026-08-13T21:49:04.799Z App feature event (Operation: authTeamChanged)
2026-08-13T21:49:05.464Z App feature event (Surface: 993512702, Operation: pairedMacRestoreStarted)
2026-08-13T21:49:05.543Z App feature event (Operation: pairedMacStoreOpened)
2026-08-13T21:49:05.556Z App feature event (Operation: appBackgrounded)
2026-08-13T21:49:05.557Z App lifecycle changed (Phase: Background)
2026-08-14T02:24:10.637Z App feature event (Operation: appLaunched)
2026-08-14T02:24:10.637Z App feature event (Operation: crashReportingDisabled)
2026-08-14T02:24:10.640Z App feature event (Operation: authRestoreStarted)
2026-08-14T02:24:10.640Z App feature event (Operation: pushConfigured)
2026-08-14T02:24:10.670Z App feature event (Operation: pairedMacStoreOpened)
2026-08-14T02:24:10.704Z App feature event (Operation: appBecameInactive)
2026-08-14T02:24:10.704Z App lifecycle changed (Phase: Inactive)
2026-08-14T02:24:10.708Z App feature event (Operation: presenceStreamStarted)
2026-08-14T02:24:10.709Z App feature event (Operation: tailscaleStatusChanged, Count: 0)
2026-08-14T02:24:10.709Z App feature event (Operation: primaryTabSelected, Tab: workspaces)
2026-08-14T02:24:10.819Z App feature event (Surface: 1844660128, Operation: pairedMacRestoreStarted)
2026-08-14T02:24:10.935Z App feature event (Operation: pairedMacStoreOpened)
2026-08-14T02:24:10.949Z App feature event (Operation: appForegrounded)
2026-08-14T02:24:10.949Z App lifecycle changed (Phase: Active)
2026-08-14T02:24:10.951Z App feature event (Operation: authRevalidationStarted)
2026-08-14T02:24:11.697Z App feature event (Surface: 1844660128, Operation: pairedMacRestoreSucceeded, Count: 1)
2026-08-14T02:24:11.742Z App feature event (Operation: presenceStreamUpdated, Count: 1)
2026-08-14T02:24:11.743Z App feature event (Operation: computerListRefreshStarted)
2026-08-14T02:24:11.745Z App feature event (Operation: pairedMacStoreReadSucceeded, Duration: 2 ms, Count: 1)
2026-08-14T02:24:11.745Z App feature event (Operation: computerListRefreshSucceeded, Duration: 2 ms, Count: 1)
2026-08-14T02:24:11.774Z App feature event (Surface: 1816934274, Operation: pairedMacBackupWriteStarted)
2026-08-14T02:24:11.833Z App feature event (Operation: authRevalidationSucceeded)
2026-08-14T02:24:11.833Z App feature event (Operation: presenceStreamStarted)
2026-08-14T02:24:11.834Z App feature event (Operation: authRestoreSucceeded, Count: 1)
2026-08-14T02:24:11.835Z App feature event (Surface: 1816934274, Operation: pairedMacBackupWriteSucceeded)
2026-08-14T02:24:12.040Z App feature event (Operation: pairedMacStoreOpened)
2026-08-14T02:24:12.049Z App feature event (Operation: appBecameInactive)
2026-08-14T02:24:12.049Z App lifecycle changed (Phase: Inactive)
2026-08-14T02:24:12.313Z App feature event (Operation: presenceStreamUpdated, Count: 1)
2026-08-14T02:24:12.320Z App feature event (Operation: computerListRefreshStarted)
2026-08-14T02:24:12.320Z App feature event (Surface: 1844660128, Operation: pairedMacRestoreStarted)
2026-08-14T02:24:12.359Z App feature event (Surface: 1844660128, Operation: pairedMacRestoreSucceeded, Count: 0)
2026-08-14T02:24:12.360Z App feature event (Operation: pairedMacStoreReadSucceeded, Duration: 40 ms, Count: 1)
2026-08-14T02:24:12.360Z App feature event (Operation: computerListRefreshSucceeded, Duration: 40 ms, Count: 1)
2026-08-14T02:24:12.391Z App feature event (Surface: 3808139101, Operation: pairedMacBackupRefreshStarted)
2026-08-14T02:24:12.391Z App feature event (Surface: 1844660128, Operation: pairedMacRestoreStarted)
2026-08-14T02:24:12.450Z App feature event (Surface: 1844660128, Operation: pairedMacRestoreSucceeded, Count: 0)
2026-08-14T02:24:12.450Z App feature event (Surface: 1844660128, Operation: pairedMacBackupRefreshSucceeded, Count: 0)
2026-08-14T02:24:12.528Z App feature event (Operation: pairingStarted)
2026-08-14T02:24:12.543Z [    1.896] connection.recovery cancelled trigger=presencePush attempt=20C1F974-837E-44F4-B4B1-B3E464D12AD2
2026-08-14T02:24:12.557Z App feature event (Operation: pairingFailed, Failure: Route already connecting, Duration: 29 ms)
2026-08-14T02:24:12.569Z App feature event (Operation: reconnectStarted)
2026-08-14T02:24:12.573Z App feature event (Surface: 3808139101, Operation: pairedMacBackupRefreshStarted)
2026-08-14T02:24:12.573Z App feature event (Surface: 1844660128, Operation: pairedMacRestoreStarted)
2026-08-14T02:24:12.574Z App feature event (Surface: 1844660128, Operation: pairedMacRestoreFailed, Failure: Unknown failure, Count: 0)
2026-08-14T02:24:12.574Z App feature event (Surface: 1844660128, Operation: pairedMacBackupRefreshFailed, Failure: Unknown failure, Count: 0)
2026-08-14T02:24:12.995Z [    2.363] connection.recovery coalesced trigger=automaticBackoffExpired storedMacGeneration=4
2026-08-14T02:24:14.149Z App feature event (Operation: pairedMacStoreOpened)
2026-08-14T02:24:14.173Z App feature event (Operation: appForegrounded)
2026-08-14T02:24:14.173Z App lifecycle changed (Phase: Active)
2026-08-14T02:24:14.177Z App feature event (Operation: authRevalidationStarted)
2026-08-14T02:24:14.744Z App feature event (Operation: authRevalidationSucceeded)
2026-08-14T02:24:17.294Z App feature event (Surface: 155457743, Operation: pairedMacStoreWriteStarted)
2026-08-14T02:24:17.311Z App feature event (Surface: 1816934274, Operation: pairedMacBackupWriteStarted)
2026-08-14T02:24:17.374Z App feature event (Surface: 1816934274, Operation: pairedMacBackupWriteSucceeded)
2026-08-14T02:24:17.374Z App feature event (Surface: 155457743, Operation: pairedMacStoreWriteSucceeded, Duration: 79 ms)
2026-08-14T02:24:17.374Z App feature event (Surface: 155457743, Operation: computerRoutesUpdated, Duration: 79 ms, Count: 1)
2026-08-14T02:24:17.375Z App feature event (Surface: 155457743, Operation: capabilitySnapshotReceived, Count: 48)
2026-08-14T02:24:17.379Z App feature event (Operation: surfaceListUpdated, Count: 1)
2026-08-14T02:24:17.379Z App feature event (Surface: 627727641, Operation: surfaceFocused)
2026-08-14T02:24:17.379Z App feature event (Surface: 155457743, Operation: connectionStateChanged, Count: 1)
2026-08-14T02:24:17.438Z App feature event (Operation: terminalThemeChanged)
2026-08-14T02:24:17.438Z App feature event (Surface: 155457743, Operation: pairedMacStoreWriteStarted)
2026-08-14T02:24:17.450Z App feature event (Surface: 4072718565, Operation: browserListRefreshStarted)
2026-08-14T02:24:17.450Z [    6.806] macupdate.hint caps=48 version=0.64.22 hint=nil
2026-08-14T02:24:17.450Z App feature event (Surface: 155457743, Operation: reconnectSucceeded, Duration: 4.881 seconds)
2026-08-14T02:24:17.450Z App feature event (Surface: 3808139101, Operation: pairedMacBackupRefreshStarted)
2026-08-14T02:24:17.450Z App feature event (Surface: 1844660128, Operation: pairedMacRestoreStarted)
2026-08-14T02:24:17.451Z App feature event (Surface: 1816934274, Operation: pairedMacBackupWriteStarted)
2026-08-14T02:24:17.497Z App feature event (Surface: 1844660128, Operation: pairedMacRestoreSucceeded, Count: 0)
2026-08-14T02:24:17.497Z App feature event (Surface: 1844660128, Operation: pairedMacBackupRefreshSucceeded, Count: 0)
2026-08-14T02:24:17.510Z App feature event (Surface: 4072718565, Operation: browserListRefreshSucceeded, Duration: 60 ms, Count: 0)
2026-08-14T02:24:17.523Z App feature event (Surface: 1816934274, Operation: pairedMacBackupWriteSucceeded)
2026-08-14T02:24:17.523Z App feature event (Surface: 155457743, Operation: pairedMacStoreWriteSucceeded, Duration: 85 ms)
2026-08-14T02:24:17.523Z App feature event (Surface: 155457743, Operation: computerRoutesUpdated, Duration: 85 ms, Count: 1)
2026-08-14T02:24:17.524Z [    6.892] sync.transport=render_grid
2026-08-14T02:24:17.524Z App feature event (Surface: 155457743, Operation: notificationFeedLoadStarted)
2026-08-14T02:24:17.585Z App feature event (Surface: 155457743, Operation: notificationFeedLoadSucceeded, Duration: 60 ms, Count: 0)
2026-08-14T02:24:17.623Z App feature event (Operation: terminalStreamSubscribed, Count: 16)
2026-08-14T02:24:17.626Z App feature event (Surface: 155457743, Operation: workspaceStateSyncStarted)
2026-08-14T02:24:17.641Z [    6.994] sync.subscribe_ok topics=16 transport=renderGrid
2026-08-14T02:24:17.641Z App feature event (Surface: 155457743, Operation: workspaceListRefreshStarted)
2026-08-14T02:24:17.641Z App feature event (Surface: 4072718565, Operation: browserListRefreshStarted)
2026-08-14T02:24:17.641Z App feature event (Surface: 155457743, Operation: workspaceListRefreshStarted)
2026-08-14T02:24:17.641Z App feature event (Surface: 4072718565, Operation: browserListRefreshStarted)
2026-08-14T02:24:17.641Z App feature event (Surface: 155457743, Operation: workspaceListRefreshFailed, Failure: Cancelled, Duration: 0 ms)
2026-08-14T02:24:17.701Z App feature event (Operation: changesSummaryLoadStarted, Count: 1)
2026-08-14T02:24:17.726Z App feature event (Surface: 155457743, Operation: workspaceStateSyncSucceeded, Count: 1)
2026-08-14T02:24:17.726Z App feature event (Surface: 155457743, Operation: workspaceListRefreshSucceeded, Duration: 84 ms, Count: 1)
2026-08-14T02:24:17.733Z App feature event (Operation: notificationBadgeReconciled, Count: 0)
2026-08-14T02:24:17.733Z App feature event (Operation: notificationBadgeReconciled, Duration: 91 ms, Count: 0)
2026-08-14T02:24:17.733Z App feature event (Surface: 4072718565, Operation: browserListRefreshSucceeded, Duration: 91 ms, Count: 0)
2026-08-14T02:24:17.733Z App feature event (Surface: 4072718565, Operation: browserListRefreshSucceeded, Duration: 91 ms, Count: 0)
2026-08-14T02:24:17.733Z [    7.101] notif.reconcile delivered=0 handled=0 unread=0
2026-08-14T02:24:17.868Z App feature event (Operation: changesSummaryLoadSucceeded, Duration: 167 ms, Count: 1)
2026-08-14T02:24:17.868Z App feature event (Operation: changesSummaryLoadStarted, Count: 1)
2026-08-14T02:24:17.868Z App feature event (Operation: changesSummaryLoadSucceeded, Duration: 0 ms, Count: 0)
2026-08-14T02:24:17.868Z [    7.236] changes.summary ok requested=1 summaries=1 chips=0 sample=- reqSample=96741731
2026-08-14T02:24:22.164Z App feature event (Operation: presenceStreamUpdated, Count: 1)
2026-08-14T02:24:22.174Z App feature event (Operation: computerListRefreshStarted)
2026-08-14T02:24:22.174Z App feature event (Operation: pairedMacStoreReadSucceeded, Duration: 0 ms, Count: 1)
2026-08-14T02:24:22.175Z App feature event (Operation: computerListRefreshSucceeded, Duration: 0 ms, Count: 1)
2026-08-14T02:24:22.195Z App feature event (Surface: 1816934274, Operation: pairedMacBackupWriteStarted)
2026-08-14T02:24:22.257Z App feature event (Surface: 1816934274, Operation: pairedMacBackupWriteSucceeded)
2026-08-14T02:24:22.257Z App feature event (Operation: computerListRefreshStarted)
2026-08-14T02:24:22.257Z App feature event (Operation: pairedMacStoreReadSucceeded, Duration: 0 ms, Count: 1)
2026-08-14T02:24:22.257Z App feature event (Operation: computerListRefreshSucceeded, Duration: 0 ms, Count: 1)
2026-08-14T02:24:30.507Z [   19.875] sync.liveness probe_failed awaiting_confirmation failures=1 silentMs=12865
2026-08-14T02:24:33.144Z App feature event (Operation: changesSummaryLoadStarted, Count: 1)
2026-08-14T02:24:35.880Z App feature event (Operation: terminalRenderLagDetected, Failure: Timed out, Count: 2)
2026-08-14T02:24:35.916Z [   25.248] sync.liveness re-subscribe silentMs=18239
2026-08-14T02:24:35.916Z App feature event (Surface: 155457743, Operation: connectionStateChanged, Count: 0)
2026-08-14T02:24:35.917Z App feature event (Surface: 155457743, Operation: capabilitySnapshotReceived, Count: 0)
2026-08-14T02:24:35.938Z [   25.285] connection.recovery waiting for physical transport drain attempt=A53E6FE8-1D2E-4E4C-9281-3DAC95CA16F4
2026-08-14T02:24:35.938Z [   25.306] changes.summary error CancellationError()
2026-08-14T02:24:37.012Z App feature event (Operation: pairedMacStoreOpened)
2026-08-14T02:24:37.044Z App feature event (Operation: appBecameInactive)
2026-08-14T02:24:37.044Z App lifecycle changed (Phase: Inactive)
2026-08-14T02:24:37.619Z App feature event (Operation: pairedMacStoreOpened)
2026-08-14T02:24:37.639Z App feature event (Operation: appBackgrounded)
2026-08-14T02:24:37.639Z App lifecycle changed (Phase: Background)
2026-08-14T02:24:38.873Z App feature event (Operation: pairedMacStoreOpened)
2026-08-14T02:24:38.888Z App feature event (Operation: appBecameInactive)
2026-08-14T02:24:38.888Z App lifecycle changed (Phase: Inactive)
2026-08-14T02:24:38.908Z App feature event (Operation: presenceStreamFailed, Failure: Unknown failure)
2026-08-14T02:24:39.176Z App feature event (Operation: pairedMacStoreOpened)
2026-08-14T02:24:39.195Z App feature event (Operation: appForegrounded)
2026-08-14T02:24:39.195Z App lifecycle changed (Phase: Active)
2026-08-14T02:24:39.199Z App feature event (Operation: authRevalidationStarted)
2026-08-14T02:24:39.683Z App feature event (Operation: pairedMacStoreOpened)
2026-08-14T02:24:39.693Z App feature event (Operation: appBecameInactive)
2026-08-14T02:24:39.693Z App lifecycle changed (Phase: Inactive)
2026-08-14T02:24:39.706Z App feature event (Operation: authRevalidationSucceeded)
2026-08-14T02:24:40.403Z App feature event (Operation: presenceStreamUpdated, Count: 1)
2026-08-14T02:24:40.417Z App feature event (Operation: computerListRefreshStarted)
2026-08-14T02:24:40.417Z App feature event (Operation: pairedMacStoreReadSucceeded, Duration: 0 ms, Count: 1)
2026-08-14T02:24:40.417Z App feature event (Operation: computerListRefreshSucceeded, Duration: 0 ms, Count: 1)
2026-08-14T02:24:40.425Z App feature event (Surface: 3808139101, Operation: pairedMacBackupRefreshStarted)
2026-08-14T02:24:40.425Z App feature event (Surface: 1844660128, Operation: pairedMacRestoreStarted)
2026-08-14T02:24:40.472Z App feature event (Operation: pairedMacStoreOpened)
2026-08-14T02:24:40.478Z App feature event (Operation: appBackgrounded)
2026-08-14T02:24:40.478Z App lifecycle changed (Phase: Background)
2026-08-14T02:24:47.496Z App feature event (Surface: 1844660128, Operation: pairedMacRestoreFailed, Failure: Unknown failure, Count: 0)
2026-08-14T02:24:47.496Z App feature event (Surface: 1844660128, Operation: pairedMacBackupRefreshFailed, Failure: Unknown failure, Count: 0)
2026-08-14T02:24:47.498Z App feature event (Operation: pairedMacStoreOpened)
2026-08-14T02:24:47.507Z App feature event (Operation: appBecameInactive)
2026-08-14T02:24:47.507Z App lifecycle changed (Phase: Inactive)
2026-08-14T02:24:47.522Z App feature event (Operation: presenceStreamFailed, Failure: Unknown failure)
2026-08-14T02:24:47.792Z App feature event (Operation: pairedMacStoreOpened)
2026-08-14T02:24:47.814Z App feature event (Operation: appForegrounded)
2026-08-14T02:24:47.814Z App lifecycle changed (Phase: Active)
2026-08-14T02:24:47.818Z App feature event (Operation: authRevalidationStarted)
2026-08-14T02:24:48.581Z App feature event (Operation: authRevalidationSucceeded)
2026-08-14T02:24:49.031Z App feature event (Operation: presenceStreamUpdated, Count: 1)
2026-08-14T02:24:49.047Z App feature event (Operation: computerListRefreshStarted)
2026-08-14T02:24:49.048Z App feature event (Operation: pairedMacStoreReadSucceeded, Duration: 0 ms, Count: 1)
2026-08-14T02:24:49.048Z App feature event (Operation: computerListRefreshSucceeded, Duration: 0 ms, Count: 1)
2026-08-14T02:24:49.074Z App feature event (Surface: 3808139101, Operation: pairedMacBackupRefreshStarted)
2026-08-14T02:24:49.074Z App feature event (Surface: 1844660128, Operation: pairedMacRestoreStarted)
2026-08-14T02:24:49.437Z App feature event (Surface: 1844660128, Operation: pairedMacRestoreSucceeded, Count: 0)
2026-08-14T02:24:49.437Z App feature event (Surface: 1844660128, Operation: pairedMacBackupRefreshSucceeded, Count: 0)
2026-08-14T02:24:52.142Z [   41.485] connection.recovery physical transport drained attempt=A53E6FE8-1D2E-4E4C-9281-3DAC95CA16F4
2026-08-14T02:24:53.275Z App feature event (Operation: surfaceListUpdated, Count: 0)
2026-08-14T02:24:53.275Z App feature event (Surface: 627727641, Operation: terminalClosed)
2026-08-14T02:25:03.045Z App feature event (Operation: presenceStreamUpdated, Count: 1)
2026-08-14T02:25:03.065Z App feature event (Operation: computerListRefreshStarted)
2026-08-14T02:25:03.066Z App feature event (Operation: pairedMacStoreReadSucceeded, Duration: 0 ms, Count: 1)
2026-08-14T02:25:03.066Z App feature event (Operation: computerListRefreshSucceeded, Duration: 0 ms, Count: 1)
2026-08-14T02:25:07.726Z App feature event (Operation: presenceStreamUpdated, Count: 1)
2026-08-14T02:25:07.745Z App feature event (Operation: computerListRefreshStarted)
2026-08-14T02:25:07.746Z App feature event (Operation: pairedMacStoreReadSucceeded, Duration: 0 ms, Count: 1)
2026-08-14T02:25:07.746Z App feature event (Operation: computerListRefreshSucceeded, Duration: 0 ms, Count: 1)
2026-08-14T02:25:07.758Z App feature event (Surface: 1816934274, Operation: pairedMacBackupWriteStarted)
2026-08-14T02:25:07.833Z App feature event (Surface: 1816934274, Operation: pairedMacBackupWriteSucceeded)
2026-08-14T02:25:07.833Z App feature event (Operation: computerListRefreshStarted)
2026-08-14T02:25:07.834Z App feature event (Operation: pairedMacStoreReadSucceeded, Duration: 0 ms, Count: 1)
2026-08-14T02:25:07.834Z App feature event (Operation: computerListRefreshSucceeded, Duration: 0 ms, Count: 1)
2026-08-14T02:25:08.947Z App feature event (Surface: 155457743, Operation: pairedMacStoreWriteStarted)
2026-08-14T02:25:08.951Z App feature event (Surface: 1816934274, Operation: pairedMacBackupWriteStarted)
2026-08-14T02:25:09.008Z App feature event (Surface: 1816934274, Operation: pairedMacBackupWriteSucceeded)
2026-08-14T02:25:09.008Z App feature event (Surface: 155457743, Operation: pairedMacStoreWriteSucceeded, Duration: 61 ms)
2026-08-14T02:25:09.008Z App feature event (Surface: 155457743, Operation: computerRoutesUpdated, Duration: 61 ms, Count: 1)
2026-08-14T02:25:09.009Z App feature event (Surface: 155457743, Operation: capabilitySnapshotReceived, Count: 48)
2026-08-14T02:25:09.009Z App feature event (Operation: surfaceListUpdated, Count: 1)
2026-08-14T02:25:09.009Z App feature event (Surface: 627727641, Operation: surfaceFocused)
2026-08-14T02:25:09.009Z App feature event (Surface: 155457743, Operation: connectionStateChanged, Count: 1)
2026-08-14T02:25:09.060Z App feature event (Surface: 155457743, Operation: pairedMacStoreWriteStarted)
2026-08-14T02:25:09.060Z [   58.428] macupdate.hint caps=48 version=0.64.22 hint=nil
2026-08-14T02:25:09.060Z App feature event (Surface: 4072718565, Operation: browserListRefreshStarted)
2026-08-14T02:25:09.075Z App feature event (Surface: 3808139101, Operation: pairedMacBackupRefreshStarted)
2026-08-14T02:25:09.075Z App feature event (Surface: 1844660128, Operation: pairedMacRestoreStarted)
2026-08-14T02:25:09.075Z App feature event (Surface: 1816934274, Operation: pairedMacBackupWriteStarted)
2026-08-14T02:25:09.120Z App feature event (Surface: 4072718565, Operation: browserListRefreshSucceeded, Duration: 59 ms, Count: 0)
2026-08-14T02:25:09.131Z App feature event (Surface: 1844660128, Operation: pairedMacRestoreSucceeded, Count: 0)
2026-08-14T02:25:09.131Z App feature event (Surface: 1844660128, Operation: pairedMacBackupRefreshSucceeded, Count: 0)
2026-08-14T02:25:09.137Z App feature event (Surface: 1816934274, Operation: pairedMacBackupWriteSucceeded)
2026-08-14T02:25:09.147Z App feature event (Surface: 155457743, Operation: pairedMacStoreWriteSucceeded, Duration: 86 ms)
2026-08-14T02:25:09.147Z App feature event (Surface: 155457743, Operation: computerRoutesUpdated, Duration: 86 ms, Count: 1)
2026-08-14T02:25:09.147Z App feature event (Surface: 155457743, Operation: notificationFeedLoadStarted)
2026-08-14T02:25:09.153Z [   58.515] sync.transport=render_grid
2026-08-14T02:25:09.203Z App feature event (Surface: 155457743, Operation: notificationFeedLoadSucceeded, Duration: 55 ms, Count: 0)
2026-08-14T02:25:09.227Z App feature event (Operation: terminalStreamSubscribed, Count: 16)
2026-08-14T02:25:09.227Z App feature event (Surface: 155457743, Operation: workspaceStateSyncStarted)
2026-08-14T02:25:09.240Z App feature event (Surface: 155457743, Operation: workspaceListRefreshStarted)
2026-08-14T02:25:09.240Z App feature event (Surface: 4072718565, Operation: browserListRefreshStarted)
2026-08-14T02:25:09.240Z [   58.595] sync.subscribe_ok topics=16 transport=renderGrid
2026-08-14T02:25:09.240Z App feature event (Surface: 155457743, Operation: workspaceListRefreshStarted)
2026-08-14T02:25:09.240Z App feature event (Surface: 4072718565, Operation: browserListRefreshStarted)
2026-08-14T02:25:09.240Z App feature event (Surface: 155457743, Operation: workspaceListRefreshFailed, Failure: Cancelled, Duration: 0 ms)
2026-08-14T02:25:09.304Z App feature event (Surface: 155457743, Operation: workspaceListRefreshSucceeded, Duration: 63 ms, Count: 1)
2026-08-14T02:25:09.304Z App feature event (Surface: 4072718565, Operation: browserListRefreshSucceeded, Duration: 63 ms, Count: 0)
2026-08-14T02:25:09.308Z App feature event (Operation: notificationBadgeReconciled, Count: 0)
2026-08-14T02:25:09.308Z App feature event (Operation: notificationBadgeReconciled, Duration: 67 ms, Count: 0)
2026-08-14T02:25:09.308Z App feature event (Surface: 4072718565, Operation: browserListRefreshSucceeded, Duration: 67 ms, Count: 0)
2026-08-14T02:25:09.308Z [   58.676] notif.reconcile delivered=0 handled=0 unread=0
2026-08-14T02:25:09.568Z App feature event (Operation: changesSummaryLoadStarted, Count: 1)
2026-08-14T02:25:09.702Z App feature event (Operation: changesSummaryLoadSucceeded, Duration: 134 ms, Count: 1)
2026-08-14T02:25:09.702Z [   59.070] changes.summary ok requested=1 summaries=1 chips=0 sample=- reqSample=96741731
2026-08-14T02:25:09.707Z App feature event (Operation: presenceStreamUpdated, Count: 1)
2026-08-14T02:25:09.732Z App feature event (Operation: computerListRefreshStarted)
2026-08-14T02:25:09.733Z App feature event (Operation: pairedMacStoreReadSucceeded, Duration: 1 ms, Count: 1)
2026-08-14T02:25:09.733Z App feature event (Operation: computerListRefreshSucceeded, Duration: 1 ms, Count: 1)
2026-08-14T02:25:09.764Z App feature event (Surface: 1816934274, Operation: pairedMacBackupWriteStarted)
2026-08-14T02:25:09.836Z App feature event (Surface: 1816934274, Operation: pairedMacBackupWriteSucceeded)
2026-08-14T02:25:09.836Z App feature event (Operation: computerListRefreshStarted)
2026-08-14T02:25:09.837Z App feature event (Operation: pairedMacStoreReadSucceeded, Duration: 0 ms, Count: 1)
2026-08-14T02:25:09.837Z App feature event (Operation: computerListRefreshSucceeded, Duration: 0 ms, Count: 1)
2026-08-14T02:25:19.226Z [   68.594] sync.liveness probe_ok silentMs=9927
2026-08-14T02:25:25.268Z App feature event (Operation: presenceStreamUpdated, Count: 1)
2026-08-14T02:25:25.288Z App feature event (Operation: computerListRefreshStarted)
2026-08-14T02:25:25.289Z App feature event (Operation: pairedMacStoreReadSucceeded, Duration: 0 ms, Count: 1)
2026-08-14T02:25:25.289Z App feature event (Operation: computerListRefreshSucceeded, Duration: 0 ms, Count: 1)
2026-08-14T02:25:25.579Z App feature event (Operation: changesSummaryLoadStarted, Count: 1)
2026-08-14T02:25:25.984Z App feature event (Operation: changesSummaryLoadSucceeded, Duration: 404 ms, Count: 1)
2026-08-14T02:25:25.984Z [   75.352] changes.summary ok requested=1 summaries=1 chips=0 sample=- reqSample=96741731
2026-08-14T02:25:29.577Z [   78.945] sync.liveness probe_ok silentMs=10283
2026-08-14T02:25:39.573Z [   88.941] sync.liveness probe_ok silentMs=9931
2026-08-14T02:25:41.249Z App feature event (Operation: presenceStreamUpdated, Count: 1)
2026-08-14T02:25:41.273Z App feature event (Operation: computerListRefreshStarted)
2026-08-14T02:25:41.274Z App feature event (Operation: pairedMacStoreReadSucceeded, Duration: 0 ms, Count: 1)
2026-08-14T02:25:41.274Z App feature event (Operation: computerListRefreshSucceeded, Duration: 0 ms, Count: 1)
2026-08-14T02:25:49.575Z [   98.943] sync.liveness probe_ok silentMs=9930
2026-08-14T02:25:57.217Z App feature event (Operation: presenceStreamUpdated, Count: 1)
2026-08-14T02:25:57.241Z App feature event (Operation: computerListRefreshStarted)
2026-08-14T02:25:57.242Z App feature event (Operation: pairedMacStoreReadSucceeded, Duration: 0 ms, Count: 1)
2026-08-14T02:25:57.242Z App feature event (Operation: computerListRefreshSucceeded, Duration: 0 ms, Count: 1)
2026-08-14T02:25:59.528Z [  108.896] sync.liveness probe_ok silentMs=9892
2026-08-14T02:26:09.422Z [  118.790] sync.liveness probe_ok silentMs=9836
2026-08-14T02:26:13.488Z App feature event (Operation: presenceStreamUpdated, Count: 1)
2026-08-14T02:26:13.512Z App feature event (Operation: computerListRefreshStarted)
2026-08-14T02:26:13.513Z App feature event (Operation: pairedMacStoreReadSucceeded, Duration: 0 ms, Count: 1)
2026-08-14T02:26:13.513Z App feature event (Operation: computerListRefreshSucceeded, Duration: 0 ms, Count: 1)
2026-08-14T02:26:19.123Z [  128.491] sync.liveness probe_ok silentMs=9644
2026-08-14T02:26:27.270Z App feature event (Operation: pairedMacStoreOpened)
2026-08-14T02:26:27.286Z App feature event (Operation: appBecameInactive)
2026-08-14T02:26:27.286Z App lifecycle changed (Phase: Inactive)
2026-08-14T02:26:28.061Z App feature event (Operation: pairedMacStoreOpened)
2026-08-14T02:26:28.079Z App feature event (Operation: appBackgrounded)
2026-08-14T02:26:28.079Z App lifecycle changed (Phase: Background)
2026-08-14T03:50:23.007Z App feature event (Operation: appLaunched)
2026-08-14T03:50:23.007Z App feature event (Operation: crashReportingDisabled)
2026-08-14T03:50:23.010Z App feature event (Operation: authRestoreStarted)
2026-08-14T03:50:23.010Z App feature event (Operation: pushConfigured)
2026-08-14T03:50:23.049Z App feature event (Operation: pairedMacStoreOpened)
2026-08-14T03:50:23.109Z App feature event (Operation: appBecameInactive)
2026-08-14T03:50:23.109Z App lifecycle changed (Phase: Inactive)
2026-08-14T03:50:23.115Z App feature event (Operation: presenceStreamStarted)
2026-08-14T03:50:23.116Z App feature event (Operation: tailscaleStatusChanged, Count: 0)
2026-08-14T03:50:23.116Z App feature event (Operation: primaryTabSelected, Tab: workspaces)
2026-08-14T03:50:23.252Z App feature event (Operation: pairedMacStoreOpened)
2026-08-14T03:50:23.260Z App feature event (Operation: appForegrounded)
2026-08-14T03:50:23.260Z App lifecycle changed (Phase: Active)
2026-08-14T03:50:23.261Z App feature event (Operation: authRevalidationStarted)
2026-08-14T03:50:24.222Z App feature event (Operation: presenceStreamUpdated, Count: 3)
2026-08-14T03:50:24.235Z App feature event (Operation: computerListRefreshStarted)
2026-08-14T03:50:24.235Z App feature event (Surface: 4062288647, Operation: pairedMacRestoreStarted)
2026-08-14T03:50:24.426Z App feature event (Operation: authRevalidationSucceeded)
2026-08-14T03:50:24.427Z App feature event (Operation: authRestoreSucceeded, Count: 1)
2026-08-14T03:50:24.427Z App feature event (Operation: presenceStreamStarted)
2026-08-14T03:50:24.428Z App feature event (Surface: 4062288647, Operation: pairedMacRestoreFailed, Failure: Unknown failure, Count: 0)
2026-08-14T03:50:24.825Z App feature event (Operation: presenceStreamUpdated, Count: 3)
2026-08-14T03:50:24.840Z App feature event (Operation: computerListRefreshStarted)
2026-08-14T03:50:24.840Z App feature event (Surface: 4062288647, Operation: pairedMacRestoreStarted)
2026-08-14T03:50:24.878Z App feature event (Surface: 4062288647, Operation: pairedMacRestoreSucceeded, Count: 1)
2026-08-14T03:50:24.879Z App feature event (Operation: pairedMacStoreReadSucceeded, Duration: 39 ms, Count: 1)
2026-08-14T03:50:24.879Z App feature event (Operation: computerListRefreshSucceeded, Duration: 39 ms, Count: 1)
2026-08-14T03:50:24.925Z App feature event (Surface: 2517747018, Operation: pairedMacBackupWriteStarted)
2026-08-14T03:50:24.996Z App feature event (Surface: 2517747018, Operation: pairedMacBackupWriteSucceeded)
2026-08-14T03:50:24.996Z App feature event (Operation: computerListRefreshStarted)
2026-08-14T03:50:24.997Z App feature event (Operation: pairedMacStoreReadSucceeded, Duration: 1 ms, Count: 1)
2026-08-14T03:50:24.997Z App feature event (Operation: computerListRefreshSucceeded, Duration: 1 ms, Count: 1)
2026-08-14T03:50:25.034Z App feature event (Surface: 3876054979, Operation: pairedMacBackupRefreshStarted)
2026-08-14T03:50:25.034Z App feature event (Surface: 4062288647, Operation: pairedMacRestoreStarted)
2026-08-14T03:50:25.099Z App feature event (Surface: 4062288647, Operation: pairedMacRestoreSucceeded, Count: 0)
2026-08-14T03:50:25.099Z App feature event (Surface: 4062288647, Operation: pairedMacBackupRefreshSucceeded, Count: 0)
2026-08-14T03:50:25.455Z App feature event (Operation: pairingStarted)
2026-08-14T03:50:25.482Z [    2.454] connection.recovery cancelled trigger=presencePush attempt=D1B1E32E-B408-48B5-A460-5783FAC743F8
2026-08-14T03:50:25.503Z App feature event (Operation: pairingFailed, Failure: Route already connecting, Duration: 48 ms)
2026-08-14T03:50:25.504Z App feature event (Operation: reconnectStarted)
2026-08-14T03:50:25.518Z App feature event (Surface: 3876054979, Operation: pairedMacBackupRefreshStarted)
2026-08-14T03:50:25.518Z App feature event (Surface: 4062288647, Operation: pairedMacRestoreStarted)
2026-08-14T03:50:25.519Z App feature event (Surface: 4062288647, Operation: pairedMacRestoreFailed, Failure: Unknown failure, Count: 0)
2026-08-14T03:50:25.519Z App feature event (Surface: 4062288647, Operation: pairedMacBackupRefreshFailed, Failure: Unknown failure, Count: 0)
2026-08-14T03:50:25.767Z [    2.765] connection.recovery coalesced trigger=automaticBackoffExpired storedMacGeneration=4
2026-08-14T03:50:28.815Z App feature event (Operation: presenceStreamUpdated, Count: 3)
2026-08-14T03:50:28.837Z App feature event (Operation: computerListRefreshStarted)
2026-08-14T03:50:28.860Z App feature event (Operation: pairedMacStoreReadSucceeded, Duration: 22 ms, Count: 1)
2026-08-14T03:50:28.860Z App feature event (Operation: computerListRefreshSucceeded, Duration: 22 ms, Count: 1)
2026-08-14T03:50:32.905Z App feature event (Operation: reconnectFailed, Failure: No route available, Duration: 7.400 seconds)
2026-08-14T03:50:41.786Z App feature event (Operation: pairedMacStoreOpened)
2026-08-14T03:50:41.800Z App feature event (Operation: appBecameInactive)
2026-08-14T03:50:41.800Z App lifecycle changed (Phase: Inactive)
2026-08-14T03:50:49.153Z App feature event (Operation: pairedMacStoreOpened)
2026-08-14T03:50:49.163Z App feature event (Operation: appBackgrounded)
2026-08-14T03:50:49.163Z App lifecycle changed (Phase: Background)
2026-08-14T04:14:39.481Z App feature event (Operation: appLaunched)
2026-08-14T04:14:39.481Z App feature event (Operation: crashReportingDisabled)
2026-08-14T04:14:39.484Z App feature event (Operation: authRestoreStarted)
2026-08-14T04:14:39.484Z App feature event (Operation: pushConfigured)
2026-08-14T04:14:39.511Z App feature event (Operation: pairedMacStoreOpened)
2026-08-14T04:14:39.540Z App feature event (Operation: appBecameInactive)
2026-08-14T04:14:39.540Z App lifecycle changed (Phase: Inactive)
2026-08-14T04:14:39.544Z App feature event (Operation: presenceStreamStarted)
2026-08-14T04:14:39.544Z App feature event (Operation: tailscaleStatusChanged, Count: 0)
2026-08-14T04:14:39.544Z App feature event (Operation: primaryTabSelected, Tab: workspaces)
2026-08-14T04:14:39.843Z App feature event (Operation: pairedMacStoreOpened)
2026-08-14T04:14:39.873Z App feature event (Operation: appForegrounded)
2026-08-14T04:14:39.873Z App lifecycle changed (Phase: Active)
2026-08-14T04:14:39.876Z App feature event (Operation: authRevalidationStarted)
2026-08-14T04:14:40.616Z App feature event (Operation: presenceStreamUpdated, Count: 1)
2026-08-14T04:14:40.634Z App feature event (Operation: computerListRefreshStarted)
2026-08-14T04:14:40.634Z App feature event (Surface: 2060027660, Operation: pairedMacRestoreStarted)
2026-08-14T04:14:40.734Z App feature event (Operation: authRevalidationSucceeded)
2026-08-14T04:14:40.734Z App feature event (Operation: authRestoreSucceeded, Count: 1)
2026-08-14T04:14:40.734Z App feature event (Operation: presenceStreamStarted)
2026-08-14T04:14:40.752Z App feature event (Surface: 2060027660, Operation: pairedMacRestoreFailed, Failure: Unknown failure, Count: 0)
2026-08-14T04:14:41.085Z App feature event (Operation: pairingStarted)
2026-08-14T04:14:41.121Z App feature event (Operation: pairingFailed, Failure: Unknown failure, Duration: 35 ms)
2026-08-14T04:14:41.138Z App feature event (Operation: reconnectStarted)
2026-08-14T04:14:41.146Z App feature event (Surface: 82241556, Operation: pairedMacBackupRefreshStarted)
2026-08-14T04:14:41.146Z App feature event (Surface: 2060027660, Operation: pairedMacRestoreStarted)
2026-08-14T04:14:41.180Z App feature event (Surface: 2060027660, Operation: pairedMacRestoreSucceeded, Count: 0)
2026-08-14T04:14:41.180Z App feature event (Surface: 2060027660, Operation: pairedMacBackupRefreshSucceeded, Count: 0)
2026-08-14T04:14:41.345Z App feature event (Operation: presenceStreamUpdated, Count: 1)
2026-08-14T04:14:41.355Z App feature event (Operation: computerListRefreshStarted)
2026-08-14T04:14:41.355Z App feature event (Operation: pairedMacStoreReadSucceeded, Duration: 0 ms, Count: 1)
2026-08-14T04:14:41.355Z App feature event (Operation: computerListRefreshSucceeded, Duration: 0 ms, Count: 1)
2026-08-14T04:14:41.374Z App feature event (Surface: 450070231, Operation: pairedMacBackupWriteStarted)
2026-08-14T04:14:41.440Z App feature event (Surface: 450070231, Operation: pairedMacBackupWriteSucceeded)
2026-08-14T04:14:41.440Z App feature event (Operation: computerListRefreshStarted)
2026-08-14T04:14:41.440Z App feature event (Operation: pairedMacStoreReadSucceeded, Duration: 0 ms, Count: 1)
2026-08-14T04:14:41.440Z App feature event (Operation: computerListRefreshSucceeded, Duration: 0 ms, Count: 1)
2026-08-14T04:14:41.455Z [    1.979] connection.recovery coalesced trigger=presencePush storedMacGeneration=3
2026-08-14T04:14:41.458Z App feature event (Surface: 82241556, Operation: pairedMacBackupRefreshStarted)
2026-08-14T04:14:41.458Z App feature event (Surface: 2060027660, Operation: pairedMacRestoreStarted)
2026-08-14T04:14:41.495Z App feature event (Surface: 2060027660, Operation: pairedMacRestoreSucceeded, Count: 0)
2026-08-14T04:14:41.495Z App feature event (Surface: 2060027660, Operation: pairedMacBackupRefreshSucceeded, Count: 0)
2026-08-14T04:14:42.844Z App feature event (Surface: 2326473396, Operation: pairedMacStoreWriteStarted)
2026-08-14T04:14:42.864Z App feature event (Surface: 450070231, Operation: pairedMacBackupWriteStarted)
2026-08-14T04:14:42.934Z App feature event (Surface: 450070231, Operation: pairedMacBackupWriteSucceeded)
2026-08-14T04:14:42.935Z App feature event (Surface: 2326473396, Operation: pairedMacStoreWriteSucceeded, Duration: 90 ms)
2026-08-14T04:14:42.935Z App feature event (Surface: 2326473396, Operation: computerRoutesUpdated, Duration: 90 ms, Count: 1)
2026-08-14T04:14:42.936Z App feature event (Surface: 2326473396, Operation: capabilitySnapshotReceived, Count: 48)
2026-08-14T04:14:42.940Z App feature event (Operation: surfaceListUpdated, Count: 1)
2026-08-14T04:14:42.940Z App feature event (Surface: 2746303290, Operation: surfaceFocused)
2026-08-14T04:14:42.941Z App feature event (Surface: 2326473396, Operation: connectionStateChanged, Count: 1)
2026-08-14T04:14:43.007Z App feature event (Operation: terminalThemeChanged)
2026-08-14T04:14:43.007Z App feature event (Surface: 2326473396, Operation: pairedMacStoreWriteStarted)
2026-08-14T04:14:43.007Z App feature event (Surface: 3399817026, Operation: browserListRefreshStarted)
2026-08-14T04:14:43.007Z [    3.531] macupdate.hint caps=48 version=0.64.22 hint=nil
2026-08-14T04:14:43.020Z App feature event (Surface: 2326473396, Operation: reconnectSucceeded, Duration: 1.882 seconds)
2026-08-14T04:14:43.020Z App feature event (Surface: 82241556, Operation: pairedMacBackupRefreshStarted)
2026-08-14T04:14:43.020Z App feature event (Surface: 2060027660, Operation: pairedMacRestoreStarted)
2026-08-14T04:14:43.021Z App feature event (Surface: 450070231, Operation: pairedMacBackupWriteStarted)
2026-08-14T04:14:43.068Z App feature event (Surface: 3399817026, Operation: browserListRefreshSucceeded, Duration: 61 ms, Count: 0)
2026-08-14T04:14:43.108Z App feature event (Surface: 450070231, Operation: pairedMacBackupWriteSucceeded)
2026-08-14T04:14:43.108Z App feature event (Surface: 2326473396, Operation: pairedMacStoreWriteSucceeded, Duration: 101 ms)
2026-08-14T04:14:43.108Z App feature event (Surface: 2326473396, Operation: computerRoutesUpdated, Duration: 101 ms, Count: 1)
2026-08-14T04:14:43.109Z [    3.632] sync.transport=render_grid
2026-08-14T04:14:43.109Z App feature event (Surface: 2326473396, Operation: notificationFeedLoadStarted)
2026-08-14T04:14:43.112Z App feature event (Surface: 2060027660, Operation: pairedMacRestoreSucceeded, Count: 0)
2026-08-14T04:14:43.112Z App feature event (Surface: 2060027660, Operation: pairedMacBackupRefreshSucceeded, Count: 0)
2026-08-14T04:14:43.172Z App feature event (Surface: 2326473396, Operation: notificationFeedLoadSucceeded, Duration: 62 ms, Count: 0)
2026-08-14T04:14:43.185Z App feature event (Operation: terminalStreamSubscribed, Count: 16)
2026-08-14T04:14:43.185Z App feature event (Surface: 2326473396, Operation: workspaceStateSyncStarted)
2026-08-14T04:14:43.185Z [    3.709] sync.subscribe_ok topics=16 transport=renderGrid
2026-08-14T04:14:43.200Z App feature event (Surface: 2326473396, Operation: workspaceListRefreshStarted)
2026-08-14T04:14:43.200Z App feature event (Surface: 3399817026, Operation: browserListRefreshStarted)
2026-08-14T04:14:43.200Z App feature event (Surface: 2326473396, Operation: workspaceListRefreshStarted)
2026-08-14T04:14:43.200Z App feature event (Surface: 3399817026, Operation: browserListRefreshStarted)
2026-08-14T04:14:43.201Z App feature event (Surface: 2326473396, Operation: workspaceListRefreshFailed, Failure: Cancelled, Duration: 0 ms)
2026-08-14T04:14:43.272Z App feature event (Operation: changesSummaryLoadStarted, Count: 1)
2026-08-14T04:14:43.299Z App feature event (Surface: 2326473396, Operation: workspaceStateSyncSucceeded, Count: 1)
2026-08-14T04:14:43.300Z App feature event (Surface: 2326473396, Operation: workspaceListRefreshSucceeded, Duration: 99 ms, Count: 1)
2026-08-14T04:14:43.300Z App feature event (Operation: notificationBadgeReconciled, Count: 0)
2026-08-14T04:14:43.300Z App feature event (Operation: notificationBadgeReconciled, Duration: 114 ms, Count: 0)
2026-08-14T04:14:43.300Z App feature event (Surface: 3399817026, Operation: browserListRefreshSucceeded, Duration: 99 ms, Count: 0)
2026-08-14T04:14:43.300Z App feature event (Surface: 3399817026, Operation: browserListRefreshSucceeded, Duration: 99 ms, Count: 0)
2026-08-14T04:14:43.300Z [    3.824] notif.reconcile delivered=0 handled=0 unread=0
2026-08-14T04:14:43.350Z App feature event (Operation: changesSummaryLoadSucceeded, Duration: 78 ms, Count: 1)
2026-08-14T04:14:43.351Z App feature event (Operation: changesSummaryLoadStarted, Count: 1)
2026-08-14T04:14:43.351Z App feature event (Operation: changesSummaryLoadSucceeded, Duration: 0 ms, Count: 0)
2026-08-14T04:14:43.351Z [    3.874] changes.summary ok requested=1 summaries=1 chips=0 sample=- reqSample=96741731
2026-08-14T04:14:48.515Z App feature event (Operation: pairedMacStoreOpened)
2026-08-14T04:14:48.535Z App feature event (Operation: appBecameInactive)
2026-08-14T04:14:48.535Z App lifecycle changed (Phase: Inactive)
2026-08-14T04:14:49.852Z App feature event (Operation: pairedMacStoreOpened)
2026-08-14T04:14:49.886Z App feature event (Operation: appForegrounded)
2026-08-14T04:14:49.886Z App lifecycle changed (Phase: Active)
2026-08-14T04:14:49.889Z App feature event (Operation: authRevalidationStarted)
2026-08-14T04:14:50.433Z App feature event (Operation: authRevalidationSucceeded)
2026-08-14T04:14:53.505Z [   14.029] sync.liveness probe_ok silentMs=10240
2026-08-14T04:14:53.986Z App feature event (Operation: appLaunched)
2026-08-14T04:14:53.986Z App feature event (Operation: crashReportingDisabled)
2026-08-14T04:14:53.991Z App feature event (Operation: authRestoreStarted)
2026-08-14T04:14:53.991Z App feature event (Operation: pushConfigured)
2026-08-14T04:14:54.023Z App feature event (Operation: pairedMacStoreOpened)
2026-08-14T04:14:54.054Z App feature event (Operation: appBecameInactive)
2026-08-14T04:14:54.054Z App lifecycle changed (Phase: Inactive)
2026-08-14T04:14:54.057Z App feature event (Operation: presenceStreamStarted)
2026-08-14T04:14:54.057Z App feature event (Operation: tailscaleStatusChanged, Count: 0)
2026-08-14T04:14:54.058Z App feature event (Operation: primaryTabSelected, Tab: workspaces)
2026-08-14T04:14:54.253Z App feature event (Operation: presenceStreamUpdated, Count: 1)
2026-08-14T04:14:54.258Z App feature event (Operation: computerListRefreshStarted)
2026-08-14T04:14:54.258Z App feature event (Surface: 2478147604, Operation: pairedMacRestoreStarted)
2026-08-14T04:14:54.386Z App feature event (Operation: pairedMacStoreOpened)
2026-08-14T04:14:54.393Z App feature event (Operation: appForegrounded)
2026-08-14T04:14:54.394Z App lifecycle changed (Phase: Active)
2026-08-14T04:14:54.395Z App feature event (Operation: authRevalidationStarted)
2026-08-14T04:14:54.645Z App feature event (Surface: 2478147604, Operation: pairedMacRestoreSucceeded, Count: 0)
2026-08-14T04:14:54.651Z App feature event (Operation: pairedMacStoreReadSucceeded, Duration: 392 ms, Count: 1)
2026-08-14T04:14:54.651Z App feature event (Operation: computerListRefreshSucceeded, Duration: 392 ms, Count: 1)
2026-08-14T04:14:54.693Z App feature event (Surface: 3137870442, Operation: pairedMacBackupWriteStarted)
2026-08-14T04:14:54.700Z App feature event (Operation: authRestoreSucceeded, Count: 1)
2026-08-14T04:14:54.700Z App feature event (Operation: presenceStreamStarted)
2026-08-14T04:14:54.714Z App feature event (Operation: authRevalidationSucceeded)
2026-08-14T04:14:54.759Z App feature event (Surface: 3137870442, Operation: pairedMacBackupWriteSucceeded)
2026-08-14T04:14:54.796Z App feature event (Operation: presenceStreamUpdated, Count: 1)
2026-08-14T04:14:54.798Z App feature event (Operation: computerListRefreshStarted)
2026-08-14T04:14:54.798Z App feature event (Surface: 2478147604, Operation: pairedMacRestoreStarted)
2026-08-14T04:14:54.827Z App feature event (Surface: 2478147604, Operation: pairedMacRestoreSucceeded, Count: 0)
2026-08-14T04:14:54.827Z App feature event (Operation: pairedMacStoreReadSucceeded, Duration: 28 ms, Count: 1)
2026-08-14T04:14:54.827Z App feature event (Operation: computerListRefreshSucceeded, Duration: 28 ms, Count: 1)
2026-08-14T04:14:54.845Z App feature event (Surface: 826819262, Operation: pairedMacBackupRefreshStarted)
2026-08-14T04:14:54.845Z App feature event (Surface: 2478147604, Operation: pairedMacRestoreStarted)
2026-08-14T04:14:54.885Z App feature event (Surface: 2478147604, Operation: pairedMacRestoreSucceeded, Count: 0)
2026-08-14T04:14:54.885Z App feature event (Surface: 2478147604, Operation: pairedMacBackupRefreshSucceeded, Count: 0)
2026-08-14T04:14:55.375Z App feature event (Operation: pairingStarted)
2026-08-14T04:14:55.399Z [    1.395] connection.recovery cancelled trigger=presencePush attempt=48C99755-88C7-4498-8C0C-04FC75C60452
2026-08-14T04:14:55.418Z App feature event (Operation: pairingFailed, Failure: Route already connecting, Duration: 43 ms)
2026-08-14T04:14:55.418Z App feature event (Operation: reconnectStarted)
2026-08-14T04:14:55.431Z App feature event (Surface: 826819262, Operation: pairedMacBackupRefreshStarted)
2026-08-14T04:14:55.431Z App feature event (Surface: 2478147604, Operation: pairedMacRestoreStarted)
2026-08-14T04:14:55.431Z App feature event (Surface: 2478147604, Operation: pairedMacRestoreFailed, Failure: Unknown failure, Count: 0)
2026-08-14T04:14:55.431Z App feature event (Surface: 2478147604, Operation: pairedMacBackupRefreshFailed, Failure: Unknown failure, Count: 0)
2026-08-14T04:14:56.252Z [    2.271] connection.recovery coalesced trigger=automaticBackoffExpired storedMacGeneration=4
2026-08-14T04:14:58.693Z App feature event (Surface: 1334961165, Operation: pairedMacStoreWriteStarted)
2026-08-14T04:14:58.697Z App feature event (Surface: 3137870442, Operation: pairedMacBackupWriteStarted)
2026-08-14T04:14:58.768Z App feature event (Surface: 3137870442, Operation: pairedMacBackupWriteSucceeded)
2026-08-14T04:14:58.769Z App feature event (Surface: 1334961165, Operation: pairedMacStoreWriteSucceeded, Duration: 75 ms)
2026-08-14T04:14:58.769Z App feature event (Surface: 1334961165, Operation: computerRoutesUpdated, Duration: 75 ms, Count: 1)
2026-08-14T04:14:58.770Z App feature event (Surface: 1334961165, Operation: capabilitySnapshotReceived, Count: 48)
2026-08-14T04:14:58.774Z App feature event (Operation: surfaceListUpdated, Count: 1)
2026-08-14T04:14:58.774Z App feature event (Surface: 1171528660, Operation: surfaceFocused)
2026-08-14T04:14:58.774Z App feature event (Surface: 1334961165, Operation: connectionStateChanged, Count: 1)
2026-08-14T04:14:58.838Z App feature event (Operation: terminalThemeChanged)
2026-08-14T04:14:58.838Z App feature event (Surface: 1334961165, Operation: pairedMacStoreWriteStarted)
2026-08-14T04:14:58.839Z App feature event (Surface: 1746296019, Operation: browserListRefreshStarted)
2026-08-14T04:14:58.839Z [    4.858] macupdate.hint caps=48 version=0.64.22 hint=nil
2026-08-14T04:14:58.852Z App feature event (Surface: 1334961165, Operation: reconnectSucceeded, Duration: 3.433 seconds)
2026-08-14T04:14:58.852Z App feature event (Surface: 826819262, Operation: pairedMacBackupRefreshStarted)
2026-08-14T04:14:58.852Z App feature event (Surface: 2478147604, Operation: pairedMacRestoreStarted)
2026-08-14T04:14:58.852Z App feature event (Surface: 3137870442, Operation: pairedMacBackupWriteStarted)
2026-08-14T04:14:58.887Z App feature event (Surface: 2478147604, Operation: pairedMacRestoreSucceeded, Count: 0)
2026-08-14T04:14:58.887Z App feature event (Surface: 2478147604, Operation: pairedMacBackupRefreshSucceeded, Count: 0)
2026-08-14T04:14:58.899Z App feature event (Surface: 1746296019, Operation: browserListRefreshSucceeded, Duration: 60 ms, Count: 0)
2026-08-14T04:14:58.919Z App feature event (Surface: 3137870442, Operation: pairedMacBackupWriteSucceeded)
2026-08-14T04:14:58.919Z App feature event (Surface: 1334961165, Operation: pairedMacStoreWriteSucceeded, Duration: 80 ms)
2026-08-14T04:14:58.919Z App feature event (Surface: 1334961165, Operation: computerRoutesUpdated, Duration: 80 ms, Count: 1)
2026-08-14T04:14:58.931Z [    4.939] sync.transport=render_grid
2026-08-14T04:14:58.931Z App feature event (Surface: 1334961165, Operation: notificationFeedLoadStarted)
2026-08-14T04:14:59.020Z App feature event (Operation: terminalStreamSubscribed, Count: 16)
2026-08-14T04:14:59.020Z App feature event (Surface: 1334961165, Operation: workspaceStateSyncStarted)
2026-08-14T04:14:59.021Z App feature event (Surface: 1334961165, Operation: notificationFeedLoadSucceeded, Duration: 89 ms, Count: 0)
2026-08-14T04:14:59.021Z [    5.040] sync.subscribe_ok topics=16 transport=renderGrid
2026-08-14T04:14:59.080Z App feature event (Surface: 1334961165, Operation: workspaceStateSyncSucceeded, Count: 1)
2026-08-14T04:14:59.091Z App feature event (Operation: notificationBadgeReconciled, Count: 0)
2026-08-14T04:14:59.091Z App feature event (Operation: notificationBadgeReconciled, Duration: 70 ms, Count: 0)
2026-08-14T04:14:59.091Z [    5.111] notif.reconcile delivered=0 handled=0 unread=0
2026-08-14T04:14:59.347Z App feature event (Operation: changesSummaryLoadStarted, Count: 1)
2026-08-14T04:14:59.416Z App feature event (Operation: changesSummaryLoadSucceeded, Duration: 69 ms, Count: 1)
2026-08-14T04:14:59.416Z [    5.435] changes.summary ok requested=1 summaries=1 chips=0 sample=- reqSample=96741731
2026-08-14T04:15:07.634Z App feature event (Operation: pairedMacStoreOpened)
2026-08-14T04:15:07.656Z App feature event (Operation: appBecameInactive)
2026-08-14T04:15:07.656Z App lifecycle changed (Phase: Inactive)
2026-08-14T04:15:09.347Z [   15.367] sync.liveness probe_ok silentMs=10499
2026-08-14T04:15:10.235Z App feature event (Operation: pairedMacStoreOpened)
2026-08-14T04:15:10.266Z App feature event (Operation: appForegrounded)
2026-08-14T04:15:10.266Z App lifecycle changed (Phase: Active)
2026-08-14T04:15:10.269Z App feature event (Operation: authRevalidationStarted)
2026-08-14T04:15:10.608Z Composer activation changed (Composer active: Yes, First responder: None, Keyboard height: 0 points, Terminal input focused: No)
2026-08-14T04:15:10.651Z App feature event (Surface: 1746296019, Operation: chatSessionListLoadStarted)
2026-08-14T04:15:10.651Z App feature event (Surface: 1746296019, Operation: browserListRefreshStarted)
2026-08-14T04:15:10.651Z App feature event (Surface: 1746296019, Operation: workspaceOpenStarted)
2026-08-14T04:15:10.651Z App feature event (Surface: 1746296019, Operation: workspaceOpenSucceeded, Duration: 0 ms, Count: 1)
2026-08-14T04:15:10.686Z Composer appeared
2026-08-14T04:15:10.716Z [   16.628] composer.toggle active=true keyboardHeight=0 occInBounds=0 barHidden=false barY=0 barH=36 boundsH=700
2026-08-14T04:15:10.716Z App feature event (Surface: 1746296019, Operation: browserListRefreshSucceeded, Duration: 65 ms, Count: 0)
2026-08-14T04:15:10.716Z [   16.645] surface.layout bounds=402x700 window=false
2026-08-14T04:15:10.718Z [   16.645] surface.occlusion visible=false window=false hidden=false alpha=1.0
2026-08-14T04:15:10.719Z [   16.671] changes.hint eval ws=96741731 capable=true files=-1 dismissed=false shown=false
2026-08-14T04:15:10.719Z [   16.684] surface.didMoveToWindow window=true
2026-08-14T04:15:10.719Z [   16.684] surface.occlusion visible=true window=true hidden=false alpha=1.0
2026-08-14T04:15:10.719Z [   16.709] surface.layout bounds=440x836 window=true
2026-08-14T04:15:10.719Z [   16.709] surface.occlusion visible=true window=true hidden=false alpha=1.0
2026-08-14T04:15:10.719Z [   16.733] surface.layout bounds=440x836 window=true
2026-08-14T04:15:10.719Z [   16.733] surface.occlusion visible=true window=true hidden=false alpha=1.0
2026-08-14T04:15:10.719Z [   16.735] runtime.tick
2026-08-14T04:15:10.719Z [   16.735] scroll.bar total=17 offset=0 len=17
2026-08-14T04:15:10.719Z [   16.736] tick.alive win=true suspended=false renderInFlight=false needsDraw=true contents=false surf=0x0 sinceOutput=-1ms
2026-08-14T04:15:10.719Z [   16.738] runtime.tick
2026-08-14T04:15:10.719Z [   16.738] scroll.bar total=61 offset=0 len=61
2026-08-14T04:15:10.719Z [   16.738] geom container=440x714 scale=3.0 cellPx=18x35 natural=72x61 eff=nil pinned=nil renderRect=440x714@0
2026-08-14T04:15:10.719Z [   16.738] zoom.autofit.deferred kbAnim=0 pendingReport=0 awaitingEcho=0 reportGrid=72x61 lastReported=nil
2026-08-14T04:15:10.726Z [   16.744] surface.layout bounds=440x836 window=true
2026-08-14T04:15:10.726Z [   16.745] surface.occlusion visible=true window=true hidden=false alpha=1.0
2026-08-14T04:15:10.726Z [   16.746] runtime.tick
2026-08-14T04:15:10.742Z [   16.761] geom container=440x714 scale=3.0 cellPx=18x35 natural=72x61 eff=nil pinned=nil renderRect=440x714@0
2026-08-14T04:15:10.742Z [   16.762] zoom.autofit.deferred kbAnim=0 pendingReport=1 awaitingEcho=0 reportGrid=72x61 lastReported=72x61
2026-08-14T04:15:10.770Z App feature event (Surface: 1746296019, Operation: chatSessionListLoadSucceeded, Duration: 118 ms, Count: 0)
2026-08-14T04:15:10.858Z App feature event (Surface: 1171528660, Operation: terminalViewportChanged, Count: 4392)
2026-08-14T04:15:10.858Z [   16.878] zoom.report grid=72x61 id=1
2026-08-14T04:15:10.858Z App feature event (Surface: 1171528660, Operation: terminalMounted)
2026-08-14T04:15:10.859Z App feature event (Surface: 1171528660, Operation: terminalReplayStarted)
2026-08-14T04:15:10.859Z [   16.879] CMUX_REPLAY stale_request_failed surface=33CE8C50-813F-4841-9EDE-EC9FAB3941D7
2026-08-14T04:15:10.925Z [   16.944] geom container=440x714 scale=3.0 cellPx=18x35 natural=72x61 eff=nil pinned=nil renderRect=440x714@0
2026-08-14T04:15:10.927Z [   16.945] zoom.autofit.deferred kbAnim=0 pendingReport=0 awaitingEcho=1 reportGrid=72x61 lastReported=72x61
2026-08-14T04:15:10.946Z App feature event (Surface: 1171528660, Operation: terminalArtifactListLoaded, Duration: 86 ms, Count: 0)
2026-08-14T04:15:10.992Z App feature event (Surface: 1171528660, Operation: terminalReplayStarted)
2026-08-14T04:15:10.992Z App feature event (Surface: 1171528660, Operation: terminalViewportReportSucceeded, Count: 4392)
2026-08-14T04:15:10.992Z [   17.006] surface.layout bounds=440x802 window=true
2026-08-14T04:15:10.992Z [   17.006] surface.occlusion visible=true window=true hidden=false alpha=1.0
2026-08-14T04:15:10.993Z [   17.011] surface.layout bounds=440x802 window=true
2026-08-14T04:15:10.993Z [   17.011] surface.occlusion visible=true window=true hidden=false alpha=1.0
2026-08-14T04:15:10.993Z [   17.011] geom.deferShrink container=440x396 applied=440x714
2026-08-14T04:15:10.993Z [   17.011] terminal.output.viewport_resync surface=33CE8C50-813F-4841-9EDE-EC9FAB3941D7 grid=72x61
2026-08-14T04:15:10.993Z [   17.012] runtime.tick
2026-08-14T04:15:10.993Z [   17.012] geom container=440x396 scale=3.0 cellPx=18x35 natural=72x61 eff=nil pinned=nil renderRect=440x714@0
2026-08-14T04:15:10.993Z [   17.012] zoom.autofit.deferred kbAnim=0 pendingReport=0 awaitingEcho=1 reportGrid=72x33 lastReported=72x61
2026-08-14T04:15:11.008Z [   17.028] geom.deferShrink container=440x396 applied=440x714
2026-08-14T04:15:11.008Z [   17.028] geom container=440x396 scale=3.0 cellPx=18x35 natural=72x61 eff=nil pinned=nil renderRect=440x714@0
2026-08-14T04:15:11.008Z [   17.028] zoom.autofit.deferred kbAnim=0 pendingReport=1 awaitingEcho=0 reportGrid=72x33 lastReported=72x33
2026-08-14T04:15:11.076Z App feature event (Surface: 1171528660, Operation: terminalOutputReceived, Count: 11263)
2026-08-14T04:15:11.076Z App feature event (Surface: 1171528660, Operation: terminalThemeChanged)
2026-08-14T04:15:11.082Z [   17.096] terminal.output.drop_replay_barrier surface=33CE8C50-813F-4841-9EDE-EC9FAB3941D7 count=1
2026-08-14T04:15:11.122Z App feature event (Surface: 1171528660, Operation: terminalAlternateScreenChanged, Count: 0)
2026-08-14T04:15:11.122Z App feature event (Surface: 1171528660, Operation: terminalReplaySucceeded, Duration: 130 ms, Count: 16)
2026-08-14T04:15:11.124Z [   17.141] CMUX_REPLAY render_grid surface=33CE8C50-813F-4841-9EDE-EC9FAB3941D7 spans=16 seq=732
2026-08-14T04:15:11.126Z [   17.144] zoom.report grid=72x33 id=2
2026-08-14T04:15:11.126Z App feature event (Surface: 1171528660, Operation: terminalViewportChanged, Count: 2376)
2026-08-14T04:15:11.162Z [   17.182] verified_replay.freeze transaction=1 contents=true
2026-08-14T04:15:11.162Z [   17.182] zoom.applyViewSize eff=nil->72x61
2026-08-14T04:15:11.162Z [   17.182] geom.deferShrink container=440x396 applied=440x714
2026-08-14T04:15:11.162Z [   17.182] geom container=440x396 scale=3.0 cellPx=18x35 natural=72x61 eff=72x61 pinned=nil renderRect=440x714@0
2026-08-14T04:15:11.162Z [   17.182] zoom.autofit.deferred kbAnim=0 pendingReport=0 awaitingEcho=1 reportGrid=72x33 lastReported=72x33
2026-08-14T04:15:11.165Z [   17.185] runtime.tick
2026-08-14T04:15:11.166Z [   17.186] runtime.tick
2026-08-14T04:15:11.166Z [   17.186] runtime.tick
2026-08-14T04:15:11.166Z [   17.186] runtime.tick
2026-08-14T04:15:11.167Z [   17.186] runtime.tick
2026-08-14T04:15:11.167Z [   17.186] runtime.tick
2026-08-14T04:15:11.167Z [   17.187] surface.layers reason=processOutput host=CAMetalLayer bounds=(0.0, 0.0, 440.0, 802.0) frame=(0.0, 0.0, 440.0, 802.0) contentsScale=3.0 children=[0:CALayer bounds=(0.0, 0.0, 440.0, 396.0) frame=(0.0, 0.0, 440.0, 396.0) hidden=true contents=false scale=1.0 | 1:CALayer bounds=(0.0, 499650.0, 440.0, 802.0) frame=(0.0, 0.0, 440.0, 802.0) hidden=false contents=false scale=1.0 | 2:CALayer bounds=(0.0, 0.0, 440.0, 1.0) frame=(0.0, 0.0, 440.0, 1.0) hidden=false contents=false scale=1.0 | 3:CALayer bounds=(0.0, 0.0, 440.0, 802.0) frame=(0.0, 0.0, 440.0, 802.0) hidden=false contents=false scale=1.0] fallbackHidden=true fallbackChars=0
2026-08-14T04:15:11.171Z App feature event (Operation: authRevalidationSucceeded)
2026-08-14T04:15:11.177Z [   17.195] surface.layout bounds=440x802 window=true
2026-08-14T04:15:11.177Z [   17.195] surface.occlusion visible=true window=true hidden=false alpha=1.0
2026-08-14T04:15:11.177Z [   17.197] runtime.tick
2026-08-14T04:15:11.188Z App feature event (Surface: 1171528660, Operation: terminalReplayStarted)
2026-08-14T04:15:11.188Z App feature event (Surface: 1171528660, Operation: terminalViewportReportSucceeded, Count: 2376)
2026-08-14T04:15:11.189Z [   17.208] terminal.output.viewport_resync surface=33CE8C50-813F-4841-9EDE-EC9FAB3941D7 grid=72x33
2026-08-14T04:15:11.189Z [   17.209] zoom.applyViewSize eff=72x61->72x33
2026-08-14T04:15:11.202Z App feature event (Surface: 1171528660, Operation: terminalArtifactListLoaded, Duration: 75 ms, Count: 0)
2026-08-14T04:15:11.203Z [   17.222] geom container=440x396 scale=3.0 cellPx=18x36 natural=72x33 eff=72x33 pinned=nil renderRect=440x396@0
2026-08-14T04:15:11.203Z [   17.222] zoom.autofit.deferred kbAnim=0 pendingReport=0 awaitingEcho=0 reportGrid=72x33 lastReported=72x33
2026-08-14T04:15:11.209Z [   17.228] surface.layout bounds=440x802 window=true
2026-08-14T04:15:11.209Z [   17.228] surface.occlusion visible=true window=true hidden=false alpha=1.0
2026-08-14T04:15:11.221Z [   17.240] geom container=440x396 scale=3.0 cellPx=18x36 natural=72x33 eff=72x33 pinned=nil renderRect=440x396@0
2026-08-14T04:15:11.221Z [   17.240] zoom.autofit.deferred kbAnim=0 pendingReport=1 awaitingEcho=0 reportGrid=72x33 lastReported=72x33
2026-08-14T04:15:11.248Z [   17.267] terminal.output.drop_replay_barrier surface=33CE8C50-813F-4841-9EDE-EC9FAB3941D7 count=1
2026-08-14T04:15:11.282Z App feature event (Surface: 1171528660, Operation: terminalArtifactListLoaded, Duration: 78 ms, Count: 0)
2026-08-14T04:15:11.282Z App feature event (Surface: 1171528660, Operation: terminalReplaySucceeded, Duration: 94 ms, Count: 16)
2026-08-14T04:15:11.282Z [   17.302] CMUX_REPLAY render_grid surface=33CE8C50-813F-4841-9EDE-EC9FAB3941D7 spans=16 seq=1464
2026-08-14T04:15:11.283Z [   17.303] runtime.tick
2026-08-14T04:15:11.283Z [   17.303] runtime.tick
2026-08-14T04:15:11.283Z [   17.303] runtime.tick
2026-08-14T04:15:11.283Z [   17.303] runtime.tick
2026-08-14T04:15:11.283Z [   17.303] runtime.tick
2026-08-14T04:15:11.284Z [   17.304] runtime.tick
2026-08-14T04:15:11.285Z [   17.304] scroll.bar total=33 offset=0 len=33
2026-08-14T04:15:11.309Z App feature event (Surface: 1171528660, Operation: terminalReplayStarted)
2026-08-14T04:15:11.309Z [   17.328] zoom.report grid=72x33 id=3
2026-08-14T04:15:11.309Z [   17.328] verified_replay.reveal transaction=2
2026-08-14T04:15:11.309Z [   17.329] terminal.output.replay_barrier_cleared surface=33CE8C50-813F-4841-9EDE-EC9FAB3941D7
2026-08-14T04:15:11.309Z [   17.329] terminal.output.replay_followup surface=33CE8C50-813F-4841-9EDE-EC9FAB3941D7
2026-08-14T04:15:11.326Z [   17.345] surface.layout bounds=440x802 window=true
2026-08-14T04:15:11.326Z [   17.345] surface.occlusion visible=true window=true hidden=false alpha=1.0
2026-08-14T04:15:11.326Z [   17.345] runtime.tick
2026-08-14T04:15:11.343Z [   17.363] geom container=440x396 scale=3.0 cellPx=18x36 natural=72x33 eff=72x33 pinned=nil renderRect=440x396@0
2026-08-14T04:15:11.343Z [   17.363] zoom.autofit.deferred kbAnim=0 pendingReport=0 awaitingEcho=1 reportGrid=72x33 lastReported=72x33
2026-08-14T04:15:11.371Z App feature event (Surface: 1171528660, Operation: terminalViewportReportSucceeded, Count: 2376)
2026-08-14T04:15:11.371Z App feature event (Surface: 1171528660, Operation: terminalReplayFailed, Failure: Protocol violation, Duration: 62 ms)
2026-08-14T04:15:11.372Z App feature event (Surface: 1171528660, Operation: terminalReplayRetried)
2026-08-14T04:15:11.372Z App feature event (Surface: 1171528660, Operation: terminalReplayStarted)
2026-08-14T04:15:11.372Z [   17.391] CMUX_REPLAY retry_after_failure surface=33CE8C50-813F-4841-9EDE-EC9FAB3941D7 attempt=1
2026-08-14T04:15:11.376Z [   17.395] geom container=440x396 scale=3.0 cellPx=18x36 natural=72x33 eff=72x33 pinned=nil renderRect=440x396@0
2026-08-14T04:15:11.461Z App feature event (Surface: 1171528660, Operation: terminalReplaySucceeded, Duration: 89 ms, Count: 16)
2026-08-14T04:15:11.461Z [   17.480] CMUX_REPLAY render_grid surface=33CE8C50-813F-4841-9EDE-EC9FAB3941D7 spans=16 seq=1464
2026-08-14T04:15:11.467Z App feature event (Surface: 1171528660, Operation: terminalArtifactListLoaded, Duration: 56 ms, Count: 0)
2026-08-14T04:15:11.521Z [   17.528] verified_replay.freeze transaction=3 contents=true
2026-08-14T04:15:11.522Z [   17.539] surface.layout bounds=440x802 window=true
2026-08-14T04:15:11.522Z [   17.539] surface.occlusion visible=true window=true hidden=false alpha=1.0
2026-08-14T04:15:11.522Z [   17.541] runtime.tick
2026-08-14T04:15:11.522Z [   17.542] runtime.tick
2026-08-14T04:15:11.522Z [   17.542] runtime.tick
2026-08-14T04:15:11.522Z [   17.542] runtime.tick
2026-08-14T04:15:11.522Z [   17.542] runtime.tick
2026-08-14T04:15:11.522Z [   17.542] runtime.tick
2026-08-14T04:15:11.525Z [   17.545] geom container=440x396 scale=3.0 cellPx=18x36 natural=72x33 eff=72x33 pinned=nil renderRect=440x396@0
2026-08-14T04:15:11.559Z [   17.579] verified_replay.reveal transaction=3
2026-08-14T04:15:11.559Z [   17.579] terminal.output.replay_barrier_cleared surface=33CE8C50-813F-4841-9EDE-EC9FAB3941D7
2026-08-14T04:15:11.576Z [   17.595] surface.layout bounds=440x802 window=true
2026-08-14T04:15:11.576Z [   17.596] surface.occlusion visible=true window=true hidden=false alpha=1.0
2026-08-14T04:15:11.576Z [   17.596] runtime.tick
2026-08-14T04:15:11.592Z [   17.612] geom container=440x396 scale=3.0 cellPx=18x36 natural=72x33 eff=72x33 pinned=nil renderRect=440x396@0
2026-08-14T04:15:11.735Z App feature event (Surface: 1171528660, Operation: terminalArtifactListLoaded, Duration: 92 ms, Count: 0)
2026-08-14T04:15:12.523Z [   18.543] runtime.tick
2026-08-14T04:15:12.725Z [   18.745] tick.alive win=true suspended=false renderInFlight=false needsDraw=false contents=true surf=440x396 sinceOutput=1202ms
2026-08-14T04:15:14.725Z [   20.745] tick.alive win=true suspended=false renderInFlight=false needsDraw=false contents=true surf=440x396 sinceOutput=3203ms
2026-08-14T04:15:15.082Z App feature event (Operation: changesSummaryLoadStarted, Count: 1)
2026-08-14T04:15:15.154Z App feature event (Operation: changesSummaryLoadSucceeded, Duration: 72 ms, Count: 1)
2026-08-14T04:15:15.154Z [   21.174] changes.summary ok requested=1 summaries=1 chips=0 sample=- reqSample=96741731
2026-08-14T04:15:16.726Z [   22.745] tick.alive win=true suspended=false renderInFlight=false needsDraw=false contents=true surf=440x396 sinceOutput=5203ms
2026-08-14T04:15:18.726Z [   24.745] tick.alive win=true suspended=false renderInFlight=false needsDraw=false contents=true surf=440x396 sinceOutput=7203ms
2026-08-14T04:15:20.726Z [   26.745] tick.alive win=true suspended=false renderInFlight=false needsDraw=false contents=true surf=440x396 sinceOutput=9203ms
2026-08-14T04:15:21.832Z [   27.852] sync.liveness probe_ok silentMs=10522
2026-08-14T04:15:22.726Z [   28.746] tick.alive win=true suspended=false renderInFlight=false needsDraw=false contents=true surf=440x396 sinceOutput=11203ms
2026-08-14T04:15:24.726Z [   30.746] tick.alive win=true suspended=false renderInFlight=false needsDraw=false contents=true surf=440x396 sinceOutput=13203ms
2026-08-14T04:15:26.726Z [   32.746] tick.alive win=true suspended=false renderInFlight=false needsDraw=false contents=true surf=440x396 sinceOutput=15204ms
2026-08-14T04:15:28.727Z [   34.746] tick.alive win=true suspended=false renderInFlight=false needsDraw=false contents=true surf=440x396 sinceOutput=17204ms
2026-08-14T04:15:30.727Z [   36.746] tick.alive win=true suspended=false renderInFlight=false needsDraw=false contents=true surf=440x396 sinceOutput=19204ms
2026-08-14T04:15:31.839Z [   37.858] sync.liveness probe_ok silentMs=9938
2026-08-14T04:15:32.727Z [   38.747] tick.alive win=true suspended=false renderInFlight=false needsDraw=false contents=true surf=440x396 sinceOutput=21204ms
2026-08-14T04:15:34.727Z [   40.747] tick.alive win=true suspended=false renderInFlight=false needsDraw=false contents=true surf=440x396 sinceOutput=23204ms
2026-08-14T04:15:36.727Z [   42.747] tick.alive win=true suspended=false renderInFlight=false needsDraw=false contents=true surf=440x396 sinceOutput=25205ms
2026-08-14T04:15:37.461Z App feature event (Operation: pairedMacStoreOpened)
2026-08-14T04:15:37.486Z App feature event (Surface: 1171528660, Operation: terminalViewportClearStarted)
2026-08-14T04:15:37.507Z App feature event (Operation: appBecameInactive)
2026-08-14T04:15:37.507Z App lifecycle changed (Phase: Inactive)
2026-08-14T04:15:37.514Z [   43.533] composer.keyboardHideWhilePresented prevKeyboardHeight=318 frOwner=2 proxyIsFR=1
2026-08-14T04:15:37.515Z [   43.534] runtime.tick
2026-08-14T04:15:37.534Z [   43.552] surface.layout bounds=440x836 window=true
2026-08-14T04:15:37.535Z [   43.552] surface.occlusion visible=true window=true hidden=false alpha=1.0
2026-08-14T04:15:37.535Z [   43.554] geom container=440x714 scale=3.0 cellPx=18x35 natural=72x61 eff=72x33 pinned=440x386 renderRect=440x386@0
2026-08-14T04:15:37.536Z [   43.554] zoom.autofit.deferred kbAnim=1 pendingReport=0 awaitingEcho=0 reportGrid=72x61 lastReported=72x33
2026-08-14T04:15:37.536Z [   43.554] geom container=440x714 scale=3.0 cellPx=18x35 natural=72x61 eff=72x33 pinned=440x386 renderRect=440x386@0
2026-08-14T04:15:37.536Z [   43.554] zoom.autofit.deferred kbAnim=1 pendingReport=1 awaitingEcho=0 reportGrid=72x61 lastReported=72x61
2026-08-14T04:15:37.536Z [   43.554] geom container=440x714 scale=3.0 cellPx=18x35 natural=72x61 eff=72x33 pinned=440x386 renderRect=440x386@0
2026-08-14T04:15:37.536Z [   43.554] zoom.autofit.deferred kbAnim=1 pendingReport=1 awaitingEcho=0 reportGrid=72x61 lastReported=72x61
2026-08-14T04:15:37.536Z [   43.555] surface.layout bounds=440x836 window=true
2026-08-14T04:15:37.536Z [   43.555] surface.occlusion visible=true window=true hidden=false alpha=1.0
2026-08-14T04:15:37.536Z [   43.556] geom container=440x714 scale=3.0 cellPx=18x35 natural=72x61 eff=72x33 pinned=440x386 renderRect=440x386@0
2026-08-14T04:15:37.536Z [   43.556] zoom.autofit.deferred kbAnim=1 pendingReport=1 awaitingEcho=0 reportGrid=72x61 lastReported=72x61
2026-08-14T04:15:37.575Z App feature event (Surface: 1171528660, Operation: terminalViewportClearSucceeded)
2026-08-14T04:15:38.837Z App feature event (Operation: pairedMacStoreOpened)
2026-08-14T04:15:38.862Z App feature event (Operation: appForegrounded)
2026-08-14T04:15:38.862Z App lifecycle changed (Phase: Active)
2026-08-14T04:15:38.865Z App feature event (Operation: authRevalidationStarted)
2026-08-14T04:15:38.890Z [   44.877] tick.alive win=true suspended=false renderInFlight=false needsDraw=true contents=true surf=440x386 sinceOutput=27335ms
2026-08-14T04:15:38.890Z [   44.906] surface.layout bounds=440x836 window=true
2026-08-14T04:15:38.891Z [   44.906] surface.occlusion visible=true window=true hidden=false alpha=1.0
2026-08-14T04:15:38.891Z [   44.910] geom container=440x714 scale=3.0 cellPx=18x35 natural=72x61 eff=72x33 pinned=440x386 renderRect=440x386@0
2026-08-14T04:15:38.891Z [   44.910] zoom.autofit.deferred kbAnim=0 pendingReport=1 awaitingEcho=0 reportGrid=72x61 lastReported=72x61
2026-08-14T04:15:38.891Z [   44.910] runtime.tick
2026-08-14T04:15:38.891Z [   44.910] scroll.bar total=33 offset=0 len=33
2026-08-14T04:15:38.891Z [   44.910] runtime.tick
2026-08-14T04:15:38.891Z [   44.911] geom container=440x714 scale=3.0 cellPx=18x35 natural=72x61 eff=72x33 pinned=440x386 renderRect=440x386@0
2026-08-14T04:15:38.891Z [   44.911] zoom.autofit.deferred kbAnim=0 pendingReport=1 awaitingEcho=0 reportGrid=72x61 lastReported=72x61
2026-08-14T04:15:38.892Z [   44.912] runtime.tick
2026-08-14T04:15:38.892Z [   44.912] scroll.bar total=33 offset=0 len=33
2026-08-14T04:15:39.019Z App feature event (Surface: 1171528660, Operation: terminalViewportChanged, Count: 4392)
2026-08-14T04:15:39.021Z [   45.039] zoom.report grid=72x61 id=4
2026-08-14T04:15:39.021Z App feature event (Surface: 1171528660, Operation: terminalMounted)
2026-08-14T04:15:39.021Z App feature event (Surface: 1171528660, Operation: terminalReplayStarted)
2026-08-14T04:15:39.022Z [   45.042] CMUX_REPLAY stale_request_failed surface=33CE8C50-813F-4841-9EDE-EC9FAB3941D7
2026-08-14T04:15:39.088Z App feature event (Surface: 1171528660, Operation: terminalArtifactListLoaded, Duration: 65 ms, Count: 0)
2026-08-14T04:15:39.088Z App feature event (Surface: 1171528660, Operation: terminalReplayStarted)
2026-08-14T04:15:39.088Z App feature event (Surface: 1171528660, Operation: terminalViewportReportSucceeded, Count: 4392)
2026-08-14T04:15:39.088Z [   45.107] terminal.output.viewport_resync surface=33CE8C50-813F-4841-9EDE-EC9FAB3941D7 grid=72x61
2026-08-14T04:15:39.104Z [   45.123] runtime.tick
2026-08-14T04:15:39.104Z [   45.123] scroll.bar total=33 offset=0 len=33
2026-08-14T04:15:39.104Z [   45.123] geom container=440x714 scale=3.0 cellPx=18x35 natural=72x61 eff=72x33 pinned=440x386 renderRect=440x386@328
2026-08-14T04:15:39.104Z [   45.123] zoom.autofit eff=72x33 baseGrid=72x61 rendered=61 font 10.0->18.345865
2026-08-14T04:15:39.104Z [   45.123] zoom.absolute target=18.345865 clamped=18.345865 live=10.0
2026-08-14T04:15:39.104Z [   45.123] runtime.tick
2026-08-14T04:15:39.104Z [   45.123] runtime.tick
2026-08-14T04:15:39.119Z [   45.139] zoom.apply 18.345865 eff=72x33
2026-08-14T04:15:39.123Z [   45.142] runtime.tick
2026-08-14T04:15:39.125Z [   45.145] runtime.tick
2026-08-14T04:15:39.125Z [   45.145] scroll.bar total=18 offset=0 len=18
2026-08-14T04:15:39.139Z App feature event (Surface: 1171528660, Operation: terminalOutputReceived, Count: 10131)
2026-08-14T04:15:39.140Z [   45.159] terminal.output.drop_replay_barrier surface=33CE8C50-813F-4841-9EDE-EC9FAB3941D7 count=1
2026-08-14T04:15:39.173Z App feature event (Surface: 1171528660, Operation: terminalReplaySucceeded, Duration: 85 ms, Count: 11)
2026-08-14T04:15:39.173Z [   45.192] CMUX_REPLAY render_grid surface=33CE8C50-813F-4841-9EDE-EC9FAB3941D7 spans=11 seq=2928
2026-08-14T04:15:39.208Z App feature event (Surface: 1171528660, Operation: terminalReplayStarted)
2026-08-14T04:15:39.208Z [   45.228] verified_replay.freeze transaction=13 contents=true
2026-08-14T04:15:39.209Z [   45.228] CMUX_REPLAY retry_after_failure surface=33CE8C50-813F-4841-9EDE-EC9FAB3941D7 attempt=1
2026-08-14T04:15:39.209Z [   45.228] terminal.output.reset_replay_ack surface=33CE8C50-813F-4841-9EDE-EC9FAB3941D7
2026-08-14T04:15:39.223Z [   45.240] surface.layout bounds=440x836 window=true
2026-08-14T04:15:39.223Z [   45.240] surface.occlusion visible=true window=true hidden=false alpha=1.0
2026-08-14T04:15:39.223Z [   45.242] geom container=440x714 scale=3.0 cellPx=33x64 natural=39x33 eff=72x33 pinned=nil renderRect=440x714@0
2026-08-14T04:15:39.223Z [   45.243] zoom.autofit.deferred kbAnim=0 pendingReport=0 awaitingEcho=0 reportGrid=71x60 lastReported=72x61
2026-08-14T04:15:39.223Z [   45.243] runtime.tick
2026-08-14T04:15:39.239Z [   45.256] surface.layout bounds=440x836 window=true
2026-08-14T04:15:39.239Z [   45.256] surface.occlusion visible=true window=true hidden=false alpha=1.0
2026-08-14T04:15:39.239Z [   45.259] geom container=440x714 scale=3.0 cellPx=33x64 natural=39x33 eff=72x33 pinned=nil renderRect=440x714@0
2026-08-14T04:15:39.239Z [   45.259] zoom.autofit.deferred kbAnim=0 pendingReport=1 awaitingEcho=0 reportGrid=71x60 lastReported=71x60
2026-08-14T04:15:39.254Z [   45.273] geom container=440x714 scale=3.0 cellPx=33x64 natural=39x33 eff=72x33 pinned=nil renderRect=440x714@0
2026-08-14T04:15:39.254Z [   45.274] zoom.autofit.deferred kbAnim=0 pendingReport=1 awaitingEcho=0 reportGrid=71x60 lastReported=71x60
2026-08-14T04:15:39.304Z App feature event (Surface: 1171528660, Operation: terminalReplaySucceeded, Duration: 95 ms, Count: 11)
2026-08-14T04:15:39.305Z [   45.323] CMUX_REPLAY render_grid surface=33CE8C50-813F-4841-9EDE-EC9FAB3941D7 spans=11 seq=2928
2026-08-14T04:15:39.305Z App feature event (Surface: 1171528660, Operation: terminalReplayStarted)
2026-08-14T04:15:39.305Z [   45.325] CMUX_REPLAY retry_after_failure surface=33CE8C50-813F-4841-9EDE-EC9FAB3941D7 attempt=2
2026-08-14T04:15:39.305Z [   45.325] terminal.output.reset_replay_ack surface=33CE8C50-813F-4841-9EDE-EC9FAB3941D7
2026-08-14T04:15:39.386Z [   45.406] zoom.report grid=71x60 id=5
2026-08-14T04:15:39.386Z App feature event (Surface: 1171528660, Operation: terminalViewportChanged, Count: 4260)
2026-08-14T04:15:39.387Z [   45.406] CMUX_REPLAY stale_request_failed surface=33CE8C50-813F-4841-9EDE-EC9FAB3941D7
2026-08-14T04:15:39.459Z App feature event (Surface: 1171528660, Operation: terminalArtifactListLoaded, Duration: 71 ms, Count: 0)
2026-08-14T04:15:39.459Z App feature event (Surface: 1171528660, Operation: terminalReplayStarted)
2026-08-14T04:15:39.459Z App feature event (Surface: 1171528660, Operation: terminalViewportReportSucceeded, Count: 4260)
2026-08-14T04:15:39.459Z [   45.479] terminal.output.viewport_resync surface=33CE8C50-813F-4841-9EDE-EC9FAB3941D7 grid=71x60
2026-08-14T04:15:39.465Z App feature event (Operation: authRevalidationSucceeded)
2026-08-14T04:15:39.470Z [   45.490] geom container=440x714 scale=3.0 cellPx=33x64 natural=39x33 eff=72x33 pinned=nil renderRect=440x714@0
2026-08-14T04:15:39.513Z [   45.532] terminal.output.drop_replay_barrier surface=33CE8C50-813F-4841-9EDE-EC9FAB3941D7 count=1
2026-08-14T04:15:39.543Z App feature event (Surface: 1171528660, Operation: terminalReplaySucceeded, Duration: 84 ms, Count: 11)
2026-08-14T04:15:39.543Z [   45.562] CMUX_REPLAY render_grid surface=33CE8C50-813F-4841-9EDE-EC9FAB3941D7 spans=11 seq=3660
2026-08-14T04:15:39.544Z App feature event (Surface: 1171528660, Operation: terminalReplayStarted)
2026-08-14T04:15:39.544Z [   45.563] CMUX_REPLAY retry_after_failure surface=33CE8C50-813F-4841-9EDE-EC9FAB3941D7 attempt=1
2026-08-14T04:15:39.544Z [   45.563] terminal.output.reset_replay_ack surface=33CE8C50-813F-4841-9EDE-EC9FAB3941D7
2026-08-14T04:15:39.630Z App feature event (Surface: 1171528660, Operation: terminalReplaySucceeded, Duration: 86 ms, Count: 11)
2026-08-14T04:15:39.630Z [   45.649] CMUX_REPLAY render_grid surface=33CE8C50-813F-4841-9EDE-EC9FAB3941D7 spans=11 seq=3660
2026-08-14T04:15:39.630Z App feature event (Surface: 1171528660, Operation: terminalReplayStarted)
2026-08-14T04:15:39.630Z [   45.650] CMUX_REPLAY retry_after_failure surface=33CE8C50-813F-4841-9EDE-EC9FAB3941D7 attempt=2
2026-08-14T04:15:39.630Z [   45.650] terminal.output.reset_replay_ack surface=33CE8C50-813F-4841-9EDE-EC9FAB3941D7
2026-08-14T04:15:39.707Z App feature event (Surface: 1171528660, Operation: terminalReplaySucceeded, Duration: 77 ms, Count: 11)
2026-08-14T04:15:39.707Z [   45.726] CMUX_REPLAY render_grid surface=33CE8C50-813F-4841-9EDE-EC9FAB3941D7 spans=11 seq=3660
2026-08-14T04:15:39.708Z [   45.727] CMUX_REPLAY retry_exhausted surface=33CE8C50-813F-4841-9EDE-EC9FAB3941D7 attempts=2
2026-08-14T04:15:39.708Z [   45.727] terminal.output.replay_barrier_fail_open surface=33CE8C50-813F-4841-9EDE-EC9FAB3941D7 reason=retry_exhausted
2026-08-14T04:15:40.793Z App feature event (Surface: 1171528660, Operation: terminalZoomChanged, Action: stepDecrease)
2026-08-14T04:15:40.799Z [   46.793] zoom.queue dir=decrease 18.345865->17.345865 live=18.345865
2026-08-14T04:15:40.800Z [   46.813] zoom.apply 17.345865 eff=72x33
2026-08-14T04:15:40.800Z [   46.814] surface.layout bounds=440x836 window=true
2026-08-14T04:15:40.800Z [   46.814] surface.occlusion visible=true window=true hidden=false alpha=1.0
2026-08-14T04:15:40.800Z [   46.820] geom container=440x714 scale=3.0 cellPx=31x61 natural=42x35 eff=72x33 pinned=440x673 renderRect=440x673@41
2026-08-14T04:15:40.800Z [   46.820] zoom.autofit.deferred kbAnim=0 pendingReport=0 awaitingEcho=0 reportGrid=42x34 lastReported=71x60
2026-08-14T04:15:40.804Z App feature event (Surface: 1171528660, Operation: terminalZoomChanged, Action: stepDecrease)
2026-08-14T04:15:40.806Z [   46.822] zoom.queue dir=decrease 17.345865->16.345865 live=17.345865
2026-08-14T04:15:40.806Z [   46.823] zoom.apply 16.345865 eff=72x33
2026-08-14T04:15:40.806Z [   46.824] surface.layout bounds=440x836 window=true
2026-08-14T04:15:40.806Z [   46.824] surface.occlusion visible=true window=true hidden=false alpha=1.0
2026-08-14T04:15:40.822Z [   46.841] geom container=440x714 scale=3.0 cellPx=30x57 natural=43x37 eff=72x33 pinned=440x636 renderRect=440x636@0
2026-08-14T04:15:40.822Z [   46.841] zoom.autofit.deferred kbAnim=0 pendingReport=1 awaitingEcho=0 reportGrid=43x37 lastReported=42x34
2026-08-14T04:15:40.840Z [   46.857] surface.layout bounds=440x836 window=true
2026-08-14T04:15:40.840Z [   46.857] surface.occlusion visible=true window=true hidden=false alpha=1.0
2026-08-14T04:15:40.854Z [   46.874] geom container=440x714 scale=3.0 cellPx=30x57 natural=43x37 eff=72x33 pinned=440x636 renderRect=440x636@0
2026-08-14T04:15:40.854Z [   46.874] zoom.autofit.deferred kbAnim=0 pendingReport=1 awaitingEcho=0 reportGrid=43x37 lastReported=43x37
2026-08-14T04:15:40.878Z [   46.892] tick.alive win=true suspended=false renderInFlight=false needsDraw=true contents=true surf=440x636 sinceOutput=29349ms
2026-08-14T04:15:40.986Z [   47.006] zoom.report grid=43x37 id=6
2026-08-14T04:15:40.986Z App feature event (Surface: 1171528660, Operation: terminalViewportChanged, Count: 1591)
2026-08-14T04:15:41.054Z App feature event (Surface: 1171528660, Operation: terminalReplayStarted)
2026-08-14T04:15:41.054Z App feature event (Surface: 1171528660, Operation: terminalViewportReportSucceeded, Count: 1591)
2026-08-14T04:15:41.054Z [   47.074] terminal.output.viewport_resync surface=33CE8C50-813F-4841-9EDE-EC9FAB3941D7 grid=43x37
2026-08-14T04:15:41.057Z App feature event (Surface: 1171528660, Operation: terminalArtifactListLoaded, Duration: 70 ms, Count: 0)
2026-08-14T04:15:41.070Z [   47.090] geom container=440x714 scale=3.0 cellPx=30x57 natural=43x37 eff=72x33 pinned=440x636 renderRect=440x636@77
2026-08-14T04:15:41.070Z [   47.090] zoom.autofit eff=72x33 baseGrid=43x37 rendered=37 font 16.345865->18.189384
2026-08-14T04:15:41.070Z [   47.090] zoom.absolute target=18.189384 clamped=18.189384 live=16.345865
2026-08-14T04:15:41.086Z [   47.105] zoom.apply 18.189384 eff=72x33
2026-08-14T04:15:41.109Z [   47.128] terminal.output.drop_replay_barrier surface=33CE8C50-813F-4841-9EDE-EC9FAB3941D7 count=1
2026-08-14T04:15:41.128Z App feature event (Surface: 1171528660, Operation: terminalReplaySucceeded, Duration: 74 ms, Count: 11)
2026-08-14T04:15:41.128Z [   47.147] CMUX_REPLAY render_grid surface=33CE8C50-813F-4841-9EDE-EC9FAB3941D7 spans=11 seq=4392
2026-08-14T04:15:41.128Z App feature event (Surface: 1171528660, Operation: terminalReplayStarted)
2026-08-14T04:15:41.128Z [   47.148] CMUX_REPLAY retry_after_failure surface=33CE8C50-813F-4841-9EDE-EC9FAB3941D7 attempt=1
2026-08-14T04:15:41.128Z [   47.148] terminal.output.reset_replay_ack surface=33CE8C50-813F-4841-9EDE-EC9FAB3941D7
2026-08-14T04:15:41.187Z [   47.206] geom container=440x714 scale=3.0 cellPx=33x64 natural=39x33 eff=72x33 pinned=nil renderRect=440x714@0
2026-08-14T04:15:41.187Z [   47.207] zoom.autofit.deferred kbAnim=0 pendingReport=0 awaitingEcho=0 reportGrid=43x36 lastReported=43x37
2026-08-14T04:15:41.200Z App feature event (Surface: 1171528660, Operation: terminalReplaySucceeded, Duration: 71 ms, Count: 11)
2026-08-14T04:15:41.200Z [   47.218] CMUX_REPLAY render_grid surface=33CE8C50-813F-4841-9EDE-EC9FAB3941D7 spans=11 seq=4392
2026-08-14T04:15:41.200Z App feature event (Surface: 1171528660, Operation: terminalReplayStarted)
2026-08-14T04:15:41.200Z [   47.219] CMUX_REPLAY retry_after_failure surface=33CE8C50-813F-4841-9EDE-EC9FAB3941D7 attempt=2
2026-08-14T04:15:41.200Z [   47.220] terminal.output.reset_replay_ack surface=33CE8C50-813F-4841-9EDE-EC9FAB3941D7
2026-08-14T04:15:41.204Z [   47.224] surface.layout bounds=440x836 window=true
2026-08-14T04:15:41.204Z [   47.224] surface.occlusion visible=true window=true hidden=false alpha=1.0
2026-08-14T04:15:41.220Z [   47.240] geom container=440x714 scale=3.0 cellPx=33x64 natural=39x33 eff=72x33 pinned=nil renderRect=440x714@0
2026-08-14T04:15:41.220Z [   47.240] zoom.autofit.deferred kbAnim=0 pendingReport=1 awaitingEcho=0 reportGrid=43x36 lastReported=43x36
2026-08-14T04:15:41.287Z App feature event (Surface: 1171528660, Operation: terminalReplaySucceeded, Duration: 86 ms, Count: 11)
2026-08-14T04:15:41.287Z [   47.306] CMUX_REPLAY render_grid surface=33CE8C50-813F-4841-9EDE-EC9FAB3941D7 spans=11 seq=4392
2026-08-14T04:15:41.287Z [   47.307] CMUX_REPLAY retry_exhausted surface=33CE8C50-813F-4841-9EDE-EC9FAB3941D7 attempts=2
2026-08-14T04:15:41.287Z [   47.307] terminal.output.replay_barrier_fail_open surface=33CE8C50-813F-4841-9EDE-EC9FAB3941D7 reason=retry_exhausted
2026-08-14T04:15:41.353Z [   47.372] zoom.report grid=43x36 id=7
2026-08-14T04:15:41.353Z App feature event (Surface: 1171528660, Operation: terminalViewportChanged, Count: 1548)
2026-08-14T04:15:41.480Z App feature event (Surface: 1171528660, Operation: terminalArtifactListLoaded, Duration: 126 ms, Count: 0)
2026-08-14T04:15:41.480Z App feature event (Surface: 1171528660, Operation: terminalReplayStarted)
2026-08-14T04:15:41.480Z App feature event (Surface: 1171528660, Operation: terminalViewportReportSucceeded, Count: 1548)
2026-08-14T04:15:41.480Z [   47.499] terminal.output.viewport_resync surface=33CE8C50-813F-4841-9EDE-EC9FAB3941D7 grid=43x36
2026-08-14T04:15:41.485Z [   47.504] terminal.output.drop_replay_barrier surface=33CE8C50-813F-4841-9EDE-EC9FAB3941D7 count=1
2026-08-14T04:15:41.487Z [   47.507] geom container=440x714 scale=3.0 cellPx=33x64 natural=39x33 eff=72x33 pinned=nil renderRect=440x714@0
2026-08-14T04:15:41.559Z App feature event (Surface: 1171528660, Operation: terminalReplaySucceeded, Duration: 79 ms, Count: 11)
2026-08-14T04:15:41.560Z [   47.578] CMUX_REPLAY render_grid surface=33CE8C50-813F-4841-9EDE-EC9FAB3941D7 spans=11 seq=5124
2026-08-14T04:15:41.560Z App feature event (Surface: 1171528660, Operation: terminalReplayStarted)
2026-08-14T04:15:41.560Z [   47.579] CMUX_REPLAY retry_after_failure surface=33CE8C50-813F-4841-9EDE-EC9FAB3941D7 attempt=1
2026-08-14T04:15:41.560Z [   47.580] terminal.output.reset_replay_ack surface=33CE8C50-813F-4841-9EDE-EC9FAB3941D7
2026-08-14T04:15:41.647Z App feature event (Surface: 1171528660, Operation: terminalReplaySucceeded, Duration: 86 ms, Count: 11)
2026-08-14T04:15:41.647Z [   47.666] CMUX_REPLAY render_grid surface=33CE8C50-813F-4841-9EDE-EC9FAB3941D7 spans=11 seq=5124
2026-08-14T04:15:41.647Z App feature event (Surface: 1171528660, Operation: terminalReplayStarted)
2026-08-14T04:15:41.647Z [   47.666] CMUX_REPLAY retry_after_failure surface=33CE8C50-813F-4841-9EDE-EC9FAB3941D7 attempt=2
2026-08-14T04:15:41.647Z [   47.667] terminal.output.reset_replay_ack surface=33CE8C50-813F-4841-9EDE-EC9FAB3941D7
2026-08-14T04:15:41.756Z App feature event (Surface: 1171528660, Operation: terminalReplaySucceeded, Duration: 109 ms, Count: 11)
2026-08-14T04:15:41.756Z [   47.775] CMUX_REPLAY render_grid surface=33CE8C50-813F-4841-9EDE-EC9FAB3941D7 spans=11 seq=5124
2026-08-14T04:15:41.757Z [   47.776] CMUX_REPLAY retry_exhausted surface=33CE8C50-813F-4841-9EDE-EC9FAB3941D7 attempts=2
2026-08-14T04:15:41.757Z [   47.776] terminal.output.replay_barrier_fail_open surface=33CE8C50-813F-4841-9EDE-EC9FAB3941D7 reason=retry_exhausted
2026-08-14T04:15:42.886Z [   48.906] tick.alive win=true suspended=false renderInFlight=false needsDraw=false contents=true surf=440x714 sinceOutput=31363ms
2026-08-14T04:15:44.886Z [   50.906] tick.alive win=true suspended=false renderInFlight=false needsDraw=false contents=true surf=440x714 sinceOutput=33364ms
2026-08-14T04:15:46.887Z [   52.906] tick.alive win=true suspended=false renderInFlight=false needsDraw=false contents=true surf=440x714 sinceOutput=35364ms
2026-08-14T04:15:48.887Z [   54.906] tick.alive win=true suspended=false renderInFlight=false needsDraw=false contents=true surf=440x714 sinceOutput=37364ms
2026-08-14T04:15:50.887Z [   56.907] tick.alive win=true suspended=false renderInFlight=false needsDraw=false contents=true surf=440x714 sinceOutput=39364ms
2026-08-14T04:15:51.834Z [   57.853] sync.liveness probe_ok silentMs=10289
2026-08-14T04:15:52.887Z [   58.907] tick.alive win=true suspended=false renderInFlight=false needsDraw=false contents=true surf=440x714 sinceOutput=41364ms
2026-08-14T04:15:54.887Z [   60.907] tick.alive win=true suspended=false renderInFlight=false needsDraw=false contents=true surf=440x714 sinceOutput=43365ms
2026-08-14T04:15:56.887Z [   62.907] tick.alive win=true suspended=false renderInFlight=false needsDraw=false contents=true surf=440x714 sinceOutput=45365ms
2026-08-14T04:15:58.888Z [   64.907] tick.alive win=true suspended=false renderInFlight=false needsDraw=false contents=true surf=440x714 sinceOutput=47365ms
2026-08-14T04:16:00.888Z [   66.907] tick.alive win=true suspended=false renderInFlight=false needsDraw=false contents=true surf=440x714 sinceOutput=49365ms
2026-08-14T04:16:01.840Z [   67.860] sync.liveness probe_ok silentMs=9940
2026-08-14T04:16:02.888Z [   68.908] tick.alive win=true suspended=false renderInFlight=false needsDraw=false contents=true surf=440x714 sinceOutput=51365ms
2026-08-14T04:16:04.888Z [   70.908] tick.alive win=true suspended=false renderInFlight=false needsDraw=false contents=true surf=440x714 sinceOutput=53365ms
2026-08-14T04:16:06.888Z [   72.908] tick.alive win=true suspended=false renderInFlight=false needsDraw=false contents=true surf=440x714 sinceOutput=55366ms
2026-08-14T04:16:08.720Z App feature event (Operation: pairedMacStoreOpened)
2026-08-14T04:16:08.756Z App feature event (Operation: appBecameInactive)
2026-08-14T04:16:08.757Z App lifecycle changed (Phase: Inactive)
2026-08-14T04:16:08.766Z App feature event (Surface: 1171528660, Operation: terminalViewportClearStarted)
2026-08-14T04:16:08.839Z App feature event (Surface: 1171528660, Operation: terminalViewportClearSucceeded)
2026-08-14T04:16:10.216Z App feature event (Operation: pairedMacStoreOpened)
2026-08-14T04:16:10.243Z App feature event (Operation: appForegrounded)
2026-08-14T04:16:10.243Z App lifecycle changed (Phase: Active)
2026-08-14T04:16:10.246Z App feature event (Operation: authRevalidationStarted)
2026-08-14T04:16:10.270Z [   76.259] tick.alive win=true suspended=false renderInFlight=false needsDraw=true contents=true surf=440x714 sinceOutput=58717ms
2026-08-14T04:16:10.271Z [   76.286] surface.layout bounds=440x836 window=true
2026-08-14T04:16:10.271Z [   76.286] surface.occlusion visible=true window=true hidden=false alpha=1.0
2026-08-14T04:16:10.271Z [   76.291] geom container=440x714 scale=3.0 cellPx=33x64 natural=39x33 eff=72x33 pinned=nil renderRect=440x714@0
2026-08-14T04:16:10.271Z [   76.291] zoom.autofit.deferred kbAnim=0 pendingReport=1 awaitingEcho=0 reportGrid=43x36 lastReported=43x36
2026-08-14T04:16:10.397Z App feature event (Surface: 1171528660, Operation: terminalViewportChanged, Count: 1548)
2026-08-14T04:16:10.398Z [   76.417] zoom.report grid=43x36 id=8
2026-08-14T04:16:10.399Z App feature event (Surface: 1171528660, Operation: terminalMounted)
2026-08-14T04:16:10.399Z App feature event (Surface: 1171528660, Operation: terminalReplayStarted)
2026-08-14T04:16:10.400Z [   76.419] CMUX_REPLAY stale_request_failed surface=33CE8C50-813F-4841-9EDE-EC9FAB3941D7
2026-08-14T04:16:10.499Z App feature event (Surface: 1171528660, Operation: terminalReplayStarted)
2026-08-14T04:16:10.499Z App feature event (Surface: 1171528660, Operation: terminalViewportReportSucceeded, Count: 1548)
2026-08-14T04:16:10.499Z [   76.519] terminal.output.viewport_resync surface=33CE8C50-813F-4841-9EDE-EC9FAB3941D7 grid=43x36
2026-08-14T04:16:10.501Z App feature event (Surface: 1171528660, Operation: terminalArtifactListLoaded, Duration: 101 ms, Count: 0)
2026-08-14T04:16:10.515Z [   76.535] geom container=440x714 scale=3.0 cellPx=33x64 natural=39x33 eff=72x33 pinned=nil renderRect=440x714@0
2026-08-14T04:16:10.540Z App feature event (Surface: 1171528660, Operation: terminalOutputReceived, Count: 10132)
2026-08-14T04:16:10.540Z [   76.560] terminal.output.drop_replay_barrier surface=33CE8C50-813F-4841-9EDE-EC9FAB3941D7 count=1
2026-08-14T04:16:10.583Z App feature event (Surface: 1171528660, Operation: terminalReplaySucceeded, Duration: 83 ms, Count: 11)
2026-08-14T04:16:10.583Z [   76.601] CMUX_REPLAY render_grid surface=33CE8C50-813F-4841-9EDE-EC9FAB3941D7 spans=11 seq=6588
2026-08-14T04:16:10.583Z App feature event (Surface: 1171528660, Operation: terminalReplayStarted)
2026-08-14T04:16:10.583Z [   76.602] CMUX_REPLAY retry_after_failure surface=33CE8C50-813F-4841-9EDE-EC9FAB3941D7 attempt=1
2026-08-14T04:16:10.583Z [   76.603] terminal.output.reset_replay_ack surface=33CE8C50-813F-4841-9EDE-EC9FAB3941D7
2026-08-14T04:16:10.662Z App feature event (Surface: 1171528660, Operation: terminalReplaySucceeded, Duration: 79 ms, Count: 11)
2026-08-14T04:16:10.662Z [   76.681] CMUX_REPLAY render_grid surface=33CE8C50-813F-4841-9EDE-EC9FAB3941D7 spans=11 seq=6588
2026-08-14T04:16:10.662Z App feature event (Surface: 1171528660, Operation: terminalReplayStarted)
2026-08-14T04:16:10.662Z [   76.682] CMUX_REPLAY retry_after_failure surface=33CE8C50-813F-4841-9EDE-EC9FAB3941D7 attempt=2
2026-08-14T04:16:10.662Z [   76.682] terminal.output.reset_replay_ack surface=33CE8C50-813F-4841-9EDE-EC9FAB3941D7
2026-08-14T04:16:10.735Z App feature event (Surface: 1171528660, Operation: terminalReplaySucceeded, Duration: 72 ms, Count: 11)
2026-08-14T04:16:10.735Z [   76.754] CMUX_REPLAY render_grid surface=33CE8C50-813F-4841-9EDE-EC9FAB3941D7 spans=11 seq=6588
2026-08-14T04:16:10.735Z [   76.755] CMUX_REPLAY retry_exhausted surface=33CE8C50-813F-4841-9EDE-EC9FAB3941D7 attempts=2
2026-08-14T04:16:10.735Z [   76.755] terminal.output.replay_barrier_fail_open surface=33CE8C50-813F-4841-9EDE-EC9FAB3941D7 reason=retry_exhausted
2026-08-14T04:16:11.764Z App feature event (Operation: authRevalidationSucceeded)
2026-08-14T04:16:12.247Z [   78.267] tick.alive win=true suspended=false renderInFlight=false needsDraw=false contents=true surf=440x714 sinceOutput=60724ms
2026-08-14T04:16:14.248Z [   80.267] tick.alive win=true suspended=false renderInFlight=false needsDraw=false contents=true surf=440x714 sinceOutput=62725ms
2026-08-14T04:16:16.248Z [   82.267] tick.alive win=true suspended=false renderInFlight=false needsDraw=false contents=true surf=440x714 sinceOutput=64725ms
2026-08-14T04:16:18.248Z [   84.267] tick.alive win=true suspended=false renderInFlight=false needsDraw=false contents=true surf=440x714 sinceOutput=66725ms
2026-08-14T04:16:20.248Z [   86.268] tick.alive win=true suspended=false renderInFlight=false needsDraw=false contents=true surf=440x714 sinceOutput=68725ms
2026-08-14T04:16:21.776Z App feature event (Operation: terminalStreamEnded, Failure: Connection closed)
2026-08-14T04:16:21.777Z [   87.796] sync.stream_ended redialing stored Mac
2026-08-14T04:16:21.785Z App feature event (Surface: 1334961165, Operation: connectionStateChanged, Count: 0)
2026-08-14T04:16:21.785Z App feature event (Surface: 1334961165, Operation: capabilitySnapshotReceived, Count: 0)
2026-08-14T04:16:21.855Z App feature event (Surface: 1746296019, Operation: chatSessionListLoadStarted)
2026-08-14T04:16:21.855Z App feature event (Surface: 1746296019, Operation: chatSessionListLoadFailed, Failure: Iroh endpoint unavailable, Duration: 0 ms)
2026-08-14T04:16:21.876Z [   87.806] connection.recovery waiting for physical transport drain attempt=6DE6B496-EAAF-4BF4-8FCD-087772DA927B
2026-08-14T04:16:21.887Z [   87.893] surface.layout bounds=440x836 window=true
2026-08-14T04:16:21.887Z [   87.893] surface.occlusion visible=true window=true hidden=false alpha=1.0
2026-08-14T04:16:21.887Z [   87.896] connection.recovery physical transport drained attempt=6DE6B496-EAAF-4BF4-8FCD-087772DA927B
2026-08-14T04:16:21.887Z [   87.907] geom container=440x718 scale=3.0 cellPx=33x65 natural=39x33 eff=72x33 pinned=nil renderRect=440x718@0
2026-08-14T04:16:21.887Z [   87.907] zoom.autofit.deferred kbAnim=0 pendingReport=0 awaitingEcho=0 reportGrid=43x36 lastReported=43x36
2026-08-14T04:16:21.901Z [   87.919] surface.layout bounds=440x836 window=true
2026-08-14T04:16:21.901Z [   87.919] surface.occlusion visible=true window=true hidden=false alpha=1.0
2026-08-14T04:16:21.915Z [   87.934] geom container=440x718 scale=3.0 cellPx=33x65 natural=39x33 eff=72x33 pinned=nil renderRect=440x718@0
2026-08-14T04:16:21.915Z [   87.934] zoom.autofit.deferred kbAnim=0 pendingReport=1 awaitingEcho=0 reportGrid=43x36 lastReported=43x36
2026-08-14T04:16:22.048Z [   88.068] zoom.report grid=43x36 id=9
2026-08-14T04:16:22.048Z App feature event (Surface: 1171528660, Operation: terminalViewportReportFailed, Failure: Offline)
2026-08-14T04:16:22.048Z [   88.068] zoom.viewport.noEffective grid=43x36
2026-08-14T04:16:22.048Z [   88.068] zoom.viewport.retry 1/3 grid=43x36
2026-08-14T04:16:22.182Z [   88.201] zoom.report grid=43x36 id=10
2026-08-14T04:16:22.182Z App feature event (Surface: 1171528660, Operation: terminalViewportReportFailed, Failure: Offline)
2026-08-14T04:16:22.182Z [   88.202] zoom.viewport.noEffective grid=43x36
2026-08-14T04:16:22.182Z [   88.202] zoom.viewport.retry 2/3 grid=43x36
2026-08-14T04:16:22.248Z [   88.268] tick.alive win=true suspended=false renderInFlight=false needsDraw=false contents=true surf=440x718 sinceOutput=70725ms
2026-08-14T04:16:22.315Z [   88.334] zoom.report grid=43x36 id=11
2026-08-14T04:16:22.315Z App feature event (Surface: 1171528660, Operation: terminalViewportReportFailed, Failure: Offline)
2026-08-14T04:16:22.316Z [   88.335] zoom.viewport.noEffective grid=43x36
2026-08-14T04:16:22.316Z [   88.335] zoom.viewport.retry 3/3 grid=43x36
2026-08-14T04:16:22.448Z [   88.468] zoom.report grid=43x36 id=12
2026-08-14T04:16:22.448Z App feature event (Surface: 1171528660, Operation: terminalViewportReportFailed, Failure: Offline)
2026-08-14T04:16:22.449Z [   88.468] zoom.viewport.noEffective grid=43x36
2026-08-14T04:16:22.466Z [   88.485] geom container=440x718 scale=3.0 cellPx=33x65 natural=39x33 eff=72x33 pinned=nil renderRect=440x718@0
2026-08-14T04:16:24.248Z [   90.268] tick.alive win=true suspended=false renderInFlight=false needsDraw=false contents=true surf=440x718 sinceOutput=72726ms
2026-08-14T04:16:26.249Z [   92.268] tick.alive win=true suspended=false renderInFlight=false needsDraw=false contents=true surf=440x718 sinceOutput=74726ms
2026-08-14T04:16:28.249Z [   94.268] tick.alive win=true suspended=false renderInFlight=false needsDraw=false contents=true surf=440x718 sinceOutput=76726ms
2026-08-14T04:16:30.249Z [   96.269] tick.alive win=true suspended=false renderInFlight=false needsDraw=false contents=true surf=440x718 sinceOutput=78726ms
2026-08-14T04:17:33.428Z App feature event (Operation: appLaunched)
2026-08-14T04:17:33.428Z App feature event (Operation: crashReportingDisabled)
2026-08-14T04:17:33.432Z App feature event (Operation: authRestoreStarted)
2026-08-14T04:17:33.432Z App feature event (Operation: pushConfigured)
2026-08-14T04:17:33.479Z App feature event (Operation: pairedMacStoreOpened)
2026-08-14T04:17:33.540Z App feature event (Operation: appBecameInactive)
2026-08-14T04:17:33.540Z App lifecycle changed (Phase: Inactive)
2026-08-14T04:17:33.540Z App feature event (Operation: onboardingStarted)
2026-08-14T04:17:33.540Z App feature event (Operation: onboardingStageViewed)
2026-08-14T04:17:33.540Z App feature event (Operation: presenceStreamStarted)
2026-08-14T04:17:33.541Z App feature event (Operation: tailscaleStatusChanged, Count: 0)
2026-08-14T04:17:33.664Z App feature event (Operation: pairedMacStoreOpened)
2026-08-14T04:17:33.675Z App feature event (Operation: appForegrounded)
2026-08-14T04:17:33.675Z App lifecycle changed (Phase: Active)
2026-08-14T04:17:33.675Z App feature event (Operation: authRevalidationStarted)
2026-08-14T04:17:33.686Z App feature event (Operation: pairedMacStoreOpened)
2026-08-14T04:17:33.695Z App feature event (Operation: appBecameInactive)
2026-08-14T04:17:33.695Z App lifecycle changed (Phase: Inactive)
2026-08-14T04:17:34.504Z App feature event (Operation: presenceStreamUpdated, Count: 3)
2026-08-14T04:17:34.505Z App feature event (Operation: computerListRefreshStarted)
2026-08-14T04:17:34.505Z App feature event (Surface: 352612602, Operation: pairedMacRestoreStarted)
2026-08-14T04:17:34.637Z App feature event (Operation: authRevalidationSucceeded)
2026-08-14T04:17:34.637Z App feature event (Operation: authRestoreSucceeded, Count: 1)
2026-08-14T04:17:34.640Z App feature event (Operation: presenceStreamStarted)
2026-08-14T04:17:34.641Z App feature event (Operation: reconnectStarted)
2026-08-14T04:17:34.643Z App feature event (Surface: 352612602, Operation: pairedMacRestoreFailed, Failure: Unknown failure, Count: 0)
2026-08-14T04:17:34.661Z App feature event (Surface: 2075666334, Operation: pairedMacBackupRefreshStarted)
2026-08-14T04:17:34.661Z App feature event (Surface: 352612602, Operation: pairedMacRestoreStarted)
2026-08-14T04:17:34.700Z App feature event (Surface: 352612602, Operation: pairedMacRestoreSucceeded, Count: 0)
2026-08-14T04:17:34.700Z App feature event (Surface: 352612602, Operation: pairedMacBackupRefreshSucceeded, Count: 0)
2026-08-14T04:17:34.744Z App feature event (Operation: presenceStreamUpdated, Count: 3)
2026-08-14T04:17:34.744Z App feature event (Operation: computerListRefreshStarted)
2026-08-14T04:17:34.745Z App feature event (Operation: pairedMacStoreReadSucceeded, Duration: 0 ms, Count: 1)
2026-08-14T04:17:34.745Z App feature event (Operation: computerListRefreshSucceeded, Duration: 0 ms, Count: 1)
2026-08-14T04:17:34.747Z App feature event (Surface: 841849968, Operation: pairedMacBackupWriteStarted)
2026-08-14T04:17:34.816Z App feature event (Surface: 841849968, Operation: pairedMacBackupWriteSucceeded)
2026-08-14T04:17:34.816Z App feature event (Operation: computerListRefreshStarted)
2026-08-14T04:17:34.816Z App feature event (Operation: pairedMacStoreReadSucceeded, Duration: 0 ms, Count: 1)
2026-08-14T04:17:34.816Z App feature event (Operation: computerListRefreshSucceeded, Duration: 0 ms, Count: 1)
2026-08-14T04:17:34.819Z [    1.401] connection.recovery coalesced trigger=presencePush storedMacGeneration=2
2026-08-14T04:17:34.822Z App feature event (Surface: 2075666334, Operation: pairedMacBackupRefreshStarted)
2026-08-14T04:17:34.822Z App feature event (Surface: 352612602, Operation: pairedMacRestoreStarted)
2026-08-14T04:17:34.850Z App feature event (Surface: 352612602, Operation: pairedMacRestoreSucceeded, Count: 0)
2026-08-14T04:17:34.850Z App feature event (Surface: 352612602, Operation: pairedMacBackupRefreshSucceeded, Count: 0)
2026-08-14T04:17:36.640Z App feature event (Operation: pairedMacStoreOpened)
2026-08-14T04:17:36.648Z App feature event (Operation: appBackgrounded)
2026-08-14T04:17:36.648Z App lifecycle changed (Phase: Background)
2026-08-14T04:31:24.584Z App feature event (Operation: reconnectFailed, Failure: Timed out, Duration: 829.940 seconds)
2026-08-14T04:31:28.627Z App feature event (Operation: presenceStreamFailed, Failure: Cancelled)
2026-08-14T04:31:28.655Z [  831.163] storedMacReconnect deadline expired generation=2
2026-08-14T04:52:59.898Z App feature event (Operation: appLaunched)
2026-08-14T04:52:59.898Z App feature event (Operation: crashReportingDisabled)
2026-08-14T04:52:59.901Z App feature event (Operation: authRestoreStarted)
2026-08-14T04:52:59.901Z App feature event (Operation: pushConfigured)
2026-08-14T04:52:59.932Z App feature event (Operation: pairedMacStoreOpened)
2026-08-14T04:52:59.990Z App feature event (Operation: appBecameInactive)
2026-08-14T04:52:59.990Z App lifecycle changed (Phase: Inactive)
2026-08-14T04:52:59.990Z App feature event (Operation: onboardingStarted)
2026-08-14T04:52:59.990Z App feature event (Operation: onboardingStageViewed)
2026-08-14T04:52:59.990Z App feature event (Operation: presenceStreamStarted)
2026-08-14T04:52:59.991Z App feature event (Operation: tailscaleStatusChanged, Count: 0)
2026-08-14T04:53:00.314Z App feature event (Operation: pairedMacStoreOpened)
2026-08-14T04:53:00.335Z App feature event (Operation: appForegrounded)
2026-08-14T04:53:00.335Z App lifecycle changed (Phase: Active)
2026-08-14T04:53:00.341Z App feature event (Operation: authRevalidationStarted)
2026-08-14T04:53:01.106Z App feature event (Operation: reconnectStarted)
2026-08-14T04:53:01.125Z App feature event (Surface: 1470574927, Operation: pairedMacBackupRefreshStarted)
2026-08-14T04:53:01.125Z App feature event (Surface: 3898846951, Operation: pairedMacRestoreStarted)
2026-08-14T04:53:01.453Z App feature event (Operation: authRevalidationSucceeded)
2026-08-14T04:53:01.453Z App feature event (Operation: authRestoreSucceeded, Count: 1)
2026-08-14T04:53:01.453Z App feature event (Operation: presenceStreamStarted)
2026-08-14T04:53:01.458Z App feature event (Operation: reconnectStarted)
2026-08-14T04:53:01.459Z App feature event (Surface: 3898846951, Operation: pairedMacRestoreFailed, Failure: Unknown failure, Count: 0)
2026-08-14T04:53:01.459Z App feature event (Surface: 3898846951, Operation: pairedMacBackupRefreshFailed, Failure: Unknown failure, Count: 0)
2026-08-14T04:53:01.462Z App feature event (Surface: 1470574927, Operation: pairedMacBackupRefreshStarted)
2026-08-14T04:53:01.462Z App feature event (Surface: 3898846951, Operation: pairedMacRestoreStarted)
2026-08-14T04:53:01.462Z App feature event (Operation: reconnectFailed, Failure: Superseded by a newer attempt, Duration: 356 ms)
2026-08-14T04:53:01.919Z App feature event (Operation: presenceStreamUpdated, Count: 1)
2026-08-14T04:53:01.920Z App feature event (Operation: computerListRefreshStarted)
2026-08-14T04:53:01.929Z App feature event (Surface: 3898846951, Operation: pairedMacRestoreSucceeded, Count: 0)
2026-08-14T04:53:01.930Z App feature event (Surface: 3898846951, Operation: pairedMacBackupRefreshSucceeded, Count: 0)
2026-08-14T04:53:01.931Z App feature event (Operation: pairedMacStoreReadSucceeded, Duration: 11 ms, Count: 1)
2026-08-14T04:53:01.931Z App feature event (Operation: computerListRefreshSucceeded, Duration: 11 ms, Count: 1)
2026-08-14T04:53:01.940Z [    2.048] connection.recovery coalesced trigger=presencePush storedMacGeneration=3
2026-08-14T04:53:01.943Z App feature event (Surface: 1470574927, Operation: pairedMacBackupRefreshStarted)
2026-08-14T04:53:01.947Z App feature event (Surface: 3898846951, Operation: pairedMacRestoreStarted)
2026-08-14T04:53:01.980Z App feature event (Surface: 3898846951, Operation: pairedMacRestoreSucceeded, Count: 0)
2026-08-14T04:53:01.980Z App feature event (Surface: 3898846951, Operation: pairedMacBackupRefreshSucceeded, Count: 0)
2026-08-14T04:53:03.815Z App feature event (Surface: 3839576348, Operation: pairedMacStoreWriteStarted)
2026-08-14T04:53:03.818Z App feature event (Surface: 1792432924, Operation: pairedMacBackupWriteStarted)
2026-08-14T04:53:03.888Z App feature event (Surface: 1792432924, Operation: pairedMacBackupWriteSucceeded)
2026-08-14T04:53:03.904Z App feature event (Surface: 3839576348, Operation: pairedMacStoreWriteSucceeded, Duration: 88 ms)
2026-08-14T04:53:03.904Z App feature event (Surface: 3839576348, Operation: computerRoutesUpdated, Duration: 88 ms, Count: 1)
2026-08-14T04:53:03.904Z App feature event (Surface: 3839576348, Operation: capabilitySnapshotReceived, Count: 48)
2026-08-14T04:53:03.908Z App feature event (Operation: surfaceListUpdated, Count: 1)
2026-08-14T04:53:03.908Z App feature event (Surface: 3992344058, Operation: surfaceFocused)
2026-08-14T04:53:03.909Z App feature event (Surface: 3839576348, Operation: connectionStateChanged, Count: 1)
2026-08-14T04:53:03.947Z App feature event (Operation: terminalThemeChanged)
2026-08-14T04:53:03.947Z App feature event (Surface: 3839576348, Operation: pairedMacStoreWriteStarted)
2026-08-14T04:53:03.947Z App feature event (Surface: 1688758104, Operation: browserListRefreshStarted)
2026-08-14T04:53:03.947Z [    4.054] macupdate.hint caps=48 version=0.64.22 hint=nil
2026-08-14T04:53:03.950Z App feature event (Surface: 3839576348, Operation: reconnectSucceeded, Duration: 2.491 seconds)
2026-08-14T04:53:03.950Z App feature event (Surface: 1470574927, Operation: pairedMacBackupRefreshStarted)
2026-08-14T04:53:03.950Z App feature event (Surface: 3898846951, Operation: pairedMacRestoreStarted)
2026-08-14T04:53:03.951Z App feature event (Surface: 1792432924, Operation: pairedMacBackupWriteStarted)
2026-08-14T04:53:03.981Z App feature event (Surface: 3898846951, Operation: pairedMacRestoreSucceeded, Count: 0)
2026-08-14T04:53:03.981Z App feature event (Surface: 3898846951, Operation: pairedMacBackupRefreshSucceeded, Count: 0)
2026-08-14T04:53:04.007Z App feature event (Surface: 1688758104, Operation: browserListRefreshSucceeded, Duration: 59 ms, Count: 0)
2026-08-14T04:53:04.015Z App feature event (Surface: 1792432924, Operation: pairedMacBackupWriteSucceeded)
2026-08-14T04:53:04.015Z App feature event (Surface: 3839576348, Operation: pairedMacStoreWriteSucceeded, Duration: 67 ms)
2026-08-14T04:53:04.015Z App feature event (Surface: 3839576348, Operation: computerRoutesUpdated, Duration: 67 ms, Count: 1)
2026-08-14T04:53:04.015Z [    4.122] sync.transport=render_grid
2026-08-14T04:53:04.015Z App feature event (Surface: 3839576348, Operation: notificationFeedLoadStarted)
2026-08-14T04:53:04.071Z App feature event (Surface: 3839576348, Operation: notificationFeedLoadSucceeded, Duration: 55 ms, Count: 0)
2026-08-14T04:53:04.085Z App feature event (Surface: 3839576348, Operation: workspaceListRefreshStarted)
2026-08-14T04:53:04.085Z App feature event (Surface: 1688758104, Operation: browserListRefreshStarted)
2026-08-14T04:53:04.085Z App feature event (Operation: terminalStreamSubscribed, Count: 16)
2026-08-14T04:53:04.085Z App feature event (Surface: 3839576348, Operation: workspaceStateSyncStarted)
2026-08-14T04:53:04.085Z [    4.193] sync.subscribe_ok topics=16 transport=renderGrid
2026-08-14T04:53:04.087Z App feature event (Surface: 3839576348, Operation: workspaceListRefreshStarted)
2026-08-14T04:53:04.087Z App feature event (Surface: 1688758104, Operation: browserListRefreshStarted)
2026-08-14T04:53:04.087Z App feature event (Surface: 3839576348, Operation: workspaceListRefreshFailed, Failure: Cancelled, Duration: 2 ms)
2026-08-14T04:53:04.182Z App feature event (Surface: 3839576348, Operation: workspaceListRefreshSucceeded, Duration: 94 ms, Count: 1)
2026-08-14T04:53:04.182Z App feature event (Surface: 1688758104, Operation: browserListRefreshSucceeded, Duration: 96 ms, Count: 0)
2026-08-14T04:53:04.184Z App feature event (Surface: 3839576348, Operation: workspaceStateSyncSucceeded, Count: 1)
2026-08-14T04:53:04.189Z App feature event (Operation: notificationBadgeReconciled, Count: 0)
2026-08-14T04:53:04.189Z App feature event (Operation: notificationBadgeReconciled, Duration: 103 ms, Count: 0)
2026-08-14T04:53:04.189Z App feature event (Surface: 1688758104, Operation: browserListRefreshSucceeded, Duration: 101 ms, Count: 0)
2026-08-14T04:53:04.189Z [    4.296] notif.reconcile delivered=0 handled=0 unread=0
2026-08-14T04:53:04.450Z App feature event (Operation: changesSummaryLoadStarted, Count: 1)
2026-08-14T04:53:04.545Z App feature event (Operation: changesSummaryLoadSucceeded, Duration: 94 ms, Count: 1)
2026-08-14T04:53:04.545Z [    4.652] changes.summary ok requested=1 summaries=1 chips=0 sample=- reqSample=96741731
2026-08-14T04:53:05.954Z App feature event (Operation: onboardingStageViewed)
2026-08-14T04:53:06.147Z App feature event (Operation: onboardingStageViewed)
2026-08-14T04:53:06.592Z App feature event (Operation: onboardingCompleted)
2026-08-14T04:53:06.619Z App feature event (Operation: primaryTabSelected, Tab: workspaces)
2026-08-14T04:53:07.145Z App feature event (Operation: pairedMacStoreOpened)
2026-08-14T04:53:07.158Z App feature event (Operation: appBecameInactive)
2026-08-14T04:53:07.158Z App lifecycle changed (Phase: Inactive)
2026-08-14T04:53:09.223Z App feature event (Operation: pairedMacStoreOpened)
2026-08-14T04:53:09.257Z App feature event (Operation: appForegrounded)
2026-08-14T04:53:09.257Z App lifecycle changed (Phase: Active)
2026-08-14T04:53:09.259Z App feature event (Operation: authRevalidationStarted)
2026-08-14T04:53:09.897Z App feature event (Operation: authRevalidationSucceeded)
2026-08-14T04:53:11.209Z Composer activation changed (Composer active: Yes, First responder: None, Keyboard height: 0 points, Terminal input focused: No)
2026-08-14T04:53:11.265Z App feature event (Surface: 1688758104, Operation: chatSessionListLoadStarted)
2026-08-14T04:53:11.265Z App feature event (Surface: 1688758104, Operation: browserListRefreshStarted)
2026-08-14T04:53:11.265Z App feature event (Surface: 1688758104, Operation: workspaceOpenStarted)
2026-08-14T04:53:11.265Z App feature event (Surface: 1688758104, Operation: workspaceOpenSucceeded, Duration: 0 ms, Count: 1)
2026-08-14T04:53:11.303Z Composer appeared
2026-08-14T04:53:11.332Z [   11.317] composer.toggle active=true keyboardHeight=0 occInBounds=0 barHidden=false barY=0 barH=36 boundsH=700
2026-08-14T04:53:11.333Z [   11.341] surface.layout bounds=402x700 window=false
2026-08-14T04:53:11.334Z [   11.341] surface.occlusion visible=false window=false hidden=false alpha=1.0
2026-08-14T04:53:11.336Z [   11.372] changes.hint eval ws=96741731 capable=true files=-1 dismissed=false shown=false
2026-08-14T04:53:11.336Z [   11.389] surface.didMoveToWindow window=true
2026-08-14T04:53:11.336Z [   11.389] surface.occlusion visible=true window=true hidden=false alpha=1.0
2026-08-14T04:53:11.336Z [   11.414] surface.layout bounds=440x836 window=true
2026-08-14T04:53:11.336Z [   11.414] surface.occlusion visible=true window=true hidden=false alpha=1.0
2026-08-14T04:53:11.336Z [   11.438] surface.layout bounds=440x836 window=true
2026-08-14T04:53:11.336Z [   11.438] surface.occlusion visible=true window=true hidden=false alpha=1.0
2026-08-14T04:53:11.336Z [   11.440] runtime.tick
2026-08-14T04:53:11.336Z [   11.440] scroll.bar total=17 offset=0 len=17
2026-08-14T04:53:11.336Z [   11.441] tick.alive win=true suspended=false renderInFlight=false needsDraw=true contents=false surf=0x0 sinceOutput=-1ms
2026-08-14T04:53:11.336Z [   11.441] geom container=440x714 scale=3.0 cellPx=18x35 natural=72x61 eff=nil pinned=nil renderRect=440x714@0
2026-08-14T04:53:11.336Z [   11.441] zoom.autofit.deferred kbAnim=0 pendingReport=0 awaitingEcho=0 reportGrid=72x61 lastReported=nil
2026-08-14T04:53:11.336Z [   11.441] runtime.tick
2026-08-14T04:53:11.336Z [   11.441] scroll.bar total=61 offset=0 len=61
2026-08-14T04:53:11.336Z [   11.441] surface.layout bounds=440x836 window=true
2026-08-14T04:53:11.336Z [   11.441] surface.occlusion visible=true window=true hidden=false alpha=1.0
2026-08-14T04:53:11.336Z [   11.444] runtime.tick
2026-08-14T04:53:11.350Z [   11.458] geom container=440x714 scale=3.0 cellPx=18x35 natural=72x61 eff=nil pinned=nil renderRect=440x714@0
2026-08-14T04:53:11.350Z [   11.458] zoom.autofit.deferred kbAnim=0 pendingReport=1 awaitingEcho=0 reportGrid=72x61 lastReported=72x61
2026-08-14T04:53:11.455Z App feature event (Surface: 1688758104, Operation: browserListRefreshSucceeded, Duration: 190 ms, Count: 0)
2026-08-14T04:53:11.467Z App feature event (Surface: 3992344058, Operation: terminalViewportChanged, Count: 4392)
2026-08-14T04:53:11.468Z [   11.574] zoom.report grid=72x61 id=1
2026-08-14T04:53:11.468Z App feature event (Surface: 3992344058, Operation: terminalMounted)
2026-08-14T04:53:11.468Z App feature event (Surface: 3992344058, Operation: terminalReplayStarted)
2026-08-14T04:53:11.468Z [   11.576] CMUX_REPLAY stale_request_failed surface=33CE8C50-813F-4841-9EDE-EC9FAB3941D7
2026-08-14T04:53:11.520Z App feature event (Surface: 1688758104, Operation: chatSessionListLoadSucceeded, Duration: 255 ms, Count: 0)
2026-08-14T04:53:11.559Z App feature event (Surface: 3992344058, Operation: terminalReplayStarted)
2026-08-14T04:53:11.559Z App feature event (Surface: 3992344058, Operation: terminalViewportReportSucceeded, Count: 4392)
2026-08-14T04:53:11.559Z [   11.666] terminal.output.viewport_resync surface=33CE8C50-813F-4841-9EDE-EC9FAB3941D7 grid=72x61
2026-08-14T04:53:11.560Z App feature event (Surface: 3992344058, Operation: terminalArtifactListLoaded, Duration: 89 ms, Count: 0)
2026-08-14T04:53:11.572Z [   11.680] geom container=440x714 scale=3.0 cellPx=18x35 natural=72x61 eff=nil pinned=nil renderRect=440x714@0
2026-08-14T04:53:11.604Z App feature event (Surface: 3992344058, Operation: terminalOutputReceived, Count: 7660)
2026-08-14T04:53:11.605Z App feature event (Surface: 3992344058, Operation: terminalThemeChanged)
2026-08-14T04:53:11.620Z [   11.712] terminal.output.drop_replay_barrier surface=33CE8C50-813F-4841-9EDE-EC9FAB3941D7 count=1
2026-08-14T04:53:11.624Z [   11.731] sync.render_grid_waiting_for_baseline source=event surface=33CE8C50-813F-4841-9EDE-EC9FAB3941D7 seq=7320
2026-08-14T04:53:11.666Z App feature event (Surface: 3992344058, Operation: terminalAlternateScreenChanged, Count: 0)
2026-08-14T04:53:11.666Z App feature event (Surface: 3992344058, Operation: terminalReplaySucceeded, Duration: 107 ms, Count: 11)
2026-08-14T04:53:11.671Z [   11.772] CMUX_REPLAY render_grid surface=33CE8C50-813F-4841-9EDE-EC9FAB3941D7 spans=11 seq=7320
2026-08-14T04:53:11.701Z [   11.808] verified_replay.freeze transaction=1 contents=true
2026-08-14T04:53:11.701Z [   11.808] zoom.applyViewSize eff=nil->72x61
2026-08-14T04:53:11.701Z [   11.808] geom container=440x714 scale=3.0 cellPx=18x35 natural=72x61 eff=72x61 pinned=nil renderRect=440x714@0
2026-08-14T04:53:11.702Z [   11.809] runtime.tick
2026-08-14T04:53:11.702Z [   11.810] runtime.tick
2026-08-14T04:53:11.703Z [   11.810] runtime.tick
2026-08-14T04:53:11.703Z [   11.810] runtime.tick
2026-08-14T04:53:11.703Z [   11.811] runtime.tick
2026-08-14T04:53:11.703Z [   11.811] runtime.tick
2026-08-14T04:53:11.704Z [   11.811] surface.layers reason=processOutput host=CAMetalLayer bounds=(0.0, 0.0, 440.0, 836.0) frame=(0.0, 0.0, 440.0, 836.0) contentsScale=3.0 children=[0:CALayer bounds=(0.0, 0.0, 440.0, 714.0) frame=(0.0, 0.0, 440.0, 714.0) hidden=true contents=false scale=1.0 | 1:CALayer bounds=(0.0, 499650.0, 440.0, 836.0) frame=(0.0, 0.0, 440.0, 836.0) hidden=false contents=false scale=1.0 | 2:CALayer bounds=(0.0, 0.0, 440.0, 1.0) frame=(0.0, 0.0, 440.0, 1.0) hidden=false contents=false scale=1.0 | 3:CALayer bounds=(0.0, 0.0, 440.0, 836.0) frame=(0.0, 0.0, 440.0, 836.0) hidden=false contents=false scale=1.0] fallbackHidden=true fallbackChars=0
2026-08-14T04:53:11.713Z [   11.817] surface.layout bounds=440x836 window=true
2026-08-14T04:53:11.713Z [   11.817] surface.occlusion visible=true window=true hidden=false alpha=1.0
2026-08-14T04:53:11.713Z [   11.820] runtime.tick
2026-08-14T04:53:11.726Z [   11.833] geom container=440x714 scale=3.0 cellPx=18x35 natural=72x61 eff=72x61 pinned=nil renderRect=440x714@0
2026-08-14T04:53:11.743Z App feature event (Surface: 3992344058, Operation: terminalReplayStarted)
2026-08-14T04:53:11.743Z [   11.851] verified_replay.reveal transaction=1
2026-08-14T04:53:11.744Z [   11.851] terminal.output.replay_barrier_cleared surface=33CE8C50-813F-4841-9EDE-EC9FAB3941D7
2026-08-14T04:53:11.744Z [   11.851] terminal.output.replay_followup surface=33CE8C50-813F-4841-9EDE-EC9FAB3941D7
2026-08-14T04:53:11.762Z [   11.869] surface.layout bounds=440x836 window=true
2026-08-14T04:53:11.762Z [   11.869] surface.occlusion visible=true window=true hidden=false alpha=1.0
2026-08-14T04:53:11.762Z [   11.870] runtime.tick
2026-08-14T04:53:11.777Z [   11.884] geom container=440x714 scale=3.0 cellPx=18x35 natural=72x61 eff=72x61 pinned=nil renderRect=440x714@0
2026-08-14T04:53:11.881Z App feature event (Surface: 3992344058, Operation: terminalReplaySucceeded, Duration: 137 ms, Count: 11)
2026-08-14T04:53:11.881Z [   11.988] CMUX_REPLAY render_grid surface=33CE8C50-813F-4841-9EDE-EC9FAB3941D7 spans=11 seq=7320
2026-08-14T04:53:11.911Z App feature event (Surface: 3992344058, Operation: terminalArtifactListLoaded, Duration: 60 ms, Count: 0)
2026-08-14T04:53:11.913Z [   12.021] verified_replay.freeze transaction=2 contents=true
2026-08-14T04:53:11.913Z [   12.021] runtime.tick
2026-08-14T04:53:11.914Z [   12.021] runtime.tick
2026-08-14T04:53:11.914Z [   12.021] runtime.tick
2026-08-14T04:53:11.914Z [   12.021] runtime.tick
2026-08-14T04:53:11.914Z [   12.021] runtime.tick
2026-08-14T04:53:11.914Z [   12.021] runtime.tick
2026-08-14T04:53:11.929Z [   12.034] surface.layout bounds=440x836 window=true
2026-08-14T04:53:11.929Z [   12.034] surface.occlusion visible=true window=true hidden=false alpha=1.0
2026-08-14T04:53:11.929Z [   12.037] runtime.tick
2026-08-14T04:53:11.942Z [   12.050] verified_replay.reveal transaction=2
2026-08-14T04:53:11.943Z [   12.050] terminal.output.replay_barrier_cleared surface=33CE8C50-813F-4841-9EDE-EC9FAB3941D7
2026-08-14T04:53:11.943Z [   12.050] geom container=440x714 scale=3.0 cellPx=18x35 natural=72x61 eff=72x61 pinned=nil renderRect=440x714@0
2026-08-14T04:53:11.961Z [   12.068] surface.layout bounds=440x836 window=true
2026-08-14T04:53:11.961Z [   12.068] surface.occlusion visible=true window=true hidden=false alpha=1.0
2026-08-14T04:53:11.961Z [   12.069] runtime.tick
2026-08-14T04:53:11.977Z [   12.084] geom container=440x714 scale=3.0 cellPx=18x35 natural=72x61 eff=72x61 pinned=nil renderRect=440x714@0
2026-08-14T04:53:12.121Z App feature event (Surface: 3992344058, Operation: terminalArtifactListLoaded, Duration: 55 ms, Count: 0)
2026-08-14T04:53:12.731Z App feature event (Surface: 3992344058, Operation: terminalViewportClearStarted)
2026-08-14T04:53:12.750Z Composer disappeared
2026-08-14T04:53:12.752Z [   12.838] surface.didMoveToWindow window=false
2026-08-14T04:53:12.761Z Composer appeared
2026-08-14T04:53:12.775Z Composer disappeared
2026-08-14T04:53:12.786Z [   12.838] surface.occlusion visible=false window=false hidden=false alpha=1.0
2026-08-14T04:53:12.787Z [   12.859] runtime.tick
2026-08-14T04:53:12.816Z App feature event (Surface: 3992344058, Operation: terminalViewportClearSucceeded)
2026-08-14T04:53:13.921Z App feature event (Operation: computerListRefreshStarted)
2026-08-14T04:53:13.979Z App feature event (Operation: pairedMacStoreReadSucceeded, Duration: 57 ms, Count: 1)
2026-08-14T04:53:13.979Z App feature event (Operation: computerListRefreshSucceeded, Duration: 57 ms, Count: 1)
2026-08-14T04:53:13.979Z App feature event (Operation: deviceRegistryLoadStarted)
2026-08-14T04:53:19.991Z App feature event (Operation: changesSummaryLoadStarted, Count: 1)
2026-08-14T04:53:20.069Z App feature event (Operation: changesSummaryLoadSucceeded, Duration: 77 ms, Count: 1)
2026-08-14T04:53:20.069Z [   20.176] changes.summary ok requested=1 summaries=1 chips=0 sample=- reqSample=96741731
2026-08-14T04:53:24.476Z [   24.583] sync.liveness probe_ok silentMs=11514
2026-08-14T04:53:34.458Z [   34.565] sync.liveness probe_ok silentMs=9814
2026-08-14T04:53:36.799Z App feature event (Operation: computerListRefreshStarted)
2026-08-14T04:53:36.848Z App feature event (Operation: pairedMacStoreReadSucceeded, Duration: 48 ms, Count: 1)
2026-08-14T04:53:36.848Z App feature event (Operation: computerListRefreshSucceeded, Duration: 48 ms, Count: 1)
2026-08-14T04:53:36.848Z App feature event (Operation: deviceRegistryLoadStarted)
2026-08-14T04:53:44.475Z [   44.582] sync.liveness probe_ok silentMs=9951
2026-08-14T04:53:54.517Z [   54.624] sync.liveness probe_ok silentMs=9933
2026-08-14T04:54:04.477Z [   64.584] sync.liveness probe_ok silentMs=9891
2026-08-14T04:54:14.485Z [   74.593] sync.liveness probe_ok silentMs=9932
2026-08-14T04:54:24.482Z [   84.589] sync.liveness probe_ok silentMs=9830
2026-08-14T04:54:26.023Z App feature event (Operation: pairedMacStoreOpened)
2026-08-14T04:54:26.046Z App feature event (Operation: appBecameInactive)
2026-08-14T04:54:26.046Z App lifecycle changed (Phase: Inactive)
2026-08-14T04:54:30.467Z App feature event (Operation: pairedMacStoreOpened)
2026-08-14T04:54:30.486Z App feature event (Operation: appBackgrounded)
2026-08-14T04:54:30.486Z App lifecycle changed (Phase: Background)
2026-08-14T04:54:40.934Z App feature event (Operation: pairedMacStoreOpened)
2026-08-14T04:54:40.944Z App feature event (Operation: appBecameInactive)
2026-08-14T04:54:40.945Z App lifecycle changed (Phase: Inactive)
2026-08-14T04:54:40.956Z App feature event (Operation: presenceStreamFailed, Failure: Unknown failure)
2026-08-14T04:54:41.031Z [  101.139] sync.liveness probe_ok silentMs=16443
2026-08-14T04:54:41.237Z App feature event (Operation: pairedMacStoreOpened)
2026-08-14T04:54:41.262Z App feature event (Operation: appForegrounded)
2026-08-14T04:54:41.262Z App lifecycle changed (Phase: Active)
2026-08-14T04:54:41.265Z App feature event (Operation: authRevalidationStarted)
2026-08-14T04:54:41.277Z App feature event (Surface: 3839576348, Operation: workspaceListRefreshStarted)
2026-08-14T04:54:41.277Z App feature event (Surface: 3839576348, Operation: workspaceStateSyncStarted)
2026-08-14T04:54:41.278Z App feature event (Surface: 1470574927, Operation: pairedMacBackupRefreshStarted)
2026-08-14T04:54:41.278Z App feature event (Surface: 3898846951, Operation: pairedMacRestoreStarted)
2026-08-14T04:54:41.344Z App feature event (Surface: 3839576348, Operation: workspaceListRefreshSucceeded, Duration: 66 ms, Count: 1)
2026-08-14T04:54:42.360Z App feature event (Operation: authRevalidationSucceeded)
2026-08-14T04:54:42.366Z App feature event (Operation: presenceStreamUpdated, Count: 1)
2026-08-14T04:54:42.379Z App feature event (Operation: computerListRefreshStarted)
2026-08-14T04:54:42.380Z App feature event (Operation: pairedMacStoreReadSucceeded, Duration: 1 ms, Count: 1)
2026-08-14T04:54:42.380Z App feature event (Operation: computerListRefreshSucceeded, Duration: 1 ms, Count: 1)
2026-08-14T04:54:42.391Z App feature event (Surface: 1792432924, Operation: pairedMacBackupWriteStarted)
2026-08-14T04:54:42.402Z App feature event (Surface: 3898846951, Operation: pairedMacRestoreSucceeded, Count: 0)
2026-08-14T04:54:42.402Z App feature event (Surface: 3898846951, Operation: pairedMacBackupRefreshSucceeded, Count: 0)
2026-08-14T04:54:42.450Z App feature event (Surface: 1792432924, Operation: pairedMacBackupWriteSucceeded)
2026-08-14T04:54:42.450Z App feature event (Operation: computerListRefreshStarted)
2026-08-14T04:54:42.451Z App feature event (Operation: pairedMacStoreReadSucceeded, Duration: 0 ms, Count: 1)
2026-08-14T04:54:42.451Z App feature event (Operation: computerListRefreshSucceeded, Duration: 0 ms, Count: 1)
2026-08-14T04:54:43.287Z App feature event (Surface: 1470574927, Operation: pairedMacBackupRefreshStarted)
2026-08-14T04:54:43.287Z App feature event (Surface: 3898846951, Operation: pairedMacRestoreStarted)
2026-08-14T04:54:43.323Z App feature event (Surface: 3898846951, Operation: pairedMacRestoreSucceeded, Count: 0)
2026-08-14T04:54:43.323Z App feature event (Surface: 3898846951, Operation: pairedMacBackupRefreshSucceeded, Count: 0)
2026-08-14T04:54:51.996Z [  112.103] sync.liveness probe_ok silentMs=10877
2026-08-14T04:54:56.489Z App feature event (Operation: pairedMacStoreOpened)
2026-08-14T04:54:56.509Z App feature event (Operation: appBecameInactive)
2026-08-14T04:54:56.509Z App lifecycle changed (Phase: Inactive)
2026-08-14T04:54:57.848Z App feature event (Operation: pairedMacStoreOpened)
2026-08-14T04:54:57.880Z App feature event (Operation: appForegrounded)
2026-08-14T04:54:57.880Z App lifecycle changed (Phase: Active)
2026-08-14T04:54:57.883Z App feature event (Operation: authRevalidationStarted)
2026-08-14T04:54:58.833Z App feature event (Operation: authRevalidationSucceeded)
2026-08-14T04:55:01.632Z [  121.740] sync.liveness probe_ok silentMs=9569
2026-08-14T04:55:07.996Z App feature event (Operation: pairedMacStoreOpened)
2026-08-14T04:55:08.017Z App feature event (Operation: appBecameInactive)
2026-08-14T04:55:08.017Z App lifecycle changed (Phase: Inactive)
2026-08-14T04:55:09.290Z App feature event (Operation: pairedMacStoreOpened)
2026-08-14T04:55:09.323Z App feature event (Operation: appForegrounded)
2026-08-14T04:55:09.323Z App lifecycle changed (Phase: Active)
2026-08-14T04:55:09.326Z App feature event (Operation: authRevalidationStarted)
2026-08-14T04:55:09.896Z App feature event (Operation: authRevalidationSucceeded)
2026-08-14T04:55:11.993Z [  132.100] sync.liveness probe_ok silentMs=10200
2026-08-14T04:55:17.313Z App feature event (Operation: pairedMacStoreOpened)
2026-08-14T04:55:17.334Z App feature event (Operation: appBecameInactive)
2026-08-14T04:55:17.335Z App lifecycle changed (Phase: Inactive)
2026-08-14T04:55:18.615Z App feature event (Operation: pairedMacStoreOpened)
2026-08-14T04:55:18.647Z App feature event (Operation: appForegrounded)
2026-08-14T04:55:18.647Z App lifecycle changed (Phase: Active)
2026-08-14T04:55:18.650Z App feature event (Operation: authRevalidationStarted)
2026-08-14T04:55:19.035Z App feature event (Operation: pairedMacStoreOpened)
2026-08-14T04:55:19.067Z App feature event (Operation: appBecameInactive)
2026-08-14T04:55:19.067Z App lifecycle changed (Phase: Inactive)
2026-08-14T04:55:19.229Z App feature event (Operation: authRevalidationSucceeded)
2026-08-14T04:55:21.970Z [  142.077] sync.liveness probe_ok silentMs=9916
2026-08-14T04:55:24.204Z App feature event (Operation: pairedMacStoreOpened)
2026-08-14T04:55:24.227Z App feature event (Operation: appBackgrounded)
2026-08-14T04:55:24.227Z App lifecycle changed (Phase: Background)
2026-08-14T04:55:32.350Z App feature event (Operation: pairedMacStoreOpened)
2026-08-14T04:55:32.362Z App feature event (Operation: appBecameInactive)
2026-08-14T04:55:32.362Z App lifecycle changed (Phase: Inactive)
2026-08-14T04:55:32.381Z App feature event (Operation: presenceStreamFailed, Failure: Unknown failure)
2026-08-14T04:55:32.405Z [  152.512] sync.liveness probe_ok silentMs=10372
2026-08-14T04:55:32.653Z App feature event (Operation: pairedMacStoreOpened)
2026-08-14T04:55:32.680Z App feature event (Operation: appForegrounded)
2026-08-14T04:55:32.680Z App lifecycle changed (Phase: Active)
2026-08-14T04:55:32.682Z App feature event (Operation: authRevalidationStarted)
2026-08-14T04:55:32.689Z App feature event (Surface: 3839576348, Operation: workspaceListRefreshStarted)
2026-08-14T04:55:32.689Z App feature event (Surface: 3839576348, Operation: workspaceStateSyncStarted)
2026-08-14T04:55:32.689Z App feature event (Surface: 1470574927, Operation: pairedMacBackupRefreshStarted)
2026-08-14T04:55:32.689Z App feature event (Surface: 3898846951, Operation: pairedMacRestoreStarted)
2026-08-14T04:55:32.747Z App feature event (Surface: 3839576348, Operation: workspaceListRefreshSucceeded, Duration: 58 ms, Count: 1)
2026-08-14T04:55:32.753Z App feature event (Surface: 3898846951, Operation: pairedMacRestoreSucceeded, Count: 0)
2026-08-14T04:55:32.753Z App feature event (Surface: 3898846951, Operation: pairedMacBackupRefreshSucceeded, Count: 0)
2026-08-14T04:55:33.425Z App feature event (Operation: authRevalidationSucceeded)
2026-08-14T04:55:33.824Z App feature event (Operation: presenceStreamUpdated, Count: 1)
2026-08-14T04:55:33.843Z App feature event (Operation: computerListRefreshStarted)
2026-08-14T04:55:33.844Z App feature event (Operation: pairedMacStoreReadSucceeded, Duration: 0 ms, Count: 1)
2026-08-14T04:55:33.844Z App feature event (Operation: computerListRefreshSucceeded, Duration: 0 ms, Count: 1)
2026-08-14T04:55:34.032Z App feature event (Surface: 1470574927, Operation: pairedMacBackupRefreshStarted)
2026-08-14T04:55:34.032Z App feature event (Surface: 3898846951, Operation: pairedMacRestoreStarted)
2026-08-14T04:55:34.131Z App feature event (Surface: 3898846951, Operation: pairedMacRestoreSucceeded, Count: 0)
2026-08-14T04:55:34.131Z App feature event (Surface: 3898846951, Operation: pairedMacBackupRefreshSucceeded, Count: 0)
2026-08-14T04:55:41.834Z [  161.942] sync.liveness probe_ok silentMs=9368
2026-08-14T04:55:51.982Z [  172.090] sync.liveness probe_ok silentMs=9981
2026-08-14T04:56:01.918Z [  182.026] sync.liveness probe_ok silentMs=9833
2026-08-14T04:56:11.980Z [  192.087] sync.liveness probe_ok silentMs=9897
2026-08-14T04:56:13.741Z App feature event (Operation: pairedMacStoreOpened)
2026-08-14T04:56:13.761Z App feature event (Operation: appBecameInactive)
2026-08-14T04:56:13.761Z App lifecycle changed (Phase: Inactive)
2026-08-14T04:56:15.047Z App feature event (Operation: pairedMacStoreOpened)
2026-08-14T04:56:15.080Z App feature event (Operation: appForegrounded)
2026-08-14T04:56:15.080Z App lifecycle changed (Phase: Active)
2026-08-14T04:56:15.083Z App feature event (Operation: authRevalidationStarted)
2026-08-14T04:56:16.326Z App feature event (Operation: authRevalidationSucceeded)
2026-08-14T04:56:21.966Z [  202.074] sync.liveness probe_ok silentMs=9928
2026-08-14T04:56:31.612Z [  211.720] sync.liveness probe_ok silentMs=9587
2026-08-14T04:56:41.972Z [  222.080] sync.liveness probe_ok silentMs=10296
2026-08-14T04:57:31.762Z App feature event (Operation: appLaunched)
2026-08-14T04:57:31.762Z App feature event (Operation: crashReportingDisabled)
2026-08-14T04:57:31.764Z App feature event (Operation: authRestoreStarted)
2026-08-14T04:57:31.764Z App feature event (Operation: pushConfigured)
2026-08-14T04:57:31.797Z App feature event (Operation: pairedMacStoreOpened)
2026-08-14T04:57:31.822Z App feature event (Operation: appBecameInactive)
2026-08-14T04:57:31.822Z App lifecycle changed (Phase: Inactive)
2026-08-14T04:57:31.826Z App feature event (Operation: presenceStreamStarted)
2026-08-14T04:57:31.826Z App feature event (Operation: tailscaleStatusChanged, Count: 0)
2026-08-14T04:57:31.826Z App feature event (Operation: primaryTabSelected, Tab: workspaces)
2026-08-14T04:57:32.044Z App feature event (Operation: pairedMacStoreOpened)
2026-08-14T04:57:32.059Z App feature event (Operation: appForegrounded)
2026-08-14T04:57:32.059Z App lifecycle changed (Phase: Active)
2026-08-14T04:57:32.060Z App feature event (Operation: authRevalidationStarted)
2026-08-14T04:57:32.857Z App feature event (Operation: presenceStreamUpdated, Count: 1)
2026-08-14T04:57:32.875Z App feature event (Operation: computerListRefreshStarted)
2026-08-14T04:57:32.895Z App feature event (Surface: 1284209471, Operation: pairedMacRestoreStarted)
2026-08-14T04:57:32.904Z App feature event (Operation: authRevalidationSucceeded)
2026-08-14T04:57:32.904Z App feature event (Operation: authRestoreSucceeded, Count: 1)
2026-08-14T04:57:32.904Z App feature event (Operation: presenceStreamStarted)
2026-08-14T04:57:32.919Z App feature event (Operation: reconnectStarted)
2026-08-14T04:57:32.920Z App feature event (Surface: 1284209471, Operation: pairedMacRestoreFailed, Failure: Unknown failure, Count: 0)
2026-08-14T04:57:32.924Z App feature event (Surface: 915306117, Operation: pairedMacBackupRefreshStarted)
2026-08-14T04:57:32.924Z App feature event (Surface: 1284209471, Operation: pairedMacRestoreStarted)
2026-08-14T04:57:33.394Z App feature event (Operation: presenceStreamUpdated, Count: 1)
2026-08-14T04:57:33.400Z App feature event (Surface: 1284209471, Operation: pairedMacRestoreSucceeded, Count: 0)
2026-08-14T04:57:33.400Z App feature event (Surface: 1284209471, Operation: pairedMacBackupRefreshSucceeded, Count: 0)
2026-08-14T04:57:33.401Z App feature event (Operation: computerListRefreshStarted)
2026-08-14T04:57:33.403Z App feature event (Operation: pairedMacStoreReadSucceeded, Duration: 1 ms, Count: 1)
2026-08-14T04:57:33.403Z App feature event (Operation: computerListRefreshSucceeded, Duration: 1 ms, Count: 1)
2026-08-14T04:57:33.448Z [    1.688] connection.recovery coalesced trigger=presencePush storedMacGeneration=2
2026-08-14T04:57:33.448Z App feature event (Surface: 915306117, Operation: pairedMacBackupRefreshStarted)
2026-08-14T04:57:33.448Z App feature event (Surface: 1284209471, Operation: pairedMacRestoreStarted)
2026-08-14T04:57:33.477Z App feature event (Operation: pairedMacStoreOpened)
2026-08-14T04:57:33.482Z App feature event (Operation: appBecameInactive)
2026-08-14T04:57:33.482Z App lifecycle changed (Phase: Inactive)
2026-08-14T04:57:33.489Z App feature event (Surface: 1284209471, Operation: pairedMacRestoreSucceeded, Count: 0)
2026-08-14T04:57:33.489Z App feature event (Surface: 1284209471, Operation: pairedMacBackupRefreshSucceeded, Count: 0)
2026-08-14T04:57:34.790Z App feature event (Surface: 2407673799, Operation: pairedMacStoreWriteStarted)
2026-08-14T04:57:34.794Z App feature event (Surface: 2106543488, Operation: pairedMacBackupWriteStarted)
2026-08-14T04:57:34.870Z App feature event (Surface: 2106543488, Operation: pairedMacBackupWriteSucceeded)
2026-08-14T04:57:34.870Z App feature event (Surface: 2407673799, Operation: pairedMacStoreWriteSucceeded, Duration: 79 ms)
2026-08-14T04:57:34.870Z App feature event (Surface: 2407673799, Operation: computerRoutesUpdated, Duration: 80 ms, Count: 1)
2026-08-14T04:57:34.871Z App feature event (Surface: 2407673799, Operation: capabilitySnapshotReceived, Count: 48)
2026-08-14T04:57:34.872Z App feature event (Operation: surfaceListUpdated, Count: 1)
2026-08-14T04:57:34.872Z App feature event (Surface: 3098519388, Operation: surfaceFocused)
2026-08-14T04:57:34.872Z App feature event (Surface: 2407673799, Operation: connectionStateChanged, Count: 1)
2026-08-14T04:57:34.939Z App feature event (Operation: pairedMacStoreOpened)
2026-08-14T04:57:34.954Z App feature event (Operation: appForegrounded)
2026-08-14T04:57:34.954Z App lifecycle changed (Phase: Active)
2026-08-14T04:57:34.956Z App feature event (Operation: authRevalidationStarted)
2026-08-14T04:57:34.967Z App feature event (Operation: terminalThemeChanged)
2026-08-14T04:57:34.968Z App feature event (Surface: 2407673799, Operation: pairedMacStoreWriteStarted)
2026-08-14T04:57:34.968Z App feature event (Surface: 3180459242, Operation: browserListRefreshStarted)
2026-08-14T04:57:34.968Z [    3.212] macupdate.hint caps=48 version=0.64.22 hint=nil
2026-08-14T04:57:34.981Z App feature event (Surface: 2407673799, Operation: reconnectSucceeded, Duration: 2.061 seconds)
2026-08-14T04:57:34.981Z App feature event (Surface: 915306117, Operation: pairedMacBackupRefreshStarted)
2026-08-14T04:57:34.981Z App feature event (Surface: 1284209471, Operation: pairedMacRestoreStarted)
2026-08-14T04:57:34.982Z App feature event (Surface: 2106543488, Operation: pairedMacBackupWriteStarted)
2026-08-14T04:57:35.012Z App feature event (Surface: 1284209471, Operation: pairedMacRestoreSucceeded, Count: 0)
2026-08-14T04:57:35.012Z App feature event (Surface: 1284209471, Operation: pairedMacBackupRefreshSucceeded, Count: 0)
2026-08-14T04:57:35.045Z App feature event (Surface: 2106543488, Operation: pairedMacBackupWriteSucceeded)
2026-08-14T04:57:35.046Z App feature event (Surface: 2407673799, Operation: pairedMacStoreWriteSucceeded, Duration: 78 ms)
2026-08-14T04:57:35.046Z App feature event (Surface: 2407673799, Operation: computerRoutesUpdated, Duration: 78 ms, Count: 1)
2026-08-14T04:57:35.046Z [    3.291] sync.transport=render_grid
2026-08-14T04:57:35.046Z App feature event (Surface: 2407673799, Operation: notificationFeedLoadStarted)
2026-08-14T04:57:35.054Z App feature event (Surface: 3180459242, Operation: browserListRefreshSucceeded, Duration: 85 ms, Count: 0)
2026-08-14T04:57:35.104Z App feature event (Surface: 2407673799, Operation: notificationFeedLoadSucceeded, Duration: 57 ms, Count: 0)
2026-08-14T04:57:35.222Z App feature event (Operation: changesSummaryLoadStarted, Count: 1)
2026-08-14T04:57:35.315Z App feature event (Operation: changesSummaryLoadSucceeded, Duration: 92 ms, Count: 1)
2026-08-14T04:57:35.315Z [    3.559] changes.summary ok requested=1 summaries=1 chips=0 sample=- reqSample=96741731
2026-08-14T04:57:35.557Z App feature event (Operation: authRevalidationSucceeded)
2026-08-14T04:57:36.863Z App feature event (Operation: terminalStreamSubscribed, Count: 16)
2026-08-14T04:57:36.864Z App feature event (Surface: 2407673799, Operation: workspaceStateSyncStarted)
2026-08-14T04:57:36.864Z App feature event (Surface: 2407673799, Operation: workspaceListRefreshStarted)
2026-08-14T04:57:36.864Z App feature event (Surface: 3180459242, Operation: browserListRefreshStarted)
2026-08-14T04:57:36.902Z [    5.109] sync.subscribe_ok topics=16 transport=renderGrid
2026-08-14T04:57:36.903Z App feature event (Surface: 2407673799, Operation: workspaceListRefreshStarted)
2026-08-14T04:57:36.903Z App feature event (Surface: 3180459242, Operation: browserListRefreshStarted)
2026-08-14T04:57:36.903Z App feature event (Surface: 2407673799, Operation: workspaceListRefreshFailed, Failure: Cancelled, Duration: 38 ms)
2026-08-14T04:57:36.926Z App feature event (Surface: 3180459242, Operation: browserListRefreshSucceeded, Duration: 61 ms, Count: 0)
2026-08-14T04:57:36.962Z App feature event (Surface: 2407673799, Operation: workspaceStateSyncSucceeded, Count: 1)
2026-08-14T04:57:36.964Z App feature event (Surface: 2407673799, Operation: workspaceListRefreshSucceeded, Duration: 61 ms, Count: 1)
2026-08-14T04:57:36.965Z App feature event (Surface: 3180459242, Operation: browserListRefreshSucceeded, Duration: 61 ms, Count: 0)
2026-08-14T04:57:36.973Z App feature event (Operation: notificationBadgeReconciled, Count: 0)
2026-08-14T04:57:36.973Z App feature event (Operation: notificationBadgeReconciled, Duration: 70 ms, Count: 0)
2026-08-14T04:57:36.974Z [    5.218] notif.reconcile delivered=0 handled=0 unread=0
2026-08-14T04:57:37.216Z App feature event (Operation: changesSummaryLoadStarted, Count: 1)
2026-08-14T04:57:37.216Z App feature event (Operation: changesSummaryLoadSucceeded, Duration: 0 ms, Count: 0)
2026-08-14T04:57:47.878Z [   16.123] sync.liveness probe_ok silentMs=10906
2026-08-14T04:57:48.237Z App feature event (Operation: presenceStreamUpdated, Count: 1)
2026-08-14T04:57:48.260Z App feature event (Operation: computerListRefreshStarted)
2026-08-14T04:57:48.261Z App feature event (Operation: pairedMacStoreReadSucceeded, Duration: 1 ms, Count: 1)
2026-08-14T04:57:48.261Z App feature event (Operation: computerListRefreshSucceeded, Duration: 1 ms, Count: 1)
2026-08-14T04:57:48.293Z App feature event (Surface: 2106543488, Operation: pairedMacBackupWriteStarted)
2026-08-14T04:57:48.368Z App feature event (Surface: 2106543488, Operation: pairedMacBackupWriteSucceeded)
2026-08-14T04:57:48.368Z App feature event (Operation: computerListRefreshStarted)
2026-08-14T04:57:48.369Z App feature event (Operation: pairedMacStoreReadSucceeded, Duration: 1 ms, Count: 1)
2026-08-14T04:57:48.370Z App feature event (Operation: computerListRefreshSucceeded, Duration: 1 ms, Count: 1)
2026-08-14T04:57:50.611Z App feature event (Operation: changesSummaryLoadStarted, Count: 1)
2026-08-14T04:57:50.796Z App feature event (Operation: changesSummaryLoadSucceeded, Duration: 184 ms, Count: 1)
2026-08-14T04:57:50.796Z [   19.041] changes.summary ok requested=1 summaries=1 chips=0 sample=- reqSample=96741731
2026-08-14T04:57:57.860Z [   26.105] sync.liveness probe_ok silentMs=9905
2026-08-14T04:58:03.370Z App feature event (Operation: pairedMacStoreOpened)
2026-08-14T04:58:03.391Z App feature event (Operation: appBecameInactive)
2026-08-14T04:58:03.391Z App lifecycle changed (Phase: Inactive)
2026-08-14T04:58:04.706Z App feature event (Operation: pairedMacStoreOpened)
2026-08-14T04:58:04.738Z App feature event (Operation: appForegrounded)
2026-08-14T04:58:04.738Z App lifecycle changed (Phase: Active)
2026-08-14T04:58:04.740Z App feature event (Operation: authRevalidationStarted)
2026-08-14T04:58:05.225Z App feature event (Operation: authRevalidationSucceeded)
2026-08-14T04:58:06.817Z App feature event (Operation: changesSummaryLoadStarted, Count: 1)
2026-08-14T04:58:06.914Z App feature event (Operation: changesSummaryLoadSucceeded, Duration: 97 ms, Count: 1)
2026-08-14T04:58:06.914Z [   35.158] changes.summary ok requested=1 summaries=1 chips=0 sample=- reqSample=96741731
2026-08-14T04:58:07.932Z [   36.177] sync.liveness probe_ok silentMs=9997
2026-08-14T04:58:17.583Z [   45.828] sync.liveness probe_ok silentMs=9591
2026-08-14T04:58:26.889Z App feature event (Operation: pairedMacStoreOpened)
2026-08-14T04:58:26.909Z App feature event (Operation: appBecameInactive)
2026-08-14T04:58:26.909Z App lifecycle changed (Phase: Inactive)
2026-08-14T04:58:28.042Z [   56.287] sync.liveness probe_ok silentMs=10289
2026-08-14T04:58:28.195Z App feature event (Operation: pairedMacStoreOpened)
2026-08-14T04:58:28.227Z App feature event (Operation: appForegrounded)
2026-08-14T04:58:28.227Z App lifecycle changed (Phase: Active)
2026-08-14T04:58:28.229Z App feature event (Operation: authRevalidationStarted)
2026-08-14T04:58:28.789Z App feature event (Operation: authRevalidationSucceeded)
2026-08-14T04:58:38.078Z [   66.323] sync.liveness probe_ok silentMs=9805
2026-08-14T04:58:46.383Z App feature event (Operation: pairedMacStoreOpened)
2026-08-14T04:58:46.415Z App feature event (Operation: appBecameInactive)
2026-08-14T04:58:46.415Z App lifecycle changed (Phase: Inactive)
2026-08-14T04:58:47.925Z [   76.170] sync.liveness probe_ok silentMs=9770
2026-08-14T04:58:49.649Z App feature event (Operation: pairedMacStoreOpened)
2026-08-14T04:58:49.668Z App feature event (Operation: appBackgrounded)
2026-08-14T04:58:49.668Z App lifecycle changed (Phase: Background)
2026-08-14T05:06:58.027Z App feature event (Operation: pairedMacStoreOpened)
2026-08-14T05:06:58.033Z App feature event (Operation: appBecameInactive)
2026-08-14T05:06:58.033Z App lifecycle changed (Phase: Inactive)
2026-08-14T05:06:58.045Z App feature event (Operation: presenceStreamFailed, Failure: Cancelled)
2026-08-14T05:06:58.323Z App feature event (Operation: pairedMacStoreOpened)
2026-08-14T05:06:58.350Z App feature event (Operation: appForegrounded)
2026-08-14T05:06:58.350Z App lifecycle changed (Phase: Active)
2026-08-14T05:06:58.353Z App feature event (Operation: authRevalidationStarted)
2026-08-14T05:06:58.365Z App feature event (Surface: 2407673799, Operation: workspaceListRefreshStarted)
2026-08-14T05:06:58.365Z App feature event (Surface: 2407673799, Operation: workspaceStateSyncStarted)
2026-08-14T05:06:58.365Z App feature event (Surface: 915306117, Operation: pairedMacBackupRefreshStarted)
2026-08-14T05:06:58.365Z App feature event (Surface: 1284209471, Operation: pairedMacRestoreStarted)
2026-08-14T05:06:59.147Z App feature event (Surface: 2407673799, Operation: workspaceListRecoveryStarted)
2026-08-14T05:06:59.147Z App feature event (Surface: 2407673799, Operation: workspaceListRefreshStarted)
2026-08-14T05:06:59.739Z App feature event (Operation: authRevalidationSucceeded)
2026-08-14T05:06:59.760Z App feature event (Operation: terminalStreamEnded, Failure: Connection closed)
2026-08-14T05:06:59.761Z App feature event (Surface: 2407673799, Operation: workspaceStateSyncFailed, Failure: Connection closed)
2026-08-14T05:06:59.761Z App feature event (Surface: 2407673799, Operation: workspaceStateSyncFellBack)
2026-08-14T05:06:59.761Z [  568.005] sync.stream_ended redialing stored Mac
2026-08-14T05:06:59.761Z App feature event (Surface: 2407673799, Operation: workspaceListRefreshFailed, Failure: Unknown failure, Duration: 1.396 seconds)
2026-08-14T05:06:59.761Z App feature event (Surface: 2407673799, Operation: connectionStateChanged, Count: 0)
2026-08-14T05:06:59.761Z App feature event (Surface: 2407673799, Operation: capabilitySnapshotReceived, Count: 0)
2026-08-14T05:06:59.787Z App feature event (Surface: 1284209471, Operation: pairedMacRestoreSucceeded, Count: 0)
2026-08-14T05:06:59.787Z App feature event (Surface: 1284209471, Operation: pairedMacBackupRefreshSucceeded, Count: 0)
2026-08-14T05:06:59.788Z App feature event (Surface: 2407673799, Operation: workspaceListRefreshFailed, Failure: Unknown failure, Duration: 640 ms)
2026-08-14T05:06:59.788Z [  568.005] connection.recovery cancelled trigger=foreground attempt=0154BDD7-1AE2-45FF-A2B6-41D995D4011F
2026-08-14T05:06:59.788Z [  568.006] sync.v2 fetch failed; falling back
2026-08-14T05:06:59.788Z App feature event (Surface: 915306117, Operation: pairedMacBackupRefreshStarted)
2026-08-14T05:06:59.798Z [  568.006] sync.v2 fallback to legacy after fetch failure
2026-08-14T05:06:59.798Z App feature event (Surface: 1284209471, Operation: pairedMacRestoreStarted)
2026-08-14T05:06:59.806Z [  568.007] connection.recovery waiting for physical transport drain attempt=8685A46E-98FE-4F56-BC5C-F6EA1AF6D77B
2026-08-14T05:06:59.806Z App feature event (Operation: presenceStreamUpdated, Count: 1)
2026-08-14T05:06:59.807Z [  568.033] sync.v2 fallback loop guard exited
2026-08-14T05:06:59.808Z [  568.033] connection.recovery physical transport drained attempt=8685A46E-98FE-4F56-BC5C-F6EA1AF6D77B
2026-08-14T05:06:59.808Z App feature event (Operation: computerListRefreshStarted)
2026-08-14T05:06:59.809Z App feature event (Operation: pairedMacStoreReadSucceeded, Duration: 0 ms, Count: 1)
2026-08-14T05:06:59.809Z App feature event (Operation: computerListRefreshSucceeded, Duration: 0 ms, Count: 1)
2026-08-14T05:06:59.829Z App feature event (Surface: 915306117, Operation: pairedMacBackupRefreshStarted)
2026-08-14T05:06:59.900Z App feature event (Surface: 1284209471, Operation: pairedMacRestoreSucceeded, Count: 0)
2026-08-14T05:06:59.900Z App feature event (Surface: 1284209471, Operation: pairedMacBackupRefreshSucceeded, Count: 0)
2026-08-14T05:06:59.901Z App feature event (Surface: 1284209471, Operation: pairedMacBackupRefreshSucceeded, Count: 0)
2026-08-14T05:06:59.901Z App feature event (Surface: 2407673799, Operation: workspaceListRecoveryFailed, Failure: Connection closed, Duration: 753 ms)
2026-08-14T05:07:01.448Z App feature event (Surface: 2407673799, Operation: pairedMacStoreWriteStarted)
2026-08-14T05:07:01.454Z App feature event (Surface: 2106543488, Operation: pairedMacBackupWriteStarted)
2026-08-14T05:07:01.523Z App feature event (Surface: 2106543488, Operation: pairedMacBackupWriteSucceeded)
2026-08-14T05:07:01.524Z App feature event (Surface: 2407673799, Operation: pairedMacStoreWriteSucceeded, Duration: 76 ms)
2026-08-14T05:07:01.524Z App feature event (Surface: 2407673799, Operation: computerRoutesUpdated, Duration: 76 ms, Count: 1)
2026-08-14T05:07:01.525Z App feature event (Surface: 2407673799, Operation: capabilitySnapshotReceived, Count: 48)
2026-08-14T05:07:01.525Z App feature event (Surface: 2407673799, Operation: connectionStateChanged, Count: 1)
2026-08-14T05:07:01.572Z App feature event (Surface: 2407673799, Operation: pairedMacStoreWriteStarted)
2026-08-14T05:07:01.572Z [  569.817] macupdate.hint caps=48 version=0.64.22 hint=nil
2026-08-14T05:07:01.572Z App feature event (Surface: 3180459242, Operation: browserListRefreshStarted)
2026-08-14T05:07:01.586Z App feature event (Surface: 915306117, Operation: pairedMacBackupRefreshStarted)
2026-08-14T05:07:01.586Z App feature event (Surface: 1284209471, Operation: pairedMacRestoreStarted)
2026-08-14T05:07:01.587Z App feature event (Surface: 2106543488, Operation: pairedMacBackupWriteStarted)
2026-08-14T05:07:01.688Z App feature event (Surface: 1284209471, Operation: pairedMacRestoreSucceeded, Count: 0)
2026-08-14T05:07:01.688Z App feature event (Surface: 1284209471, Operation: pairedMacBackupRefreshSucceeded, Count: 0)
2026-08-14T05:07:01.716Z App feature event (Surface: 3180459242, Operation: browserListRefreshSucceeded, Duration: 143 ms, Count: 0)
2026-08-14T05:07:01.728Z App feature event (Surface: 2106543488, Operation: pairedMacBackupWriteSucceeded)
2026-08-14T05:07:01.728Z App feature event (Surface: 2407673799, Operation: pairedMacStoreWriteSucceeded, Duration: 156 ms)
2026-08-14T05:07:01.728Z App feature event (Surface: 2407673799, Operation: computerRoutesUpdated, Duration: 156 ms, Count: 1)
2026-08-14T05:07:01.728Z App feature event (Surface: 2407673799, Operation: notificationFeedLoadStarted)
2026-08-14T05:07:01.750Z [  569.973] sync.transport=render_grid
2026-08-14T05:07:01.827Z App feature event (Operation: changesSummaryLoadStarted, Count: 1)
2026-08-14T05:07:01.862Z App feature event (Surface: 2407673799, Operation: notificationFeedLoadSucceeded, Duration: 133 ms, Count: 0)
2026-08-14T05:07:01.887Z App feature event (Operation: terminalStreamSubscribed, Count: 16)
2026-08-14T05:07:01.887Z App feature event (Surface: 2407673799, Operation: workspaceStateSyncStarted)
2026-08-14T05:07:01.887Z App feature event (Surface: 2407673799, Operation: workspaceListRefreshStarted)
2026-08-14T05:07:01.887Z App feature event (Surface: 3180459242, Operation: browserListRefreshStarted)
2026-08-14T05:07:01.887Z [  570.132] sync.subscribe_ok topics=16 transport=renderGrid
2026-08-14T05:07:01.915Z App feature event (Surface: 2407673799, Operation: workspaceListRefreshStarted)
2026-08-14T05:07:01.915Z App feature event (Surface: 3180459242, Operation: browserListRefreshStarted)
2026-08-14T05:07:01.916Z App feature event (Surface: 2407673799, Operation: workspaceListRefreshFailed, Failure: Cancelled, Duration: 28 ms)
2026-08-14T05:07:01.992Z App feature event (Operation: changesSummaryLoadSucceeded, Duration: 165 ms, Count: 1)
2026-08-14T05:07:01.993Z [  570.237] changes.summary ok requested=1 summaries=1 chips=0 sample=- reqSample=96741731
2026-08-14T05:07:01.993Z App feature event (Surface: 3180459242, Operation: browserListRefreshSucceeded, Duration: 105 ms, Count: 0)
2026-08-14T05:07:01.997Z App feature event (Surface: 2407673799, Operation: workspaceListRefreshSucceeded, Duration: 81 ms, Count: 1)
2026-08-14T05:07:01.997Z App feature event (Operation: notificationBadgeReconciled, Count: 0)
2026-08-14T05:07:01.997Z App feature event (Operation: notificationBadgeReconciled, Duration: 109 ms, Count: 0)
2026-08-14T05:07:01.997Z App feature event (Surface: 3180459242, Operation: browserListRefreshSucceeded, Duration: 81 ms, Count: 0)
2026-08-14T05:07:01.997Z [  570.242] notif.reconcile delivered=0 handled=0 unread=0
2026-08-14T05:07:02.264Z App feature event (Operation: changesSummaryLoadStarted, Count: 1)
2026-08-14T05:07:02.264Z App feature event (Operation: changesSummaryLoadSucceeded, Duration: 0 ms, Count: 0)
2026-08-14T05:07:05.160Z App feature event (Operation: presenceStreamUpdated, Count: 1)
2026-08-14T05:07:05.183Z App feature event (Operation: computerListRefreshStarted)
2026-08-14T05:07:05.184Z App feature event (Operation: pairedMacStoreReadSucceeded, Duration: 1 ms, Count: 1)
2026-08-14T05:07:05.184Z App feature event (Operation: computerListRefreshSucceeded, Duration: 1 ms, Count: 1)
2026-08-14T05:07:05.208Z App feature event (Surface: 2106543488, Operation: pairedMacBackupWriteStarted)
2026-08-14T05:07:05.313Z App feature event (Surface: 2106543488, Operation: pairedMacBackupWriteSucceeded)
2026-08-14T05:07:05.313Z App feature event (Operation: computerListRefreshStarted)
2026-08-14T05:07:05.315Z App feature event (Operation: pairedMacStoreReadSucceeded, Duration: 1 ms, Count: 1)
2026-08-14T05:07:05.315Z App feature event (Operation: computerListRefreshSucceeded, Duration: 1 ms, Count: 1)
2026-08-14T05:07:06.125Z App feature event (Operation: pairedMacStoreOpened)
2026-08-14T05:07:06.157Z App feature event (Operation: appBecameInactive)
2026-08-14T05:07:06.157Z App lifecycle changed (Phase: Inactive)
2026-08-14T05:07:08.157Z App feature event (Operation: pairedMacStoreOpened)
2026-08-14T05:07:08.190Z App feature event (Operation: appForegrounded)
2026-08-14T05:07:08.190Z App lifecycle changed (Phase: Active)
2026-08-14T05:07:08.192Z App feature event (Operation: authRevalidationStarted)
2026-08-14T05:07:08.500Z App feature event (Operation: computerListRefreshStarted)
2026-08-14T05:07:08.560Z App feature event (Operation: pairedMacStoreReadSucceeded, Duration: 59 ms, Count: 1)
2026-08-14T05:07:08.560Z App feature event (Operation: computerListRefreshSucceeded, Duration: 59 ms, Count: 1)
2026-08-14T05:07:08.560Z App feature event (Operation: deviceRegistryLoadStarted)
2026-08-14T05:07:08.935Z App feature event (Operation: pairedMacStoreOpened)
2026-08-14T05:07:08.964Z App feature event (Operation: appBecameInactive)
2026-08-14T05:07:08.964Z App lifecycle changed (Phase: Inactive)
2026-08-14T05:07:09.055Z App feature event (Operation: authRevalidationSucceeded)
2026-08-14T05:07:10.298Z App feature event (Operation: pairedMacStoreOpened)
2026-08-14T05:07:10.339Z App feature event (Operation: appForegrounded)
2026-08-14T05:07:10.339Z App lifecycle changed (Phase: Active)
2026-08-14T05:07:10.341Z App feature event (Operation: authRevalidationStarted)
2026-08-14T05:07:10.936Z App feature event (Operation: authRevalidationSucceeded)
2026-08-14T05:07:12.147Z [  580.392] sync.liveness probe_ok silentMs=10121
2026-08-14T05:07:17.287Z App feature event (Operation: changesSummaryLoadStarted, Count: 1)
2026-08-14T05:07:17.561Z App feature event (Operation: changesSummaryLoadSucceeded, Duration: 274 ms, Count: 1)
2026-08-14T05:07:17.561Z [  585.806] changes.summary ok requested=1 summaries=1 chips=0 sample=- reqSample=96741731
2026-08-14T05:07:18.562Z App feature event (Operation: computerListRefreshStarted)
2026-08-14T05:07:18.564Z App feature event (Operation: pairedMacStoreReadSucceeded, Duration: 2 ms, Count: 1)
2026-08-14T05:07:18.564Z App feature event (Operation: computerListRefreshSucceeded, Duration: 2 ms, Count: 1)
2026-08-14T05:07:18.564Z App feature event (Surface: 2407673799, Operation: workspaceListRefreshStarted)
2026-08-14T05:07:18.564Z App feature event (Surface: 2407673799, Operation: workspaceStateSyncStarted)
2026-08-14T05:07:18.677Z App feature event (Surface: 2407673799, Operation: workspaceListRefreshSucceeded, Duration: 112 ms, Count: 1)
2026-08-14T05:07:22.393Z [  590.638] sync.liveness probe_ok silentMs=9874
2026-08-14T05:07:32.089Z [  600.334] sync.liveness probe_ok silentMs=9553
2026-08-14T05:07:37.586Z App feature event (Operation: pairedMacStoreOpened)
2026-08-14T05:07:37.607Z App feature event (Operation: appBecameInactive)
2026-08-14T05:07:37.607Z App lifecycle changed (Phase: Inactive)
2026-08-14T05:07:38.992Z App feature event (Operation: pairedMacStoreOpened)
2026-08-14T05:07:39.024Z App feature event (Operation: appForegrounded)
2026-08-14T05:07:39.024Z App lifecycle changed (Phase: Active)
2026-08-14T05:07:39.027Z App feature event (Operation: authRevalidationStarted)
2026-08-14T05:07:39.917Z App feature event (Operation: authRevalidationSucceeded)
2026-08-14T05:07:42.127Z [  610.371] sync.liveness probe_ok silentMs=9926
2026-08-14T05:07:52.070Z [  620.314] sync.liveness probe_ok silentMs=9882
2026-08-14T05:08:02.014Z [  630.258] sync.liveness probe_ok silentMs=9877
2026-08-14T05:08:06.152Z App feature event (Operation: computerListRefreshStarted)
2026-08-14T05:08:06.205Z App feature event (Operation: pairedMacStoreReadSucceeded, Duration: 52 ms, Count: 1)
2026-08-14T05:08:06.205Z App feature event (Operation: computerListRefreshSucceeded, Duration: 52 ms, Count: 1)
2026-08-14T05:08:06.205Z App feature event (Operation: deviceRegistryLoadStarted)
2026-08-14T05:21:52.995Z App feature event (Operation: appLaunched)
2026-08-14T05:21:52.995Z App feature event (Operation: crashReportingDisabled)
2026-08-14T05:21:52.998Z App feature event (Operation: authRestoreStarted)
2026-08-14T05:21:52.998Z App feature event (Operation: pushConfigured)
2026-08-14T05:21:53.027Z App feature event (Operation: pairedMacStoreOpened)
2026-08-14T05:21:53.084Z App feature event (Operation: appBecameInactive)
2026-08-14T05:21:53.084Z App lifecycle changed (Phase: Inactive)
2026-08-14T05:21:53.088Z App feature event (Operation: presenceStreamStarted)
2026-08-14T05:21:53.088Z App feature event (Operation: tailscaleStatusChanged, Count: 0)
2026-08-14T05:21:53.088Z App feature event (Operation: primaryTabSelected, Tab: workspaces)
2026-08-14T05:21:53.407Z App feature event (Operation: pairedMacStoreOpened)
2026-08-14T05:21:53.437Z App feature event (Operation: appForegrounded)
2026-08-14T05:21:53.437Z App lifecycle changed (Phase: Active)
2026-08-14T05:21:53.439Z App feature event (Operation: authRevalidationStarted)
2026-08-14T05:21:54.087Z App feature event (Operation: presenceStreamUpdated, Count: 1)
2026-08-14T05:21:54.102Z App feature event (Operation: computerListRefreshStarted)
2026-08-14T05:21:54.102Z App feature event (Surface: 2106943940, Operation: pairedMacRestoreStarted)
2026-08-14T05:21:54.185Z App feature event (Surface: 2106943940, Operation: pairedMacRestoreSucceeded, Count: 0)
2026-08-14T05:21:54.202Z App feature event (Operation: pairedMacStoreReadSucceeded, Duration: 100 ms, Count: 1)
2026-08-14T05:21:54.202Z App feature event (Operation: computerListRefreshSucceeded, Duration: 100 ms, Count: 1)
2026-08-14T05:21:54.236Z App feature event (Surface: 3661596535, Operation: pairedMacBackupWriteStarted)
2026-08-14T05:21:54.249Z App feature event (Operation: authRevalidationSucceeded)
2026-08-14T05:21:54.249Z App feature event (Operation: authRestoreSucceeded, Count: 1)
2026-08-14T05:21:54.249Z App feature event (Operation: presenceStreamStarted)
2026-08-14T05:21:54.250Z App feature event (Operation: reconnectStarted)
2026-08-14T05:21:54.261Z App feature event (Surface: 3913738775, Operation: pairedMacBackupRefreshStarted)
2026-08-14T05:21:54.261Z App feature event (Surface: 2106943940, Operation: pairedMacRestoreStarted)
2026-08-14T05:21:54.309Z App feature event (Surface: 3661596535, Operation: pairedMacBackupWriteSucceeded)
2026-08-14T05:21:54.309Z App feature event (Surface: 2106943940, Operation: pairedMacRestoreSucceeded, Count: 0)
2026-08-14T05:21:54.309Z App feature event (Surface: 2106943940, Operation: pairedMacBackupRefreshSucceeded, Count: 0)
2026-08-14T05:21:54.751Z App feature event (Operation: presenceStreamUpdated, Count: 1)
2026-08-14T05:21:54.767Z App feature event (Operation: computerListRefreshStarted)
2026-08-14T05:21:54.768Z App feature event (Operation: pairedMacStoreReadSucceeded, Duration: 0 ms, Count: 1)
2026-08-14T05:21:54.768Z App feature event (Operation: computerListRefreshSucceeded, Duration: 0 ms, Count: 1)
2026-08-14T05:21:54.790Z [    1.800] connection.recovery coalesced trigger=presencePush storedMacGeneration=2
2026-08-14T05:21:54.790Z App feature event (Surface: 3913738775, Operation: pairedMacBackupRefreshStarted)
2026-08-14T05:21:54.790Z App feature event (Surface: 2106943940, Operation: pairedMacRestoreStarted)
2026-08-14T05:21:54.827Z App feature event (Surface: 2106943940, Operation: pairedMacRestoreSucceeded, Count: 0)
2026-08-14T05:21:54.827Z App feature event (Surface: 2106943940, Operation: pairedMacBackupRefreshSucceeded, Count: 0)
2026-08-14T05:21:58.337Z App feature event (Operation: reconnectFailed, Failure: No route available, Duration: 4.086 seconds)
2026-08-14T05:21:59.844Z App feature event (Operation: presenceStreamUpdated, Count: 1)
2026-08-14T05:21:59.850Z App feature event (Operation: computerListRefreshStarted)
2026-08-14T05:21:59.851Z App feature event (Operation: pairedMacStoreReadSucceeded, Duration: 0 ms, Count: 1)
2026-08-14T05:21:59.851Z App feature event (Operation: computerListRefreshSucceeded, Duration: 0 ms, Count: 1)
2026-08-14T05:22:00.484Z App feature event (Surface: 3913738775, Operation: pairedMacBackupRefreshStarted)
2026-08-14T05:22:00.496Z App feature event (Surface: 2106943940, Operation: pairedMacRestoreStarted)
2026-08-14T05:22:00.529Z App feature event (Surface: 2106943940, Operation: pairedMacRestoreSucceeded, Count: 0)
2026-08-14T05:22:00.529Z App feature event (Surface: 2106943940, Operation: pairedMacBackupRefreshSucceeded, Count: 0)
2026-08-14T05:22:01.220Z App feature event (Operation: pairedMacStoreOpened)
2026-08-14T05:22:01.235Z App feature event (Operation: appBecameInactive)
2026-08-14T05:22:01.235Z App lifecycle changed (Phase: Inactive)
2026-08-14T05:22:03.496Z App feature event (Operation: pairedMacStoreOpened)
2026-08-14T05:22:03.508Z App feature event (Operation: appBackgrounded)
2026-08-14T05:22:03.508Z App lifecycle changed (Phase: Background)
2026-08-14T05:22:07.185Z App feature event (Operation: pairedMacStoreOpened)
2026-08-14T05:22:07.196Z App feature event (Operation: appBecameInactive)
2026-08-14T05:22:07.196Z App lifecycle changed (Phase: Inactive)
2026-08-14T05:22:07.214Z App feature event (Operation: presenceStreamFailed, Failure: Unknown failure)
2026-08-14T05:22:07.484Z App feature event (Operation: pairedMacStoreOpened)
2026-08-14T05:22:07.507Z App feature event (Operation: appForegrounded)
2026-08-14T05:22:07.507Z App lifecycle changed (Phase: Active)
2026-08-14T05:22:07.511Z App feature event (Operation: authRevalidationStarted)
2026-08-14T05:22:08.037Z App feature event (Operation: authRevalidationSucceeded)
2026-08-14T05:22:08.754Z App feature event (Operation: presenceStreamUpdated, Count: 1)
2026-08-14T05:22:08.770Z App feature event (Operation: computerListRefreshStarted)
2026-08-14T05:22:08.770Z App feature event (Operation: pairedMacStoreReadSucceeded, Duration: 0 ms, Count: 1)
2026-08-14T05:22:08.770Z App feature event (Operation: computerListRefreshSucceeded, Duration: 0 ms, Count: 1)
2026-08-14T05:22:08.780Z App feature event (Surface: 3913738775, Operation: pairedMacBackupRefreshStarted)
2026-08-14T05:22:08.780Z App feature event (Surface: 2106943940, Operation: pairedMacRestoreStarted)
2026-08-14T05:22:08.851Z App feature event (Surface: 2106943940, Operation: pairedMacRestoreSucceeded, Count: 0)
2026-08-14T05:22:08.851Z App feature event (Surface: 2106943940, Operation: pairedMacBackupRefreshSucceeded, Count: 0)
2026-08-14T05:22:15.587Z App feature event (Operation: presenceStreamUpdated, Count: 1)
2026-08-14T05:22:15.605Z App feature event (Operation: computerListRefreshStarted)
2026-08-14T05:22:15.606Z App feature event (Operation: pairedMacStoreReadSucceeded, Duration: 0 ms, Count: 1)
2026-08-14T05:22:15.606Z App feature event (Operation: computerListRefreshSucceeded, Duration: 0 ms, Count: 1)
2026-08-14T05:22:23.925Z App feature event (Operation: pairedMacStoreOpened)
2026-08-14T05:22:23.935Z App feature event (Operation: appBecameInactive)
2026-08-14T05:22:23.935Z App lifecycle changed (Phase: Inactive)
2026-08-14T05:22:24.712Z App feature event (Operation: pairedMacStoreOpened)
2026-08-14T05:22:24.727Z App feature event (Operation: appBackgrounded)
2026-08-14T05:22:24.727Z App lifecycle changed (Phase: Background)
2026-08-14T05:22:45.256Z App feature event (Operation: appLaunched)
2026-08-14T05:22:45.256Z App feature event (Operation: crashReportingDisabled)
2026-08-14T05:22:45.258Z App feature event (Operation: authRestoreStarted)
2026-08-14T05:22:45.258Z App feature event (Operation: pushConfigured)
2026-08-14T05:22:45.287Z App feature event (Operation: pairedMacStoreOpened)
2026-08-14T05:22:45.311Z App feature event (Operation: appBecameInactive)
2026-08-14T05:22:45.311Z App lifecycle changed (Phase: Inactive)
2026-08-14T05:22:45.315Z App feature event (Operation: presenceStreamStarted)
2026-08-14T05:22:45.315Z App feature event (Operation: tailscaleStatusChanged, Count: 0)
2026-08-14T05:22:45.315Z App feature event (Operation: primaryTabSelected, Tab: workspaces)
2026-08-14T05:22:45.492Z App feature event (Operation: presenceStreamUpdated, Count: 1)
2026-08-14T05:22:45.497Z App feature event (Operation: computerListRefreshStarted)
2026-08-14T05:22:45.497Z App feature event (Surface: 361259812, Operation: pairedMacRestoreStarted)
2026-08-14T05:22:45.556Z App feature event (Surface: 361259812, Operation: pairedMacRestoreSucceeded, Count: 0)
2026-08-14T05:22:45.556Z App feature event (Operation: pairedMacStoreReadSucceeded, Duration: 59 ms, Count: 1)
2026-08-14T05:22:45.556Z App feature event (Operation: computerListRefreshSucceeded, Duration: 59 ms, Count: 1)
2026-08-14T05:22:45.572Z App feature event (Surface: 4142852631, Operation: pairedMacBackupRefreshStarted)
2026-08-14T05:22:45.572Z App feature event (Surface: 361259812, Operation: pairedMacRestoreStarted)
2026-08-14T05:22:45.609Z App feature event (Surface: 361259812, Operation: pairedMacRestoreSucceeded, Count: 0)
2026-08-14T05:22:45.609Z App feature event (Surface: 361259812, Operation: pairedMacBackupRefreshSucceeded, Count: 0)
2026-08-14T05:22:45.671Z App feature event (Operation: pairedMacStoreOpened)
2026-08-14T05:22:45.680Z App feature event (Operation: appForegrounded)
2026-08-14T05:22:45.680Z App lifecycle changed (Phase: Active)
2026-08-14T05:22:45.681Z App feature event (Operation: authRevalidationStarted)
2026-08-14T05:22:45.950Z App feature event (Operation: authRevalidationSucceeded)
2026-08-14T05:22:45.950Z App feature event (Operation: authRestoreSucceeded, Count: 1)
2026-08-14T05:22:45.950Z App feature event (Operation: presenceStreamStarted)
2026-08-14T05:22:46.059Z App feature event (Operation: presenceStreamUpdated, Count: 1)
2026-08-14T05:22:46.062Z App feature event (Operation: computerListRefreshStarted)
2026-08-14T05:22:46.062Z App feature event (Surface: 361259812, Operation: pairedMacRestoreStarted)
2026-08-14T05:22:46.124Z App feature event (Surface: 361259812, Operation: pairedMacRestoreSucceeded, Count: 0)
2026-08-14T05:22:46.125Z App feature event (Operation: pairedMacStoreReadSucceeded, Duration: 63 ms, Count: 1)
2026-08-14T05:22:46.125Z App feature event (Operation: computerListRefreshSucceeded, Duration: 63 ms, Count: 1)
2026-08-14T05:22:46.134Z App feature event (Surface: 4142852631, Operation: pairedMacBackupRefreshStarted)
2026-08-14T05:22:46.134Z App feature event (Surface: 361259812, Operation: pairedMacRestoreStarted)
2026-08-14T05:22:46.192Z App feature event (Surface: 361259812, Operation: pairedMacRestoreSucceeded, Count: 0)
2026-08-14T05:22:46.192Z App feature event (Surface: 361259812, Operation: pairedMacBackupRefreshSucceeded, Count: 0)
2026-08-14T05:22:46.310Z App feature event (Operation: pairingStarted)
2026-08-14T05:22:46.336Z [    1.061] connection.recovery cancelled trigger=presencePush attempt=4CA9A926-10DF-4079-B6EC-B9D2C0BC104E
2026-08-14T05:22:46.367Z App feature event (Operation: pairingFailed, Failure: Route already connecting, Duration: 57 ms)
2026-08-14T05:22:46.367Z App feature event (Operation: reconnectStarted)
2026-08-14T05:22:46.380Z App feature event (Surface: 4142852631, Operation: pairedMacBackupRefreshStarted)
2026-08-14T05:22:46.380Z App feature event (Surface: 361259812, Operation: pairedMacRestoreStarted)
2026-08-14T05:22:46.404Z App feature event (Surface: 361259812, Operation: pairedMacRestoreSucceeded, Count: 0)
2026-08-14T05:22:46.404Z App feature event (Surface: 361259812, Operation: pairedMacBackupRefreshSucceeded, Count: 0)
2026-08-14T05:22:46.439Z App feature event (Operation: pairedMacStoreOpened)
2026-08-14T05:22:46.450Z App feature event (Operation: appBecameInactive)
2026-08-14T05:22:46.450Z App lifecycle changed (Phase: Inactive)
2026-08-14T05:22:47.082Z [    1.832] connection.recovery coalesced trigger=automaticBackoffExpired storedMacGeneration=4
2026-08-14T05:22:47.754Z App feature event (Operation: pairedMacStoreOpened)
2026-08-14T05:22:47.781Z App feature event (Operation: appForegrounded)
2026-08-14T05:22:47.781Z App lifecycle changed (Phase: Active)
2026-08-14T05:22:47.784Z App feature event (Operation: authRevalidationStarted)
2026-08-14T05:22:47.796Z App feature event (Operation: presenceStreamUpdated, Count: 1)
2026-08-14T05:22:47.804Z App feature event (Operation: computerListRefreshStarted)
2026-08-14T05:22:47.809Z App feature event (Operation: pairedMacStoreReadSucceeded, Duration: 5 ms, Count: 1)
2026-08-14T05:22:47.809Z App feature event (Operation: computerListRefreshSucceeded, Duration: 5 ms, Count: 1)
2026-08-14T05:22:47.813Z App feature event (Surface: 3507612803, Operation: pairedMacBackupWriteStarted)
2026-08-14T05:22:47.887Z App feature event (Surface: 3507612803, Operation: pairedMacBackupWriteSucceeded)
2026-08-14T05:22:47.887Z App feature event (Operation: computerListRefreshStarted)
2026-08-14T05:22:47.888Z App feature event (Operation: pairedMacStoreReadSucceeded, Duration: 0 ms, Count: 1)
2026-08-14T05:22:47.888Z App feature event (Operation: computerListRefreshSucceeded, Duration: 1 ms, Count: 1)
2026-08-14T05:22:47.906Z [    2.656] connection.recovery coalesced trigger=presencePush storedMacGeneration=4
2026-08-14T05:22:48.301Z App feature event (Operation: authRevalidationSucceeded)
2026-08-14T05:22:50.258Z App feature event (Operation: reconnectFailed, Failure: No route available, Duration: 3.890 seconds)
2026-08-14T05:22:57.578Z App feature event (Operation: pairedMacStoreOpened)
2026-08-14T05:22:57.592Z App feature event (Operation: appBecameInactive)
2026-08-14T05:22:57.592Z App lifecycle changed (Phase: Inactive)
2026-08-14T05:22:58.365Z App feature event (Operation: pairedMacStoreOpened)
2026-08-14T05:22:58.380Z App feature event (Operation: appBackgrounded)
2026-08-14T05:22:58.380Z App lifecycle changed (Phase: Background)
2026-08-14T05:24:16.259Z App feature event (Operation: appLaunched)
2026-08-14T05:24:16.260Z App feature event (Operation: crashReportingDisabled)
2026-08-14T05:24:16.262Z App feature event (Operation: authRestoreStarted)
2026-08-14T05:24:16.262Z App feature event (Operation: pushConfigured)
2026-08-14T05:24:16.288Z App feature event (Operation: pairedMacStoreOpened)
2026-08-14T05:24:16.311Z App feature event (Operation: appBecameInactive)
2026-08-14T05:24:16.311Z App lifecycle changed (Phase: Inactive)
2026-08-14T05:24:16.315Z App feature event (Operation: presenceStreamStarted)
2026-08-14T05:24:16.315Z App feature event (Operation: tailscaleStatusChanged, Count: 0)
2026-08-14T05:24:16.315Z App feature event (Operation: primaryTabSelected, Tab: workspaces)
2026-08-14T05:24:16.684Z App feature event (Operation: pairedMacStoreOpened)
2026-08-14T05:24:16.717Z App feature event (Operation: appForegrounded)
2026-08-14T05:24:16.717Z App lifecycle changed (Phase: Active)
2026-08-14T05:24:16.720Z App feature event (Operation: authRevalidationStarted)
2026-08-14T05:24:17.317Z App feature event (Operation: presenceStreamUpdated, Count: 1)
2026-08-14T05:24:17.334Z App feature event (Operation: computerListRefreshStarted)
2026-08-14T05:24:17.334Z App feature event (Surface: 2963153224, Operation: pairedMacRestoreStarted)
2026-08-14T05:24:17.562Z App feature event (Operation: authRevalidationSucceeded)
2026-08-14T05:24:17.562Z App feature event (Operation: authRestoreSucceeded, Count: 1)
2026-08-14T05:24:17.562Z App feature event (Operation: presenceStreamStarted)
2026-08-14T05:24:17.583Z App feature event (Surface: 2963153224, Operation: pairedMacRestoreFailed, Failure: Unknown failure, Count: 0)
2026-08-14T05:24:18.008Z App feature event (Operation: presenceStreamUpdated, Count: 1)
2026-08-14T05:24:18.022Z App feature event (Operation: computerListRefreshStarted)
2026-08-14T05:24:18.023Z App feature event (Surface: 2963153224, Operation: pairedMacRestoreStarted)
2026-08-14T05:24:18.058Z App feature event (Surface: 2963153224, Operation: pairedMacRestoreSucceeded, Count: 0)
2026-08-14T05:24:18.059Z App feature event (Operation: pairedMacStoreReadSucceeded, Duration: 36 ms, Count: 1)
2026-08-14T05:24:18.059Z App feature event (Operation: computerListRefreshSucceeded, Duration: 36 ms, Count: 1)
2026-08-14T05:24:18.105Z App feature event (Surface: 2375391477, Operation: pairedMacBackupRefreshStarted)
2026-08-14T05:24:18.106Z App feature event (Surface: 2963153224, Operation: pairedMacRestoreStarted)
2026-08-14T05:24:18.145Z App feature event (Surface: 2963153224, Operation: pairedMacRestoreSucceeded, Count: 0)
2026-08-14T05:24:18.145Z App feature event (Surface: 2963153224, Operation: pairedMacBackupRefreshSucceeded, Count: 0)
2026-08-14T05:24:18.249Z App feature event (Operation: pairingStarted)
2026-08-14T05:24:18.277Z [    1.997] connection.recovery cancelled trigger=presencePush attempt=D2C57B98-E28B-43FC-8A1B-1F9ED5B69E06
2026-08-14T05:24:18.298Z App feature event (Operation: pairingFailed, Failure: Unknown failure, Duration: 48 ms)
2026-08-14T05:24:18.312Z App feature event (Operation: reconnectStarted)
2026-08-14T05:24:18.319Z App feature event (Surface: 2375391477, Operation: pairedMacBackupRefreshStarted)
2026-08-14T05:24:18.319Z App feature event (Surface: 2963153224, Operation: pairedMacRestoreStarted)
2026-08-14T05:24:18.351Z App feature event (Surface: 2963153224, Operation: pairedMacRestoreSucceeded, Count: 0)
2026-08-14T05:24:18.351Z App feature event (Surface: 2963153224, Operation: pairedMacBackupRefreshSucceeded, Count: 0)
2026-08-14T05:24:19.071Z [    2.818] connection.recovery coalesced trigger=automaticBackoffExpired storedMacGeneration=4
2026-08-14T05:24:19.100Z App feature event (Operation: pairedMacStoreOpened)
2026-08-14T05:24:19.106Z App feature event (Operation: appBecameInactive)
2026-08-14T05:24:19.106Z App lifecycle changed (Phase: Inactive)
2026-08-14T05:24:20.151Z App feature event (Operation: pairedMacStoreOpened)
2026-08-14T05:24:20.166Z App feature event (Operation: appBackgrounded)
2026-08-14T05:24:20.166Z App lifecycle changed (Phase: Background)
2026-08-14T05:39:40.772Z App feature event (Operation: appLaunched)
2026-08-14T05:39:40.772Z App feature event (Operation: crashReportingDisabled)
2026-08-14T05:39:40.775Z App feature event (Operation: authRestoreStarted)
2026-08-14T05:39:40.775Z App feature event (Operation: pushConfigured)
2026-08-14T05:39:40.801Z App feature event (Operation: pairedMacStoreOpened)
2026-08-14T05:39:40.829Z App feature event (Operation: appBecameInactive)
2026-08-14T05:39:40.829Z App lifecycle changed (Phase: Inactive)
2026-08-14T05:39:40.833Z App feature event (Operation: presenceStreamStarted)
2026-08-14T05:39:40.833Z App feature event (Operation: tailscaleStatusChanged, Count: 0)
2026-08-14T05:39:40.833Z App feature event (Operation: primaryTabSelected, Tab: workspaces)
2026-08-14T05:39:41.112Z App feature event (Operation: pairedMacStoreOpened)
2026-08-14T05:39:41.132Z App feature event (Operation: appForegrounded)
2026-08-14T05:39:41.132Z App lifecycle changed (Phase: Active)
2026-08-14T05:39:41.134Z App feature event (Operation: authRevalidationStarted)
2026-08-14T05:39:41.346Z App feature event (Operation: presenceStreamFailed, Failure: Unknown failure)
2026-08-14T05:39:41.944Z App feature event (Operation: authRevalidationSucceeded)
2026-08-14T05:39:41.944Z App feature event (Operation: presenceStreamStarted)
2026-08-14T05:39:41.948Z App feature event (Operation: authRestoreSucceeded, Count: 1)
2026-08-14T05:39:41.982Z App feature event (Operation: presenceStreamFailed, Failure: Unknown failure)
2026-08-14T05:39:42.467Z App feature event (Operation: pairingStarted)
2026-08-14T05:39:42.503Z App feature event (Operation: pairingFailed, Failure: Unknown failure, Duration: 35 ms)
2026-08-14T05:39:42.519Z App feature event (Operation: reconnectStarted)
2026-08-14T05:39:42.526Z App feature event (Surface: 1284914604, Operation: pairedMacBackupRefreshStarted)
2026-08-14T05:39:42.526Z App feature event (Surface: 4066053927, Operation: pairedMacRestoreStarted)
2026-08-14T05:39:42.546Z App feature event (Surface: 4066053927, Operation: pairedMacRestoreFailed, Failure: Unknown failure, Count: 0)
2026-08-14T05:39:42.546Z App feature event (Surface: 4066053927, Operation: pairedMacBackupRefreshFailed, Failure: Unknown failure, Count: 0)
2026-08-14T05:39:42.546Z App feature event (Surface: 4066053927, Operation: pairedMacRestoreStarted)
2026-08-14T05:39:42.549Z App feature event (Surface: 4066053927, Operation: pairedMacRestoreFailed, Failure: Unknown failure, Count: 0)
2026-08-14T05:39:42.549Z App feature event (Surface: 4066053927, Operation: pairedMacRestoreStarted)
2026-08-14T05:39:42.552Z App feature event (Surface: 4066053927, Operation: pairedMacRestoreFailed, Failure: Unknown failure, Count: 0)
2026-08-14T05:39:42.639Z App feature event (Operation: pairedMacStoreOpened)
2026-08-14T05:39:42.645Z App feature event (Operation: appBecameInactive)
2026-08-14T05:39:42.645Z App lifecycle changed (Phase: Inactive)
2026-08-14T05:39:42.999Z App feature event (Operation: presenceStreamFailed, Failure: Unknown failure)
2026-08-14T05:39:44.244Z App feature event (Surface: 4066053927, Operation: pairedMacRestoreStarted)
2026-08-14T05:39:44.251Z App feature event (Surface: 4066053927, Operation: pairedMacRestoreFailed, Failure: Unknown failure, Count: 0)
2026-08-14T05:39:44.544Z App feature event (Operation: pairedMacStoreOpened)
2026-08-14T05:39:44.558Z App feature event (Operation: appBackgrounded)
2026-08-14T05:39:44.558Z App lifecycle changed (Phase: Background)
2026-08-14T05:52:17.286Z App feature event (Operation: appLaunched)
2026-08-14T05:52:17.287Z App feature event (Operation: crashReportingDisabled)
2026-08-14T05:52:17.290Z App feature event (Operation: authRestoreStarted)
2026-08-14T05:52:17.290Z App feature event (Operation: pushConfigured)
2026-08-14T05:52:17.356Z App feature event (Operation: pairedMacStoreOpened)
2026-08-14T05:52:17.413Z App feature event (Operation: appBecameInactive)
2026-08-14T05:52:17.413Z App lifecycle changed (Phase: Inactive)
2026-08-14T05:52:17.420Z App feature event (Operation: presenceStreamStarted)
2026-08-14T05:52:17.421Z App feature event (Operation: tailscaleStatusChanged, Count: 0)
2026-08-14T05:52:17.421Z App feature event (Operation: primaryTabSelected, Tab: workspaces)
2026-08-14T05:52:18.027Z App feature event (Operation: pairedMacStoreOpened)
2026-08-14T05:52:18.053Z App feature event (Operation: appForegrounded)
2026-08-14T05:52:18.053Z App lifecycle changed (Phase: Active)
2026-08-14T05:52:18.055Z App feature event (Operation: authRevalidationStarted)
2026-08-14T05:52:18.066Z App feature event (Operation: pairedMacStoreOpened)
2026-08-14T05:52:18.076Z App feature event (Operation: appBecameInactive)
2026-08-14T05:52:18.076Z App lifecycle changed (Phase: Inactive)
2026-08-14T05:52:18.467Z App feature event (Operation: presenceStreamUpdated, Count: 1)
2026-08-14T05:52:18.478Z App feature event (Operation: computerListRefreshStarted)
2026-08-14T05:52:18.478Z App feature event (Surface: 480744639, Operation: pairedMacRestoreStarted)
2026-08-14T05:52:18.556Z App feature event (Operation: authRevalidationSucceeded)
2026-08-14T05:52:18.556Z App feature event (Operation: presenceStreamStarted)
2026-08-14T05:52:18.556Z App feature event (Operation: authRestoreSucceeded, Count: 1)
2026-08-14T05:52:18.558Z App feature event (Surface: 480744639, Operation: pairedMacRestoreFailed, Failure: Unknown failure, Count: 0)
2026-08-14T05:52:19.069Z App feature event (Operation: presenceStreamUpdated, Count: 1)
2026-08-14T05:52:19.083Z App feature event (Operation: computerListRefreshStarted)
2026-08-14T05:52:19.083Z App feature event (Surface: 480744639, Operation: pairedMacRestoreStarted)
2026-08-14T05:52:19.126Z App feature event (Surface: 480744639, Operation: pairedMacRestoreSucceeded, Count: 0)
2026-08-14T05:52:19.127Z App feature event (Operation: pairedMacStoreReadSucceeded, Duration: 44 ms, Count: 1)
2026-08-14T05:52:19.127Z App feature event (Operation: computerListRefreshSucceeded, Duration: 44 ms, Count: 1)
2026-08-14T05:52:19.185Z App feature event (Surface: 2973008093, Operation: pairedMacBackupRefreshStarted)
2026-08-14T05:52:19.186Z App feature event (Surface: 480744639, Operation: pairedMacRestoreStarted)
2026-08-14T05:52:19.234Z App feature event (Surface: 480744639, Operation: pairedMacRestoreSucceeded, Count: 0)
2026-08-14T05:52:19.234Z App feature event (Surface: 480744639, Operation: pairedMacBackupRefreshSucceeded, Count: 0)
2026-08-14T05:52:19.673Z App feature event (Operation: pairingStarted)
2026-08-14T05:52:19.702Z [    2.461] connection.recovery cancelled trigger=presencePush attempt=15590CC0-D0D8-4C05-8DDC-2757D38E7939
2026-08-14T05:52:19.722Z App feature event (Operation: pairingFailed, Failure: Route already connecting, Duration: 49 ms)
2026-08-14T05:52:19.723Z App feature event (Operation: reconnectStarted)
2026-08-14T05:52:19.736Z App feature event (Surface: 2973008093, Operation: pairedMacBackupRefreshStarted)
2026-08-14T05:52:19.736Z App feature event (Surface: 480744639, Operation: pairedMacRestoreStarted)
2026-08-14T05:52:19.736Z App feature event (Surface: 480744639, Operation: pairedMacRestoreFailed, Failure: Unknown failure, Count: 0)
2026-08-14T05:52:19.736Z App feature event (Surface: 480744639, Operation: pairedMacBackupRefreshFailed, Failure: Unknown failure, Count: 0)
2026-08-14T05:52:20.125Z [    2.913] connection.recovery coalesced trigger=automaticBackoffExpired storedMacGeneration=4
2026-08-14T05:52:20.284Z App feature event (Operation: pairedMacStoreOpened)
2026-08-14T05:52:20.306Z App feature event (Operation: appBackgrounded)
2026-08-14T05:52:20.306Z App lifecycle changed (Phase: Background)
2026-08-14T05:52:22.395Z App feature event (Operation: pairedMacStoreOpened)
2026-08-14T05:52:22.409Z App feature event (Operation: appBecameInactive)
2026-08-14T05:52:22.409Z App lifecycle changed (Phase: Inactive)
2026-08-14T05:52:22.428Z App feature event (Operation: presenceStreamFailed, Failure: Unknown failure)
2026-08-14T05:52:22.698Z App feature event (Operation: pairedMacStoreOpened)
2026-08-14T05:52:22.720Z App feature event (Operation: appForegrounded)
2026-08-14T05:52:22.720Z App lifecycle changed (Phase: Active)
2026-08-14T05:52:22.723Z App feature event (Operation: authRevalidationStarted)
2026-08-14T05:52:23.328Z App feature event (Operation: authRevalidationSucceeded)
2026-08-14T05:52:23.545Z App feature event (Operation: presenceStreamUpdated, Count: 1)
2026-08-14T05:52:23.559Z App feature event (Operation: computerListRefreshStarted)
2026-08-14T05:52:23.560Z App feature event (Operation: pairedMacStoreReadSucceeded, Duration: 0 ms, Count: 1)
2026-08-14T05:52:23.560Z App feature event (Operation: computerListRefreshSucceeded, Duration: 0 ms, Count: 1)
2026-08-14T05:52:23.571Z App feature event (Surface: 2973008093, Operation: pairedMacBackupRefreshStarted)
2026-08-14T05:52:23.571Z App feature event (Surface: 480744639, Operation: pairedMacRestoreStarted)
2026-08-14T05:52:24.001Z App feature event (Surface: 480744639, Operation: pairedMacRestoreSucceeded, Count: 0)
2026-08-14T05:52:24.001Z App feature event (Surface: 480744639, Operation: pairedMacBackupRefreshSucceeded, Count: 0)
2026-08-14T05:52:25.438Z App feature event (Operation: reconnectFailed, Failure: No route available, Duration: 5.715 seconds)
2026-08-14T05:53:50.766Z App feature event (Surface: 1629622189, Operation: pairedMacStoreWriteStarted)
2026-08-14T05:53:50.770Z App feature event (Surface: 1309229974, Operation: pairedMacBackupWriteStarted)
2026-08-14T05:53:52.046Z App feature event (Surface: 1309229974, Operation: pairedMacBackupWriteSucceeded)
2026-08-14T05:53:52.046Z App feature event (Surface: 1629622189, Operation: pairedMacStoreWriteSucceeded, Duration: 1.280 seconds)
2026-08-14T05:53:52.046Z App feature event (Surface: 1629622189, Operation: computerRoutesUpdated, Duration: 1.280 seconds, Count: 1)
2026-08-14T05:53:52.047Z App feature event (Surface: 1629622189, Operation: capabilitySnapshotReceived, Count: 48)
2026-08-14T05:53:52.051Z App feature event (Operation: surfaceListUpdated, Count: 1)
2026-08-14T05:53:52.052Z App feature event (Surface: 2423763794, Operation: surfaceFocused)
2026-08-14T05:53:52.052Z App feature event (Surface: 1629622189, Operation: connectionStateChanged, Count: 1)
2026-08-14T05:53:52.114Z App feature event (Operation: terminalThemeChanged)
2026-08-14T05:53:52.114Z App feature event (Surface: 1629622189, Operation: pairedMacStoreWriteStarted)
2026-08-14T05:53:52.114Z App feature event (Surface: 954296347, Operation: browserListRefreshStarted)
2026-08-14T05:53:52.114Z [   94.903] macupdate.hint caps=48 version=0.64.22 hint=nil
2026-08-14T05:53:52.126Z App feature event (Surface: 2973008093, Operation: pairedMacBackupRefreshStarted)
2026-08-14T05:53:52.126Z App feature event (Surface: 480744639, Operation: pairedMacRestoreStarted)
2026-08-14T05:53:52.127Z App feature event (Surface: 1309229974, Operation: pairedMacBackupWriteStarted)
2026-08-14T05:53:52.201Z App feature event (Surface: 480744639, Operation: pairedMacRestoreSucceeded, Count: 0)
2026-08-14T05:53:52.201Z App feature event (Surface: 480744639, Operation: pairedMacBackupRefreshSucceeded, Count: 0)
2026-08-14T05:53:52.211Z App feature event (Surface: 1309229974, Operation: pairedMacBackupWriteSucceeded)
2026-08-14T05:53:52.211Z App feature event (Surface: 1629622189, Operation: pairedMacStoreWriteSucceeded, Duration: 96 ms)
2026-08-14T05:53:52.211Z App feature event (Surface: 1629622189, Operation: computerRoutesUpdated, Duration: 96 ms, Count: 1)
2026-08-14T05:53:52.211Z [   95.000] sync.transport=render_grid
2026-08-14T05:53:52.212Z App feature event (Surface: 1629622189, Operation: notificationFeedLoadStarted)
2026-08-14T05:53:52.268Z App feature event (Surface: 954296347, Operation: browserListRefreshSucceeded, Duration: 153 ms, Count: 0)
2026-08-14T05:53:52.364Z App feature event (Operation: changesSummaryLoadStarted, Count: 1)
2026-08-14T05:53:52.367Z App feature event (Surface: 1629622189, Operation: notificationFeedLoadSucceeded, Duration: 155 ms, Count: 0)
2026-08-14T05:53:52.486Z App feature event (Operation: terminalStreamSubscribed, Count: 16)
2026-08-14T05:53:52.487Z App feature event (Surface: 1629622189, Operation: workspaceStateSyncStarted)
2026-08-14T05:53:52.487Z App feature event (Operation: changesSummaryLoadSucceeded, Duration: 122 ms, Count: 1)
2026-08-14T05:53:52.487Z [   95.275] sync.subscribe_ok topics=16 transport=renderGrid
2026-08-14T05:53:52.515Z App feature event (Surface: 1629622189, Operation: workspaceListRefreshStarted)
2026-08-14T05:53:52.515Z [   95.276] changes.summary ok requested=1 summaries=1 chips=0 sample=- reqSample=96741731
2026-08-14T05:53:52.515Z App feature event (Surface: 954296347, Operation: browserListRefreshStarted)
2026-08-14T05:53:52.522Z App feature event (Surface: 1629622189, Operation: workspaceListRefreshStarted)
2026-08-14T05:53:52.522Z App feature event (Surface: 954296347, Operation: browserListRefreshStarted)
2026-08-14T05:53:52.522Z App feature event (Surface: 1629622189, Operation: workspaceListRefreshFailed, Failure: Cancelled, Duration: 7 ms)
2026-08-14T05:53:52.582Z App feature event (Surface: 1629622189, Operation: workspaceStateSyncSucceeded, Count: 1)
2026-08-14T05:53:52.649Z App feature event (Surface: 1629622189, Operation: workspaceListRefreshSucceeded, Duration: 127 ms, Count: 1)
2026-08-14T05:53:52.650Z App feature event (Surface: 954296347, Operation: browserListRefreshSucceeded, Duration: 134 ms, Count: 0)
2026-08-14T05:53:52.650Z App feature event (Surface: 954296347, Operation: browserListRefreshSucceeded, Duration: 127 ms, Count: 0)
2026-08-14T05:53:52.650Z App feature event (Operation: notificationBadgeReconciled, Count: 0)
2026-08-14T05:53:52.650Z App feature event (Operation: notificationBadgeReconciled, Duration: 159 ms, Count: 0)
2026-08-14T05:53:52.651Z [   95.439] notif.reconcile delivered=0 handled=0 unread=0
2026-08-14T05:53:52.917Z App feature event (Operation: changesSummaryLoadStarted, Count: 1)
2026-08-14T05:53:52.917Z App feature event (Operation: changesSummaryLoadSucceeded, Duration: 0 ms, Count: 0)
2026-08-14T05:54:02.624Z [  105.412] sync.liveness probe_ok silentMs=10035
2026-08-14T05:54:07.818Z App feature event (Operation: changesSummaryLoadStarted, Count: 1)
2026-08-14T05:54:07.899Z App feature event (Operation: changesSummaryLoadSucceeded, Duration: 80 ms, Count: 1)
2026-08-14T05:54:07.899Z [  110.687] changes.summary ok requested=1 summaries=1 chips=0 sample=- reqSample=96741731
2026-08-14T05:54:12.447Z [  115.236] sync.liveness probe_ok silentMs=9761
2026-08-14T05:59:26.480Z App feature event (Operation: appLaunched)
2026-08-14T05:59:26.480Z App feature event (Operation: crashReportingDisabled)
2026-08-14T05:59:26.483Z App feature event (Operation: authRestoreStarted)
2026-08-14T05:59:26.483Z App feature event (Operation: pushConfigured)
2026-08-14T05:59:26.511Z App feature event (Operation: pairedMacStoreOpened)
2026-08-14T05:59:26.541Z App feature event (Operation: appBecameInactive)
2026-08-14T05:59:26.541Z App lifecycle changed (Phase: Inactive)
2026-08-14T05:59:26.544Z App feature event (Operation: presenceStreamStarted)
2026-08-14T05:59:26.545Z App feature event (Operation: tailscaleStatusChanged, Count: 0)
2026-08-14T05:59:26.545Z App feature event (Operation: primaryTabSelected, Tab: workspaces)
2026-08-14T05:59:26.894Z App feature event (Operation: pairedMacStoreOpened)
2026-08-14T05:59:26.915Z App feature event (Operation: appForegrounded)
2026-08-14T05:59:26.915Z App lifecycle changed (Phase: Active)
2026-08-14T05:59:26.918Z App feature event (Operation: authRevalidationStarted)
2026-08-14T05:59:27.477Z App feature event (Operation: presenceStreamUpdated, Count: 1)
2026-08-14T05:59:27.489Z App feature event (Operation: computerListRefreshStarted)
2026-08-14T05:59:27.489Z App feature event (Surface: 3023685657, Operation: pairedMacRestoreStarted)
2026-08-14T05:59:27.562Z App feature event (Surface: 3023685657, Operation: pairedMacRestoreSucceeded, Count: 0)
2026-08-14T05:59:27.582Z App feature event (Operation: pairedMacStoreReadSucceeded, Duration: 93 ms, Count: 1)
2026-08-14T05:59:27.582Z App feature event (Operation: computerListRefreshSucceeded, Duration: 93 ms, Count: 1)
2026-08-14T05:59:27.602Z App feature event (Operation: authRevalidationSucceeded)
2026-08-14T05:59:27.602Z App feature event (Operation: presenceStreamStarted)
2026-08-14T05:59:27.602Z App feature event (Surface: 1500468349, Operation: pairedMacBackupWriteStarted)
2026-08-14T05:59:27.602Z App feature event (Operation: authRestoreSucceeded, Count: 1)
2026-08-14T05:59:27.617Z App feature event (Operation: reconnectStarted)
2026-08-14T05:59:27.621Z App feature event (Surface: 3966807954, Operation: pairedMacBackupRefreshStarted)
2026-08-14T05:59:27.622Z App feature event (Surface: 3023685657, Operation: pairedMacRestoreStarted)
2026-08-14T05:59:27.657Z App feature event (Surface: 3023685657, Operation: pairedMacRestoreSucceeded, Count: 0)
2026-08-14T05:59:27.657Z App feature event (Surface: 3023685657, Operation: pairedMacBackupRefreshSucceeded, Count: 0)
2026-08-14T05:59:27.688Z App feature event (Surface: 1500468349, Operation: pairedMacBackupWriteSucceeded)
2026-08-14T05:59:28.064Z App feature event (Operation: presenceStreamUpdated, Count: 1)
2026-08-14T05:59:28.077Z App feature event (Operation: computerListRefreshStarted)
2026-08-14T05:59:28.078Z App feature event (Operation: pairedMacStoreReadSucceeded, Duration: 0 ms, Count: 1)
2026-08-14T05:59:28.078Z App feature event (Operation: computerListRefreshSucceeded, Duration: 0 ms, Count: 1)
2026-08-14T05:59:28.103Z [    1.629] connection.recovery coalesced trigger=presencePush storedMacGeneration=2
2026-08-14T05:59:28.103Z App feature event (Surface: 3966807954, Operation: pairedMacBackupRefreshStarted)
2026-08-14T05:59:28.103Z App feature event (Surface: 3023685657, Operation: pairedMacRestoreStarted)
2026-08-14T05:59:28.133Z App feature event (Surface: 3023685657, Operation: pairedMacRestoreSucceeded, Count: 0)
2026-08-14T05:59:28.133Z App feature event (Surface: 3023685657, Operation: pairedMacBackupRefreshSucceeded, Count: 0)
2026-08-14T05:59:29.346Z App feature event (Surface: 3355771247, Operation: pairedMacStoreWriteStarted)
2026-08-14T05:59:29.349Z App feature event (Surface: 1500468349, Operation: pairedMacBackupWriteStarted)
2026-08-14T05:59:29.409Z App feature event (Surface: 1500468349, Operation: pairedMacBackupWriteSucceeded)
2026-08-14T05:59:29.409Z App feature event (Surface: 3355771247, Operation: pairedMacStoreWriteSucceeded, Duration: 63 ms)
2026-08-14T05:59:29.409Z App feature event (Surface: 3355771247, Operation: computerRoutesUpdated, Duration: 63 ms, Count: 1)
2026-08-14T05:59:29.410Z App feature event (Surface: 3355771247, Operation: capabilitySnapshotReceived, Count: 48)
2026-08-14T05:59:29.411Z App feature event (Operation: surfaceListUpdated, Count: 1)
2026-08-14T05:59:29.411Z App feature event (Surface: 2982043735, Operation: surfaceFocused)
2026-08-14T05:59:29.412Z App feature event (Surface: 3355771247, Operation: connectionStateChanged, Count: 1)
2026-08-14T05:59:29.471Z App feature event (Operation: terminalThemeChanged)
2026-08-14T05:59:29.471Z App feature event (Surface: 3355771247, Operation: pairedMacStoreWriteStarted)
2026-08-14T05:59:29.471Z [    2.997] macupdate.hint caps=48 version=0.64.22 hint=nil
2026-08-14T05:59:29.471Z App feature event (Surface: 3394464434, Operation: browserListRefreshStarted)
2026-08-14T05:59:29.483Z App feature event (Surface: 3355771247, Operation: reconnectSucceeded, Duration: 1.865 seconds)
2026-08-14T05:59:29.483Z App feature event (Surface: 3966807954, Operation: pairedMacBackupRefreshStarted)
2026-08-14T05:59:29.483Z App feature event (Surface: 3023685657, Operation: pairedMacRestoreStarted)
2026-08-14T05:59:29.483Z App feature event (Surface: 1500468349, Operation: pairedMacBackupWriteStarted)
2026-08-14T05:59:29.510Z App feature event (Surface: 3023685657, Operation: pairedMacRestoreSucceeded, Count: 0)
2026-08-14T05:59:29.510Z App feature event (Surface: 3023685657, Operation: pairedMacBackupRefreshSucceeded, Count: 0)
2026-08-14T05:59:29.534Z App feature event (Surface: 1500468349, Operation: pairedMacBackupWriteSucceeded)
2026-08-14T05:59:29.534Z App feature event (Surface: 3355771247, Operation: pairedMacStoreWriteSucceeded, Duration: 62 ms)
2026-08-14T05:59:29.534Z App feature event (Surface: 3355771247, Operation: computerRoutesUpdated, Duration: 62 ms, Count: 1)
2026-08-14T05:59:29.542Z [    3.060] sync.transport=render_grid
2026-08-14T05:59:29.542Z App feature event (Surface: 3355771247, Operation: notificationFeedLoadStarted)
2026-08-14T05:59:29.574Z App feature event (Surface: 3394464434, Operation: browserListRefreshSucceeded, Duration: 102 ms, Count: 0)
2026-08-14T05:59:29.599Z App feature event (Surface: 3355771247, Operation: notificationFeedLoadSucceeded, Duration: 57 ms, Count: 0)
2026-08-14T05:59:29.613Z App feature event (Surface: 3355771247, Operation: workspaceListRefreshStarted)
2026-08-14T05:59:29.614Z App feature event (Surface: 3394464434, Operation: browserListRefreshStarted)
2026-08-14T05:59:29.615Z App feature event (Surface: 3355771247, Operation: workspaceListRefreshStarted)
2026-08-14T05:59:29.615Z App feature event (Surface: 3394464434, Operation: browserListRefreshStarted)
2026-08-14T05:59:29.615Z App feature event (Operation: terminalStreamSubscribed, Count: 16)
2026-08-14T05:59:29.616Z App feature event (Surface: 3355771247, Operation: workspaceStateSyncStarted)
2026-08-14T05:59:29.625Z App feature event (Surface: 3355771247, Operation: workspaceListRefreshFailed, Failure: Cancelled, Duration: 12 ms)
2026-08-14T05:59:29.626Z [    3.142] sync.subscribe_ok topics=16 transport=renderGrid
2026-08-14T05:59:29.674Z App feature event (Surface: 3394464434, Operation: browserListRefreshSucceeded, Duration: 60 ms, Count: 0)
2026-08-14T05:59:29.678Z App feature event (Surface: 3355771247, Operation: workspaceListRefreshSucceeded, Duration: 62 ms, Count: 1)
2026-08-14T05:59:29.678Z App feature event (Surface: 3394464434, Operation: browserListRefreshSucceeded, Duration: 62 ms, Count: 0)
2026-08-14T05:59:29.689Z App feature event (Surface: 3355771247, Operation: workspaceStateSyncSucceeded, Count: 1)
2026-08-14T05:59:29.691Z App feature event (Operation: notificationBadgeReconciled, Count: 0)
2026-08-14T05:59:29.691Z App feature event (Operation: notificationBadgeReconciled, Duration: 65 ms, Count: 0)
2026-08-14T05:59:29.691Z [    3.217] notif.reconcile delivered=0 handled=0 unread=0
2026-08-14T05:59:29.940Z App feature event (Operation: changesSummaryLoadStarted, Count: 1)
2026-08-14T05:59:30.105Z App feature event (Operation: changesSummaryLoadSucceeded, Duration: 165 ms, Count: 1)
2026-08-14T05:59:30.105Z [    3.631] changes.summary ok requested=1 summaries=1 chips=0 sample=- reqSample=96741731
2026-08-14T05:59:30.312Z App feature event (Operation: presenceStreamUpdated, Count: 1)
2026-08-14T05:59:30.336Z App feature event (Operation: computerListRefreshStarted)
2026-08-14T05:59:30.343Z App feature event (Operation: pairedMacStoreReadSucceeded, Duration: 6 ms, Count: 1)
2026-08-14T05:59:30.343Z App feature event (Operation: computerListRefreshSucceeded, Duration: 6 ms, Count: 1)
2026-08-14T05:59:30.370Z App feature event (Surface: 1500468349, Operation: pairedMacBackupWriteStarted)
2026-08-14T05:59:30.424Z App feature event (Surface: 1500468349, Operation: pairedMacBackupWriteSucceeded)
2026-08-14T05:59:30.424Z App feature event (Operation: computerListRefreshStarted)
2026-08-14T05:59:30.425Z App feature event (Operation: pairedMacStoreReadSucceeded, Duration: 0 ms, Count: 1)
2026-08-14T05:59:30.425Z App feature event (Operation: computerListRefreshSucceeded, Duration: 0 ms, Count: 1)
2026-08-14T05:59:39.973Z [   13.499] sync.liveness probe_ok silentMs=10296
2026-08-14T05:59:46.211Z App feature event (Operation: changesSummaryLoadStarted, Count: 1)
2026-08-14T05:59:46.366Z App feature event (Operation: changesSummaryLoadSucceeded, Duration: 154 ms, Count: 1)
2026-08-14T05:59:46.366Z [   19.892] changes.summary ok requested=1 summaries=1 chips=0 sample=- reqSample=96741731
2026-08-14T05:59:50.056Z [   23.582] sync.liveness probe_ok silentMs=9936
2026-08-14T06:00:00.087Z [   33.613] sync.liveness probe_ok silentMs=9827
2026-08-14T06:00:10.033Z [   43.559] sync.liveness probe_ok silentMs=9822
2026-08-14T06:00:12.719Z App feature event (Operation: pairedMacStoreOpened)
2026-08-14T06:00:12.735Z App feature event (Operation: appBecameInactive)
2026-08-14T06:00:12.735Z App lifecycle changed (Phase: Inactive)
2026-08-14T06:00:14.095Z App feature event (Operation: pairedMacStoreOpened)
2026-08-14T06:00:14.122Z App feature event (Operation: appForegrounded)
2026-08-14T06:00:14.122Z App lifecycle changed (Phase: Active)
2026-08-14T06:00:14.125Z App feature event (Operation: authRevalidationStarted)
2026-08-14T06:00:14.760Z App feature event (Operation: authRevalidationSucceeded)
2026-08-14T06:00:18.207Z App feature event (Operation: computerListRefreshStarted)
2026-08-14T06:00:18.207Z App feature event (Operation: pairedMacStoreReadSucceeded, Duration: 0 ms, Count: 1)
2026-08-14T06:00:18.207Z App feature event (Operation: computerListRefreshSucceeded, Duration: 0 ms, Count: 1)
2026-08-14T06:00:18.207Z App feature event (Operation: deviceRegistryLoadStarted)
2026-08-14T06:00:19.806Z [   53.332] sync.liveness probe_ok silentMs=9708
2026-08-14T06:00:19.885Z App feature event (Operation: computerListRefreshStarted)
2026-08-14T06:00:19.886Z App feature event (Operation: pairedMacStoreReadSucceeded, Duration: 1 ms, Count: 1)
2026-08-14T06:00:19.886Z App feature event (Operation: computerListRefreshSucceeded, Duration: 1 ms, Count: 1)
2026-08-14T06:00:19.886Z App feature event (Operation: deviceRegistryLoadStarted)
2026-08-14T06:00:22.236Z App feature event (Operation: appLaunched)
2026-08-14T06:00:22.236Z App feature event (Operation: crashReportingDisabled)
2026-08-14T06:00:22.240Z App feature event (Operation: authRestoreStarted)
2026-08-14T06:00:22.240Z App feature event (Operation: pushConfigured)
2026-08-14T06:00:22.282Z App feature event (Operation: pairedMacStoreOpened)
2026-08-14T06:00:22.356Z App feature event (Operation: appBecameInactive)
2026-08-14T06:00:22.356Z App lifecycle changed (Phase: Inactive)
2026-08-14T06:00:22.359Z App feature event (Operation: presenceStreamStarted)
2026-08-14T06:00:22.360Z App feature event (Operation: tailscaleStatusChanged, Count: 0)
2026-08-14T06:00:22.360Z App feature event (Operation: primaryTabSelected, Tab: workspaces)
2026-08-14T06:00:22.483Z App feature event (Operation: pairedMacStoreOpened)
2026-08-14T06:00:22.493Z App feature event (Operation: appForegrounded)
2026-08-14T06:00:22.493Z App lifecycle changed (Phase: Active)
2026-08-14T06:00:22.493Z App feature event (Operation: authRevalidationStarted)
2026-08-14T06:00:22.657Z App feature event (Operation: presenceStreamUpdated, Count: 2)
2026-08-14T06:00:22.663Z App feature event (Operation: computerListRefreshStarted)
2026-08-14T06:00:22.663Z App feature event (Surface: 1855144402, Operation: pairedMacRestoreStarted)
2026-08-14T06:00:22.743Z App feature event (Surface: 1855144402, Operation: pairedMacRestoreSucceeded, Count: 0)
2026-08-14T06:00:22.745Z App feature event (Operation: pairedMacStoreReadSucceeded, Duration: 82 ms, Count: 1)
2026-08-14T06:00:22.745Z App feature event (Operation: computerListRefreshSucceeded, Duration: 82 ms, Count: 1)
2026-08-14T06:00:22.770Z App feature event (Surface: 4175243827, Operation: pairedMacBackupRefreshStarted)
2026-08-14T06:00:22.770Z App feature event (Surface: 1855144402, Operation: pairedMacRestoreStarted)
2026-08-14T06:00:22.828Z App feature event (Surface: 1855144402, Operation: pairedMacRestoreSucceeded, Count: 0)
2026-08-14T06:00:22.828Z App feature event (Surface: 1855144402, Operation: pairedMacBackupRefreshSucceeded, Count: 0)
2026-08-14T06:00:23.082Z App feature event (Operation: authRevalidationSucceeded)
2026-08-14T06:00:23.082Z App feature event (Operation: authRestoreSucceeded, Count: 1)
2026-08-14T06:00:23.082Z App feature event (Operation: presenceStreamStarted)
2026-08-14T06:00:23.083Z App feature event (Operation: reconnectStarted)
2026-08-14T06:00:23.104Z App feature event (Surface: 4175243827, Operation: pairedMacBackupRefreshStarted)
2026-08-14T06:00:23.104Z App feature event (Surface: 1855144402, Operation: pairedMacRestoreStarted)
2026-08-14T06:00:23.150Z App feature event (Surface: 1855144402, Operation: pairedMacRestoreSucceeded, Count: 0)
2026-08-14T06:00:23.150Z App feature event (Surface: 1855144402, Operation: pairedMacBackupRefreshSucceeded, Count: 0)
2026-08-14T06:00:23.245Z App feature event (Operation: presenceStreamUpdated, Count: 2)
2026-08-14T06:00:23.250Z App feature event (Operation: computerListRefreshStarted)
2026-08-14T06:00:23.251Z App feature event (Operation: pairedMacStoreReadSucceeded, Duration: 0 ms, Count: 1)
2026-08-14T06:00:23.251Z App feature event (Operation: computerListRefreshSucceeded, Duration: 0 ms, Count: 1)
2026-08-14T06:00:23.262Z App feature event (Surface: 4175243827, Operation: pairedMacBackupRefreshStarted)
2026-08-14T06:00:23.262Z App feature event (Surface: 1855144402, Operation: pairedMacRestoreStarted)
2026-08-14T06:00:23.304Z App feature event (Surface: 1855144402, Operation: pairedMacRestoreSucceeded, Count: 0)
2026-08-14T06:00:23.304Z App feature event (Surface: 1855144402, Operation: pairedMacBackupRefreshSucceeded, Count: 0)
2026-08-14T06:00:23.466Z App feature event (Operation: computerListRefreshStarted)
2026-08-14T06:00:23.467Z App feature event (Operation: pairedMacStoreReadSucceeded, Duration: 1 ms, Count: 1)
2026-08-14T06:00:23.467Z App feature event (Operation: computerListRefreshSucceeded, Duration: 1 ms, Count: 1)
2026-08-14T06:00:23.467Z App feature event (Operation: deviceRegistryLoadStarted)
2026-08-14T06:00:25.381Z App feature event (Operation: computerListRefreshStarted)
2026-08-14T06:00:25.381Z App feature event (Operation: pairedMacStoreReadSucceeded, Duration: 0 ms, Count: 1)
2026-08-14T06:00:25.381Z App feature event (Operation: computerListRefreshSucceeded, Duration: 0 ms, Count: 1)
2026-08-14T06:00:25.381Z App feature event (Operation: deviceRegistryLoadStarted)
2026-08-14T06:00:25.587Z App feature event (Surface: 2489108693, Operation: pairedMacStoreWriteStarted)
2026-08-14T06:00:25.589Z App feature event (Surface: 1158242162, Operation: pairedMacBackupWriteStarted)
2026-08-14T06:00:25.674Z App feature event (Surface: 1158242162, Operation: pairedMacBackupWriteSucceeded)
2026-08-14T06:00:25.674Z App feature event (Surface: 2489108693, Operation: pairedMacStoreWriteSucceeded, Duration: 87 ms)
2026-08-14T06:00:25.675Z App feature event (Surface: 2489108693, Operation: computerRoutesUpdated, Duration: 87 ms, Count: 1)
2026-08-14T06:00:25.676Z App feature event (Surface: 2489108693, Operation: capabilitySnapshotReceived, Count: 48)
2026-08-14T06:00:25.677Z App feature event (Operation: surfaceListUpdated, Count: 1)
2026-08-14T06:00:25.677Z App feature event (Surface: 4004449928, Operation: surfaceFocused)
2026-08-14T06:00:25.678Z App feature event (Surface: 2489108693, Operation: connectionStateChanged, Count: 1)
2026-08-14T06:00:25.747Z App feature event (Operation: terminalThemeChanged)
2026-08-14T06:00:25.747Z App feature event (Surface: 2489108693, Operation: pairedMacStoreWriteStarted)
2026-08-14T06:00:25.747Z App feature event (Surface: 3697923489, Operation: browserListRefreshStarted)
2026-08-14T06:00:25.747Z [    3.518] macupdate.hint caps=48 version=0.64.22 hint=nil
2026-08-14T06:00:25.757Z App feature event (Surface: 2489108693, Operation: reconnectSucceeded, Duration: 2.674 seconds)
2026-08-14T06:00:25.758Z App feature event (Surface: 4175243827, Operation: pairedMacBackupRefreshStarted)
2026-08-14T06:00:25.758Z App feature event (Surface: 1855144402, Operation: pairedMacRestoreStarted)
2026-08-14T06:00:25.769Z App feature event (Surface: 1158242162, Operation: pairedMacBackupWriteStarted)
2026-08-14T06:00:25.829Z App feature event (Surface: 1855144402, Operation: pairedMacRestoreSucceeded, Count: 0)
2026-08-14T06:00:25.829Z App feature event (Surface: 1855144402, Operation: pairedMacBackupRefreshSucceeded, Count: 0)
2026-08-14T06:00:25.831Z App feature event (Surface: 1158242162, Operation: pairedMacBackupWriteSucceeded)
2026-08-14T06:00:25.831Z App feature event (Surface: 2489108693, Operation: pairedMacStoreWriteSucceeded, Duration: 83 ms)
2026-08-14T06:00:25.831Z App feature event (Surface: 2489108693, Operation: computerRoutesUpdated, Duration: 83 ms, Count: 1)
2026-08-14T06:00:25.831Z [    3.602] sync.transport=render_grid
2026-08-14T06:00:25.831Z App feature event (Surface: 2489108693, Operation: notificationFeedLoadStarted)
2026-08-14T06:00:25.877Z App feature event (Surface: 3697923489, Operation: browserListRefreshSucceeded, Duration: 129 ms, Count: 0)
2026-08-14T06:00:25.906Z App feature event (Operation: terminalStreamSubscribed, Count: 16)
2026-08-14T06:00:25.906Z App feature event (Surface: 2489108693, Operation: workspaceStateSyncStarted)
2026-08-14T06:00:25.929Z App feature event (Surface: 2489108693, Operation: notificationFeedLoadSucceeded, Duration: 97 ms, Count: 0)
2026-08-14T06:00:25.929Z [    3.677] sync.subscribe_ok topics=16 transport=renderGrid
2026-08-14T06:00:25.997Z App feature event (Surface: 2489108693, Operation: workspaceStateSyncSucceeded, Count: 1)
2026-08-14T06:00:26.029Z App feature event (Operation: notificationBadgeReconciled, Count: 0)
2026-08-14T06:00:26.029Z App feature event (Operation: notificationBadgeReconciled, Duration: 98 ms, Count: 0)
2026-08-14T06:00:26.029Z [    3.800] notif.reconcile delivered=0 handled=0 unread=0
2026-08-14T06:00:26.248Z App feature event (Operation: changesSummaryLoadStarted, Count: 1)
2026-08-14T06:00:26.420Z App feature event (Operation: changesSummaryLoadSucceeded, Duration: 172 ms, Count: 1)
2026-08-14T06:00:26.420Z [    4.191] changes.summary ok requested=1 summaries=1 chips=0 sample=- reqSample=96741731
2026-08-14T06:00:26.831Z App feature event (Operation: presenceStreamUpdated, Count: 2)
2026-08-14T06:00:26.869Z App feature event (Operation: computerListRefreshStarted)
2026-08-14T06:00:26.903Z App feature event (Operation: pairedMacStoreReadSucceeded, Duration: 34 ms, Count: 1)
2026-08-14T06:00:26.903Z App feature event (Operation: computerListRefreshSucceeded, Duration: 34 ms, Count: 1)
2026-08-14T06:00:26.924Z App feature event (Surface: 1158242162, Operation: pairedMacBackupWriteStarted)
2026-08-14T06:00:26.984Z App feature event (Surface: 1158242162, Operation: pairedMacBackupWriteSucceeded)
2026-08-14T06:00:26.984Z App feature event (Operation: computerListRefreshStarted)
2026-08-14T06:00:26.985Z App feature event (Operation: pairedMacStoreReadSucceeded, Duration: 0 ms, Count: 1)
2026-08-14T06:00:26.985Z App feature event (Operation: computerListRefreshSucceeded, Duration: 0 ms, Count: 1)
2026-08-14T06:00:27.295Z App feature event (Operation: pairedMacStoreOpened)
2026-08-14T06:00:27.306Z App feature event (Operation: appBecameInactive)
2026-08-14T06:00:27.306Z App lifecycle changed (Phase: Inactive)
2026-08-14T06:00:28.369Z App feature event (Operation: pairedMacStoreOpened)
2026-08-14T06:00:28.402Z App feature event (Operation: appForegrounded)
2026-08-14T06:00:28.402Z App lifecycle changed (Phase: Active)
2026-08-14T06:00:28.404Z App feature event (Operation: authRevalidationStarted)
2026-08-14T06:00:28.678Z App feature event (Operation: computerListRefreshStarted)
2026-08-14T06:00:28.679Z App feature event (Operation: pairedMacStoreReadSucceeded, Duration: 1 ms, Count: 1)
2026-08-14T06:00:28.679Z App feature event (Operation: computerListRefreshSucceeded, Duration: 1 ms, Count: 1)
2026-08-14T06:00:28.679Z App feature event (Operation: deviceRegistryLoadStarted)
2026-08-14T06:00:29.040Z App feature event (Operation: authRevalidationSucceeded)
2026-08-14T06:00:33.559Z App feature event (Operation: presenceStreamUpdated, Count: 2)
2026-08-14T06:00:33.566Z App feature event (Operation: computerListRefreshStarted)
2026-08-14T06:00:33.567Z App feature event (Operation: pairedMacStoreReadSucceeded, Duration: 0 ms, Count: 1)
2026-08-14T06:00:33.567Z App feature event (Operation: computerListRefreshSucceeded, Duration: 0 ms, Count: 1)
2026-08-14T06:00:33.629Z App feature event (Operation: computerListRefreshStarted)
2026-08-14T06:00:33.630Z App feature event (Operation: pairedMacStoreReadSucceeded, Duration: 0 ms, Count: 1)
2026-08-14T06:00:33.630Z App feature event (Operation: computerListRefreshSucceeded, Duration: 0 ms, Count: 1)
2026-08-14T06:00:34.496Z App feature event (Operation: computerListRefreshStarted)
2026-08-14T06:00:34.496Z App feature event (Operation: presenceStreamUpdated, Count: 2)
2026-08-14T06:00:34.505Z App feature event (Operation: computerListRefreshStarted)
2026-08-14T06:00:34.505Z App feature event (Operation: pairedMacStoreReadSucceeded, Duration: 8 ms, Count: 1)
2026-08-14T06:00:34.505Z App feature event (Operation: computerListRefreshSucceeded, Duration: 8 ms, Count: 1)
2026-08-14T06:00:34.505Z App feature event (Operation: deviceRegistryLoadStarted)
2026-08-14T06:00:34.505Z App feature event (Operation: pairedMacStoreReadSucceeded, Duration: 0 ms, Count: 1)
2026-08-14T06:00:34.505Z App feature event (Operation: computerListRefreshSucceeded, Duration: 0 ms, Count: 1)
2026-08-14T06:00:34.519Z App feature event (Surface: 1158242162, Operation: pairedMacBackupWriteStarted)
2026-08-14T06:00:35.345Z App feature event (Surface: 1158242162, Operation: pairedMacBackupWriteSucceeded)
2026-08-14T06:00:35.345Z App feature event (Operation: computerListRefreshStarted)
2026-08-14T06:00:35.347Z App feature event (Operation: pairedMacStoreReadSucceeded, Duration: 1 ms, Count: 1)
2026-08-14T06:00:35.347Z App feature event (Operation: computerListRefreshSucceeded, Duration: 1 ms, Count: 1)
2026-08-14T06:00:35.668Z App feature event (Surface: 4175243827, Operation: pairedMacBackupRefreshStarted)
2026-08-14T06:00:35.668Z App feature event (Surface: 1855144402, Operation: pairedMacRestoreStarted)
2026-08-14T06:00:35.742Z App feature event (Surface: 1855144402, Operation: pairedMacRestoreSucceeded, Count: 0)
2026-08-14T06:00:35.742Z App feature event (Surface: 1855144402, Operation: pairedMacBackupRefreshSucceeded, Count: 0)
2026-08-14T06:00:35.861Z [   13.632] sync.liveness probe_ok silentMs=10002
2026-08-14T06:00:36.155Z App feature event (Operation: terminalStreamEnded, Failure: Connection closed)
2026-08-14T06:00:36.205Z [   13.926] sync.stream_ended redialing stored Mac
2026-08-14T06:00:36.205Z App feature event (Surface: 2489108693, Operation: connectionStateChanged, Count: 0)
2026-08-14T06:00:36.205Z App feature event (Surface: 2489108693, Operation: capabilitySnapshotReceived, Count: 0)
2026-08-14T06:00:36.233Z [   13.977] connection.recovery waiting for physical transport drain attempt=9E20B533-EFFB-4430-8F97-1E76F420B842
2026-08-14T06:00:36.233Z [   14.004] connection.recovery physical transport drained attempt=9E20B533-EFFB-4430-8F97-1E76F420B842
2026-08-14T06:00:36.337Z App feature event (Operation: presenceStreamUpdated, Count: 2)
2026-08-14T06:00:36.347Z App feature event (Operation: computerListRefreshStarted)
2026-08-14T06:00:36.348Z App feature event (Operation: pairedMacStoreReadSucceeded, Duration: 0 ms, Count: 1)
2026-08-14T06:00:36.348Z App feature event (Operation: computerListRefreshSucceeded, Duration: 0 ms, Count: 1)
2026-08-14T06:00:36.353Z App feature event (Surface: 1158242162, Operation: pairedMacBackupWriteStarted)
2026-08-14T06:00:36.417Z App feature event (Surface: 1158242162, Operation: pairedMacBackupWriteSucceeded)
2026-08-14T06:00:36.417Z App feature event (Operation: computerListRefreshStarted)
2026-08-14T06:00:36.417Z App feature event (Operation: pairedMacStoreReadSucceeded, Duration: 0 ms, Count: 1)
2026-08-14T06:00:36.417Z App feature event (Operation: computerListRefreshSucceeded, Duration: 0 ms, Count: 1)
2026-08-14T06:00:36.439Z App feature event (Surface: 4175243827, Operation: pairedMacBackupRefreshStarted)
2026-08-14T06:00:36.439Z App feature event (Operation: computerListRefreshStarted)
2026-08-14T06:00:36.439Z App feature event (Surface: 1855144402, Operation: pairedMacRestoreStarted)
2026-08-14T06:00:36.439Z App feature event (Operation: pairedMacStoreReadSucceeded, Duration: 0 ms, Count: 1)
2026-08-14T06:00:36.439Z App feature event (Operation: computerListRefreshSucceeded, Duration: 0 ms, Count: 1)
2026-08-14T06:00:36.493Z App feature event (Surface: 1855144402, Operation: pairedMacRestoreSucceeded, Count: 0)
2026-08-14T06:00:36.493Z App feature event (Surface: 1855144402, Operation: pairedMacBackupRefreshSucceeded, Count: 0)
2026-08-14T06:00:42.747Z App feature event (Operation: surfaceListUpdated, Count: 0)
2026-08-14T06:00:42.747Z App feature event (Surface: 4004449928, Operation: terminalClosed)
2026-08-14T06:00:51.400Z App feature event (Surface: 2489108693, Operation: pairedMacStoreWriteStarted)
2026-08-14T06:00:51.403Z App feature event (Surface: 1090846445, Operation: pairedMacBackupWriteStarted)
2026-08-14T06:00:51.466Z App feature event (Surface: 1090846445, Operation: pairedMacBackupWriteSucceeded)
2026-08-14T06:00:51.469Z App feature event (Surface: 1158242162, Operation: pairedMacBackupWriteStarted)
2026-08-14T06:00:51.522Z App feature event (Surface: 1158242162, Operation: pairedMacBackupWriteSucceeded)
2026-08-14T06:00:51.523Z App feature event (Surface: 2489108693, Operation: pairedMacStoreWriteSucceeded, Duration: 123 ms)
2026-08-14T06:00:51.523Z App feature event (Surface: 2489108693, Operation: computerRoutesUpdated, Duration: 123 ms, Count: 1)
2026-08-14T06:00:51.524Z App feature event (Surface: 2489108693, Operation: capabilitySnapshotReceived, Count: 48)
2026-08-14T06:00:51.524Z App feature event (Operation: surfaceListUpdated, Count: 1)
2026-08-14T06:00:51.524Z App feature event (Surface: 1959501662, Operation: surfaceFocused)
2026-08-14T06:00:51.525Z App feature event (Surface: 2489108693, Operation: connectionStateChanged, Count: 1)
2026-08-14T06:00:51.575Z App feature event (Surface: 2489108693, Operation: pairedMacStoreWriteStarted)
2026-08-14T06:00:51.575Z [   29.346] macupdate.hint caps=48 version=0.64.22 hint=nil
2026-08-14T06:00:51.575Z App feature event (Surface: 2633095776, Operation: browserListRefreshStarted)
2026-08-14T06:00:51.575Z App feature event (Surface: 4175243827, Operation: pairedMacBackupRefreshStarted)
2026-08-14T06:00:51.591Z App feature event (Surface: 1855144402, Operation: pairedMacRestoreStarted)
2026-08-14T06:00:51.592Z App feature event (Surface: 1090846445, Operation: pairedMacBackupWriteStarted)
2026-08-14T06:00:51.659Z App feature event (Surface: 1855144402, Operation: pairedMacRestoreSucceeded, Count: 0)
2026-08-14T06:00:51.659Z App feature event (Surface: 1855144402, Operation: pairedMacBackupRefreshSucceeded, Count: 0)
2026-08-14T06:00:51.690Z App feature event (Surface: 2633095776, Operation: browserListRefreshSucceeded, Duration: 114 ms, Count: 0)
2026-08-14T06:00:51.693Z App feature event (Surface: 1090846445, Operation: pairedMacBackupWriteSucceeded)
2026-08-14T06:00:51.694Z App feature event (Surface: 2489108693, Operation: pairedMacStoreWriteSucceeded, Duration: 118 ms)
2026-08-14T06:00:51.694Z App feature event (Surface: 2489108693, Operation: computerRoutesUpdated, Duration: 118 ms, Count: 1)
2026-08-14T06:00:51.695Z App feature event (Surface: 2489108693, Operation: notificationFeedLoadStarted)
2026-08-14T06:00:51.706Z [   29.465] sync.transport=render_grid
2026-08-14T06:00:51.812Z App feature event (Surface: 2489108693, Operation: workspaceListRefreshStarted)
2026-08-14T06:00:51.812Z App feature event (Surface: 2633095776, Operation: browserListRefreshStarted)
2026-08-14T06:00:51.812Z App feature event (Operation: terminalStreamSubscribed, Count: 16)
2026-08-14T06:00:51.813Z App feature event (Surface: 2489108693, Operation: workspaceStateSyncStarted)
2026-08-14T06:00:51.847Z [   29.584] sync.subscribe_ok topics=16 transport=renderGrid
2026-08-14T06:00:51.847Z App feature event (Surface: 2489108693, Operation: workspaceListRefreshStarted)
2026-08-14T06:00:51.847Z App feature event (Surface: 2633095776, Operation: browserListRefreshStarted)
2026-08-14T06:00:51.847Z App feature event (Surface: 2489108693, Operation: workspaceListRefreshFailed, Failure: Cancelled, Duration: 35 ms)
2026-08-14T06:00:51.847Z App feature event (Surface: 2489108693, Operation: notificationFeedLoadSucceeded, Duration: 152 ms, Count: 0)
2026-08-14T06:00:51.847Z App feature event (Operation: changesSummaryLoadStarted, Count: 1)
2026-08-14T06:00:51.938Z App feature event (Surface: 2633095776, Operation: browserListRefreshSucceeded, Duration: 126 ms, Count: 0)
2026-08-14T06:00:51.942Z App feature event (Surface: 2489108693, Operation: workspaceListRefreshSucceeded, Duration: 94 ms, Count: 1)
2026-08-14T06:00:51.942Z App feature event (Surface: 2633095776, Operation: browserListRefreshSucceeded, Duration: 94 ms, Count: 0)
2026-08-14T06:00:51.942Z App feature event (Surface: 2489108693, Operation: workspaceStateSyncSucceeded, Count: 1)
2026-08-14T06:00:51.946Z App feature event (Operation: notificationBadgeReconciled, Count: 0)
2026-08-14T06:00:51.946Z App feature event (Operation: notificationBadgeReconciled, Duration: 98 ms, Count: 0)
2026-08-14T06:00:51.946Z [   29.717] notif.reconcile delivered=0 handled=0 unread=0
2026-08-14T06:00:51.994Z App feature event (Operation: changesSummaryLoadSucceeded, Duration: 146 ms, Count: 1)
2026-08-14T06:00:51.994Z App feature event (Operation: changesSummaryLoadStarted, Count: 1)
2026-08-14T06:00:51.994Z App feature event (Operation: changesSummaryLoadSucceeded, Duration: 0 ms, Count: 0)
2026-08-14T06:00:51.994Z [   29.765] changes.summary ok requested=1 summaries=1 chips=0 sample=- reqSample=167FAC98
2026-08-14T06:00:54.488Z App feature event (Operation: computerListRefreshStarted)
2026-08-14T06:00:54.489Z App feature event (Operation: pairedMacStoreReadSucceeded, Duration: 0 ms, Count: 2)
2026-08-14T06:00:54.489Z App feature event (Operation: computerListRefreshSucceeded, Duration: 0 ms, Count: 2)
2026-08-14T06:00:54.489Z App feature event (Operation: deviceRegistryLoadStarted)
2026-08-14T06:00:56.344Z App feature event (Operation: computerListRefreshStarted)
2026-08-14T06:00:56.345Z App feature event (Operation: pairedMacStoreReadSucceeded, Duration: 0 ms, Count: 2)
2026-08-14T06:00:56.345Z App feature event (Operation: computerListRefreshSucceeded, Duration: 0 ms, Count: 2)
2026-08-14T06:00:56.345Z App feature event (Operation: deviceRegistryLoadStarted)
2026-08-14T06:00:58.407Z App feature event (Surface: 4175243827, Operation: pairedMacBackupRefreshStarted)
2026-08-14T06:00:58.407Z App feature event (Surface: 1855144402, Operation: pairedMacRestoreStarted)
2026-08-14T06:00:58.480Z App feature event (Surface: 1855144402, Operation: pairedMacRestoreSucceeded, Count: 0)
2026-08-14T06:00:58.480Z App feature event (Surface: 1855144402, Operation: pairedMacBackupRefreshSucceeded, Count: 0)
2026-08-14T06:01:01.126Z App feature event (Operation: surfaceListUpdated, Count: 2)
2026-08-14T06:01:01.181Z App feature event (Surface: 1158242162, Operation: notificationFeedLoadStarted)
2026-08-14T06:01:01.239Z App feature event (Surface: 1158242162, Operation: notificationFeedLoadSucceeded, Duration: 57 ms, Count: 0)
2026-08-14T06:01:01.376Z App feature event (Surface: 1158242162, Operation: notificationFeedLoadStarted)
2026-08-14T06:01:01.433Z App feature event (Surface: 1158242162, Operation: notificationFeedLoadSucceeded, Duration: 56 ms, Count: 0)
2026-08-14T06:01:01.670Z [   39.441] sync.liveness probe_ok silentMs=9729
2026-08-14T06:01:03.642Z App feature event (Operation: computerListRefreshStarted)
2026-08-14T06:01:03.643Z App feature event (Operation: pairedMacStoreReadSucceeded, Duration: 0 ms, Count: 2)
2026-08-14T06:01:03.643Z App feature event (Operation: computerListRefreshSucceeded, Duration: 0 ms, Count: 2)
2026-08-14T06:01:03.643Z App feature event (Operation: deviceRegistryLoadStarted)
2026-08-14T06:01:05.011Z Composer activation changed (Composer active: Yes, First responder: None, Keyboard height: 0 points, Terminal input focused: No)
2026-08-14T06:01:05.083Z [   42.782] composer.toggle active=true keyboardHeight=0 occInBounds=0 barHidden=false barY=0 barH=36 boundsH=700
2026-08-14T06:01:05.088Z Composer appeared
2026-08-14T06:01:05.090Z App feature event (Surface: 935691469, Operation: chatSessionListLoadStarted)
2026-08-14T06:01:05.090Z App feature event (Surface: 2633095776, Operation: browserListRefreshStarted)
2026-08-14T06:01:05.090Z App feature event (Surface: 935691469, Operation: workspaceOpenStarted)
2026-08-14T06:01:05.090Z App feature event (Surface: 935691469, Operation: workspaceOpenSucceeded, Duration: 0 ms, Count: 1)
2026-08-14T06:01:05.090Z [   42.809] surface.layout bounds=402x700 window=false
2026-08-14T06:01:05.101Z [   42.809] surface.occlusion visible=false window=false hidden=false alpha=1.0
2026-08-14T06:01:05.101Z [   42.837] changes.hint eval ws=167FAC98 capable=true files=-1 dismissed=false shown=false
2026-08-14T06:01:05.108Z [   42.853] runtime.tick
2026-08-14T06:01:05.108Z [   42.853] scroll.bar total=17 offset=0 len=17
2026-08-14T06:01:05.108Z [   42.863] tick.alive win=false suspended=false renderInFlight=false needsDraw=true contents=false surf=0x0 sinceOutput=-1ms
2026-08-14T06:01:05.108Z [   42.872] geom container=402x612 scale=3.0 cellPx=18x35 natural=66x52 eff=nil pinned=nil renderRect=402x612@0
2026-08-14T06:01:05.108Z [   42.872] zoom.autofit.deferred kbAnim=0 pendingReport=0 awaitingEcho=0 reportGrid=66x52 lastReported=nil
2026-08-14T06:01:05.108Z [   42.872] runtime.tick
2026-08-14T06:01:05.108Z [   42.872] scroll.bar total=52 offset=0 len=52
2026-08-14T06:01:05.108Z [   42.872] runtime.tick
2026-08-14T06:01:05.176Z [   42.900] surface.didMoveToWindow window=true
2026-08-14T06:01:05.176Z [   42.900] surface.occlusion visible=true window=true hidden=false alpha=1.0
2026-08-14T06:01:05.178Z [   42.928] surface.layout bounds=440x836 window=true
2026-08-14T06:01:05.178Z [   42.928] surface.occlusion visible=true window=true hidden=false alpha=1.0
2026-08-14T06:01:05.178Z [   42.947] runtime.tick
2026-08-14T06:01:05.178Z [   42.949] geom container=440x714 scale=3.0 cellPx=18x35 natural=72x61 eff=nil pinned=nil renderRect=440x714@0
2026-08-14T06:01:05.178Z [   42.949] zoom.autofit.deferred kbAnim=0 pendingReport=1 awaitingEcho=0 reportGrid=72x61 lastReported=66x52
2026-08-14T06:01:05.178Z [   42.949] runtime.tick
2026-08-14T06:01:05.179Z [   42.950] runtime.tick
2026-08-14T06:01:05.179Z [   42.950] scroll.bar total=61 offset=0 len=61
2026-08-14T06:01:05.183Z [   42.953] surface.layout bounds=440x836 window=true
2026-08-14T06:01:05.183Z [   42.953] surface.occlusion visible=true window=true hidden=false alpha=1.0
2026-08-14T06:01:05.196Z App feature event (Surface: 2633095776, Operation: browserListRefreshSucceeded, Duration: 106 ms, Count: 0)
2026-08-14T06:01:05.199Z [   42.970] geom container=440x714 scale=3.0 cellPx=18x35 natural=72x61 eff=nil pinned=nil renderRect=440x714@0
2026-08-14T06:01:05.199Z [   42.970] zoom.autofit.deferred kbAnim=0 pendingReport=1 awaitingEcho=0 reportGrid=72x61 lastReported=72x61
2026-08-14T06:01:05.316Z App feature event (Surface: 1959501662, Operation: terminalViewportChanged, Count: 4392)
2026-08-14T06:01:05.316Z [   43.087] zoom.report grid=72x61 id=1
2026-08-14T06:01:05.316Z App feature event (Surface: 1959501662, Operation: terminalMounted)
2026-08-14T06:01:05.316Z App feature event (Surface: 1959501662, Operation: terminalReplayStarted)
2026-08-14T06:01:05.320Z App feature event (Surface: 1959501662, Operation: terminalOutputReceived, Count: 10024)
2026-08-14T06:01:05.320Z App feature event (Surface: 1959501662, Operation: terminalThemeChanged)
2026-08-14T06:01:05.372Z App feature event (Surface: 935691469, Operation: chatSessionListLoadSucceeded, Duration: 282 ms, Count: 0)
2026-08-14T06:01:05.373Z [   43.091] terminal.output.drop_replay_barrier surface=F78CA8FE-6177-4A0D-AA0A-77537A4F29E6 count=1
2026-08-14T06:01:05.374Z [   43.144] CMUX_REPLAY stale_request_failed surface=F78CA8FE-6177-4A0D-AA0A-77537A4F29E6
2026-08-14T06:01:05.376Z [   43.144] geom container=440x714 scale=3.0 cellPx=18x35 natural=72x61 eff=nil pinned=nil renderRect=440x714@0
2026-08-14T06:01:05.376Z [   43.144] zoom.autofit.deferred kbAnim=0 pendingReport=0 awaitingEcho=1 reportGrid=72x61 lastReported=72x61
2026-08-14T06:01:05.452Z [   43.215] surface.layout bounds=440x802 window=true
2026-08-14T06:01:05.452Z [   43.215] surface.occlusion visible=true window=true hidden=false alpha=1.0
2026-08-14T06:01:05.452Z [   43.220] surface.occlusion visible=true window=true hidden=false alpha=1.0
2026-08-14T06:01:05.452Z [   43.220] surface.layout bounds=440x802 window=true
2026-08-14T06:01:05.453Z [   43.221] geom.deferShrink container=440x396 applied=440x714
2026-08-14T06:01:05.453Z [   43.223] runtime.tick
2026-08-14T06:01:05.453Z [   43.223] geom container=440x396 scale=3.0 cellPx=18x35 natural=72x61 eff=nil pinned=nil renderRect=440x714@0
2026-08-14T06:01:05.453Z [   43.223] zoom.autofit.deferred kbAnim=0 pendingReport=0 awaitingEcho=1 reportGrid=72x33 lastReported=72x61
2026-08-14T06:01:05.514Z App feature event (Surface: 1959501662, Operation: terminalArtifactListLoaded, Duration: 137 ms, Count: 0)
2026-08-14T06:01:05.514Z App feature event (Surface: 1959501662, Operation: terminalReplayStarted)
2026-08-14T06:01:05.514Z App feature event (Surface: 1959501662, Operation: terminalViewportReportSucceeded, Count: 4392)
2026-08-14T06:01:05.514Z [   43.285] terminal.output.viewport_resync surface=F78CA8FE-6177-4A0D-AA0A-77537A4F29E6 grid=72x61
2026-08-14T06:01:05.514Z [   43.285] sync.render_grid_waiting_for_baseline source=event surface=F78CA8FE-6177-4A0D-AA0A-77537A4F29E6 seq=732
2026-08-14T06:01:05.516Z [   43.287] geom.deferShrink container=440x396 applied=440x714
2026-08-14T06:01:05.516Z [   43.287] geom container=440x396 scale=3.0 cellPx=18x35 natural=72x61 eff=nil pinned=nil renderRect=440x714@0
2026-08-14T06:01:05.516Z [   43.287] zoom.autofit.deferred kbAnim=0 pendingReport=1 awaitingEcho=0 reportGrid=72x33 lastReported=72x33
2026-08-14T06:01:05.583Z [   43.353] zoom.report grid=72x33 id=2
2026-08-14T06:01:05.583Z App feature event (Surface: 1959501662, Operation: terminalViewportChanged, Count: 2376)
2026-08-14T06:01:05.583Z [   43.354] CMUX_REPLAY stale_request_failed surface=F78CA8FE-6177-4A0D-AA0A-77537A4F29E6
2026-08-14T06:01:05.632Z App feature event (Surface: 1959501662, Operation: terminalArtifactListLoaded, Duration: 117 ms, Count: 0)
2026-08-14T06:01:05.710Z App feature event (Surface: 1959501662, Operation: terminalReplayStarted)
2026-08-14T06:01:05.710Z [   43.481] terminal.output.viewport_resync surface=F78CA8FE-6177-4A0D-AA0A-77537A4F29E6 grid=72x33
2026-08-14T06:01:05.710Z App feature event (Surface: 1959501662, Operation: terminalViewportReportSucceeded, Count: 2376)
2026-08-14T06:01:05.718Z [   43.487] geom container=440x396 scale=3.0 cellPx=18x36 natural=72x33 eff=nil pinned=nil renderRect=440x396@0
2026-08-14T06:01:05.718Z [   43.487] zoom.autofit.deferred kbAnim=0 pendingReport=0 awaitingEcho=0 reportGrid=72x33 lastReported=72x33
2026-08-14T06:01:05.718Z [   43.487] runtime.tick
2026-08-14T06:01:05.718Z [   43.487] scroll.bar total=33 offset=0 len=33
2026-08-14T06:01:05.718Z [   43.488] surface.layout bounds=440x802 window=true
2026-08-14T06:01:05.718Z [   43.488] surface.occlusion visible=true window=true hidden=false alpha=1.0
2026-08-14T06:01:05.718Z [   43.489] runtime.tick
2026-08-14T06:01:05.731Z [   43.502] terminal.output.drop_replay_barrier surface=F78CA8FE-6177-4A0D-AA0A-77537A4F29E6 count=1
2026-08-14T06:01:05.734Z [   43.505] geom container=440x396 scale=3.0 cellPx=18x36 natural=72x33 eff=nil pinned=nil renderRect=440x396@0
2026-08-14T06:01:05.734Z [   43.505] zoom.autofit.deferred kbAnim=0 pendingReport=1 awaitingEcho=0 reportGrid=72x33 lastReported=72x33
2026-08-14T06:01:05.744Z App feature event (Surface: 1959501662, Operation: terminalArtifactListLoaded, Duration: 110 ms, Count: 0)
2026-08-14T06:01:05.744Z [   43.515] sync.render_grid_waiting_for_baseline source=event surface=F78CA8FE-6177-4A0D-AA0A-77537A4F29E6 seq=1464
2026-08-14T06:01:05.800Z App feature event (Surface: 1959501662, Operation: terminalAlternateScreenChanged, Count: 0)
2026-08-14T06:01:05.800Z App feature event (Surface: 1959501662, Operation: terminalReplaySucceeded, Duration: 89 ms, Count: 10)
2026-08-14T06:01:05.803Z App feature event (Surface: 1959501662, Operation: terminalArtifactListLoaded, Duration: 58 ms, Count: 0)
2026-08-14T06:01:05.808Z [   43.570] CMUX_REPLAY render_grid surface=F78CA8FE-6177-4A0D-AA0A-77537A4F29E6 spans=10 seq=1464
2026-08-14T06:01:05.839Z [   43.610] verified_replay.freeze transaction=1 contents=true
2026-08-14T06:01:05.839Z [   43.610] zoom.applyViewSize eff=nil->72x33
2026-08-14T06:01:05.839Z [   43.610] geom container=440x396 scale=3.0 cellPx=18x36 natural=72x33 eff=72x33 pinned=nil renderRect=440x396@0
2026-08-14T06:01:05.839Z [   43.610] zoom.autofit.deferred kbAnim=0 pendingReport=1 awaitingEcho=0 reportGrid=72x33 lastReported=72x33
2026-08-14T06:01:05.842Z [   43.613] runtime.tick
2026-08-14T06:01:05.843Z [   43.614] runtime.tick
2026-08-14T06:01:05.844Z [   43.615] runtime.tick
2026-08-14T06:01:05.844Z [   43.615] runtime.tick
2026-08-14T06:01:05.844Z [   43.615] runtime.tick
2026-08-14T06:01:05.844Z [   43.615] runtime.tick
2026-08-14T06:01:05.845Z [   43.616] surface.layers reason=processOutput host=CAMetalLayer bounds=(0.0, 0.0, 440.0, 802.0) frame=(0.0, 0.0, 440.0, 802.0) contentsScale=3.0 children=[0:CALayer bounds=(0.0, 0.0, 440.0, 396.0) frame=(0.0, 0.0, 440.0, 396.0) hidden=true contents=false scale=1.0 | 1:CALayer bounds=(0.0, 499650.0, 440.0, 802.0) frame=(0.0, 0.0, 440.0, 802.0) hidden=false contents=false scale=1.0 | 2:CALayer bounds=(0.0, 0.0, 440.0, 1.0) frame=(0.0, 0.0, 440.0, 1.0) hidden=false contents=false scale=1.0 | 3:CALayer bounds=(0.0, 0.0, 440.0, 802.0) frame=(0.0, 0.0, 440.0, 802.0) hidden=false contents=false scale=1.0] fallbackHidden=true fallbackChars=0
2026-08-14T06:01:05.852Z [   43.620] zoom.report grid=72x33 id=3
2026-08-14T06:01:05.852Z [   43.621] surface.layout bounds=440x802 window=true
2026-08-14T06:01:05.852Z [   43.621] surface.occlusion visible=true window=true hidden=false alpha=1.0
2026-08-14T06:01:05.852Z [   43.623] runtime.tick
2026-08-14T06:01:05.867Z [   43.638] geom container=440x396 scale=3.0 cellPx=18x36 natural=72x33 eff=72x33 pinned=nil renderRect=440x396@0
2026-08-14T06:01:05.867Z [   43.638] zoom.autofit.deferred kbAnim=0 pendingReport=0 awaitingEcho=1 reportGrid=72x33 lastReported=72x33
2026-08-14T06:01:05.883Z App feature event (Surface: 1959501662, Operation: terminalReplayStarted)
2026-08-14T06:01:05.884Z [   43.654] verified_replay.reveal transaction=1
2026-08-14T06:01:05.884Z [   43.655] terminal.output.replay_barrier_cleared surface=F78CA8FE-6177-4A0D-AA0A-77537A4F29E6
2026-08-14T06:01:05.884Z [   43.655] terminal.output.replay_followup surface=F78CA8FE-6177-4A0D-AA0A-77537A4F29E6
2026-08-14T06:01:05.902Z [   43.672] surface.layout bounds=440x802 window=true
2026-08-14T06:01:05.902Z [   43.673] surface.occlusion visible=true window=true hidden=false alpha=1.0
2026-08-14T06:01:05.902Z [   43.673] runtime.tick
2026-08-14T06:01:05.917Z [   43.688] geom container=440x396 scale=3.0 cellPx=18x36 natural=72x33 eff=72x33 pinned=nil renderRect=440x396@0
2026-08-14T06:01:05.917Z [   43.688] zoom.autofit.deferred kbAnim=0 pendingReport=0 awaitingEcho=1 reportGrid=72x33 lastReported=72x33
2026-08-14T06:01:05.920Z App feature event (Surface: 1959501662, Operation: terminalViewportReportSucceeded, Count: 2376)
2026-08-14T06:01:05.935Z [   43.706] geom container=440x396 scale=3.0 cellPx=18x36 natural=72x33 eff=72x33 pinned=nil renderRect=440x396@0
2026-08-14T06:01:06.038Z App feature event (Surface: 1959501662, Operation: terminalReplaySucceeded, Duration: 154 ms, Count: 10)
2026-08-14T06:01:06.038Z [   43.808] CMUX_REPLAY render_grid surface=F78CA8FE-6177-4A0D-AA0A-77537A4F29E6 spans=10 seq=1464
2026-08-14T06:01:06.047Z App feature event (Surface: 1959501662, Operation: terminalArtifactListLoaded, Duration: 69 ms, Count: 0)
2026-08-14T06:01:06.072Z [   43.843] verified_replay.freeze transaction=2 contents=true
2026-08-14T06:01:06.073Z [   43.844] runtime.tick
2026-08-14T06:01:06.073Z [   43.844] runtime.tick
2026-08-14T06:01:06.073Z [   43.844] runtime.tick
2026-08-14T06:01:06.073Z [   43.844] runtime.tick
2026-08-14T06:01:06.073Z [   43.844] runtime.tick
2026-08-14T06:01:06.073Z [   43.844] runtime.tick
2026-08-14T06:01:06.073Z [   43.844] runtime.tick
2026-08-14T06:01:06.086Z [   43.854] surface.layout bounds=440x802 window=true
2026-08-14T06:01:06.086Z [   43.855] surface.occlusion visible=true window=true hidden=false alpha=1.0
2026-08-14T06:01:06.086Z [   43.857] runtime.tick
2026-08-14T06:01:06.101Z [   43.872] verified_replay.reveal transaction=2
2026-08-14T06:01:06.102Z [   43.872] terminal.output.replay_barrier_cleared surface=F78CA8FE-6177-4A0D-AA0A-77537A4F29E6
2026-08-14T06:01:06.102Z [   43.872] geom container=440x396 scale=3.0 cellPx=18x36 natural=72x33 eff=72x33 pinned=nil renderRect=440x396@0
2026-08-14T06:01:06.117Z [   43.888] surface.layout bounds=440x802 window=true
2026-08-14T06:01:06.117Z [   43.888] surface.occlusion visible=true window=true hidden=false alpha=1.0
2026-08-14T06:01:06.118Z [   43.888] runtime.tick
2026-08-14T06:01:06.135Z [   43.906] geom container=440x396 scale=3.0 cellPx=18x36 natural=72x33 eff=72x33 pinned=nil renderRect=440x396@0
2026-08-14T06:01:06.258Z App feature event (Surface: 1959501662, Operation: terminalArtifactListLoaded, Duration: 58 ms, Count: 0)
2026-08-14T06:01:06.507Z [   44.252] composer.keyboardHideWhilePresented prevKeyboardHeight=318 frOwner=2 proxyIsFR=1
2026-08-14T06:01:06.507Z [   44.268] surface.layout bounds=440x836 window=true
2026-08-14T06:01:06.508Z [   44.269] surface.occlusion visible=true window=true hidden=false alpha=1.0
2026-08-14T06:01:06.509Z [   44.278] runtime.tick
2026-08-14T06:01:06.509Z [   44.279] geom container=440x430 scale=3.0 cellPx=18x35 natural=72x36 eff=72x33 pinned=440x394 renderRect=440x394@36
2026-08-14T06:01:06.509Z [   44.279] zoom.autofit.deferred kbAnim=0 pendingReport=0 awaitingEcho=0 reportGrid=72x36 lastReported=72x33
2026-08-14T06:01:06.509Z [   44.279] runtime.tick
2026-08-14T06:01:06.509Z [   44.279] runtime.tick
2026-08-14T06:01:06.509Z [   44.279] scroll.bar total=33 offset=0 len=33
2026-08-14T06:01:06.516Z [   44.287] surface.layout bounds=440x836 window=true
2026-08-14T06:01:06.516Z [   44.287] surface.occlusion visible=true window=true hidden=false alpha=1.0
2026-08-14T06:01:06.533Z [   44.304] geom container=440x430 scale=3.0 cellPx=18x35 natural=72x36 eff=72x33 pinned=440x394 renderRect=440x394@0
2026-08-14T06:01:06.533Z [   44.304] zoom.autofit.deferred kbAnim=0 pendingReport=1 awaitingEcho=0 reportGrid=72x36 lastReported=72x36
2026-08-14T06:01:06.533Z [   44.304] runtime.tick
2026-08-14T06:01:06.533Z [   44.304] runtime.tick
2026-08-14T06:01:06.533Z [   44.304] scroll.bar total=33 offset=0 len=33
2026-08-14T06:01:06.666Z [   44.437] zoom.report grid=72x36 id=4
2026-08-14T06:01:06.667Z App feature event (Surface: 1959501662, Operation: terminalViewportChanged, Count: 2592)
2026-08-14T06:01:06.772Z App feature event (Surface: 1959501662, Operation: terminalArtifactListLoaded, Duration: 105 ms, Count: 0)
2026-08-14T06:01:06.772Z App feature event (Surface: 1959501662, Operation: terminalReplayStarted)
2026-08-14T06:01:06.772Z App feature event (Surface: 1959501662, Operation: terminalViewportReportSucceeded, Count: 2592)
2026-08-14T06:01:06.772Z [   44.543] terminal.output.viewport_resync surface=F78CA8FE-6177-4A0D-AA0A-77537A4F29E6 grid=72x36
2026-08-14T06:01:06.774Z [   44.544] zoom.applyViewSize eff=72x33->72x36
2026-08-14T06:01:06.781Z [   44.552] geom container=440x430 scale=3.0 cellPx=18x35 natural=72x36 eff=72x36 pinned=nil renderRect=440x430@0
2026-08-14T06:01:06.781Z [   44.552] runtime.tick
2026-08-14T06:01:06.781Z [   44.552] scroll.bar total=36 offset=0 len=36
2026-08-14T06:01:06.781Z [   44.552] runtime.tick
2026-08-14T06:01:06.795Z [   44.564] surface.layout bounds=440x836 window=true
2026-08-14T06:01:06.796Z [   44.565] surface.occlusion visible=true window=true hidden=false alpha=1.0
2026-08-14T06:01:06.796Z [   44.567] runtime.tick
2026-08-14T06:01:06.803Z [   44.574] sync.render_grid_stale source=event surface=F78CA8FE-6177-4A0D-AA0A-77537A4F29E6 delivered=1464 frame=1464
2026-08-14T06:01:06.808Z [   44.579] geom container=440x430 scale=3.0 cellPx=18x35 natural=72x36 eff=72x36 pinned=nil renderRect=440x430@0
2026-08-14T06:01:06.812Z [   44.583] sync.render_grid_waiting_for_baseline source=event surface=F78CA8FE-6177-4A0D-AA0A-77537A4F29E6 seq=1736
2026-08-14T06:01:06.812Z [   44.583] terminal.output.drop_replay_barrier surface=F78CA8FE-6177-4A0D-AA0A-77537A4F29E6 count=1
2026-08-14T06:01:06.818Z [   44.589] sync.render_grid_waiting_for_baseline source=event surface=F78CA8FE-6177-4A0D-AA0A-77537A4F29E6 seq=2196
2026-08-14T06:01:06.876Z App feature event (Surface: 1959501662, Operation: terminalReplaySucceeded, Duration: 103 ms, Count: 10)
2026-08-14T06:01:06.876Z [   44.647] CMUX_REPLAY render_grid surface=F78CA8FE-6177-4A0D-AA0A-77537A4F29E6 spans=10 seq=2196
2026-08-14T06:01:06.913Z [   44.684] verified_replay.freeze transaction=3 contents=true
2026-08-14T06:01:06.913Z [   44.684] runtime.tick
2026-08-14T06:01:06.913Z [   44.684] runtime.tick
2026-08-14T06:01:06.913Z [   44.684] runtime.tick
2026-08-14T06:01:06.913Z [   44.684] runtime.tick
2026-08-14T06:01:06.913Z [   44.684] runtime.tick
2026-08-14T06:01:06.913Z [   44.684] surface.layers reason=processOutput host=CAMetalLayer bounds=(0.0, 0.0, 440.0, 836.0) frame=(0.0, 0.0, 440.0, 836.0) contentsScale=3.0 children=[0:CALayer bounds=(0.0, 0.0, 440.0, 430.0) frame=(0.0, 0.0, 440.0, 430.0) hidden=true contents=false scale=1.0 | 1:CALayer bounds=(0.0, 499650.0, 440.0, 836.0) frame=(0.0, 0.0, 440.0, 836.0) hidden=false contents=false scale=1.0 | 2:CALayer bounds=(0.0, 0.0, 440.0, 1.0) frame=(0.0, 0.0, 440.0, 1.0) hidden=false contents=false scale=1.0 | 3:CALayer bounds=(0.0, 0.0, 440.0, 836.0) frame=(0.0, 0.0, 440.0, 836.0) hidden=false contents=false scale=1.0] fallbackHidden=true fallbackChars=0
2026-08-14T06:01:06.913Z [   44.684] runtime.tick
2026-08-14T06:01:06.928Z [   44.697] surface.layout bounds=440x836 window=true
2026-08-14T06:01:06.928Z [   44.697] surface.occlusion visible=true window=true hidden=false alpha=1.0
2026-08-14T06:01:06.929Z [   44.699] runtime.tick
2026-08-14T06:01:06.957Z App feature event (Surface: 1959501662, Operation: terminalReplayStarted)
2026-08-14T06:01:06.959Z [   44.728] verified_replay.reveal transaction=3
2026-08-14T06:01:06.960Z [   44.728] terminal.output.replay_barrier_cleared surface=F78CA8FE-6177-4A0D-AA0A-77537A4F29E6
2026-08-14T06:01:06.960Z [   44.728] terminal.output.replay_followup surface=F78CA8FE-6177-4A0D-AA0A-77537A4F29E6
2026-08-14T06:01:06.960Z [   44.728] geom container=440x430 scale=3.0 cellPx=18x35 natural=72x36 eff=72x36 pinned=nil renderRect=440x430@0
2026-08-14T06:01:06.960Z [   44.730] surface.layout bounds=440x836 window=true
2026-08-14T06:01:06.960Z [   44.730] surface.occlusion visible=true window=true hidden=false alpha=1.0
2026-08-14T06:01:06.960Z [   44.731] runtime.tick
2026-08-14T06:01:06.975Z [   44.746] geom container=440x430 scale=3.0 cellPx=18x35 natural=72x36 eff=72x36 pinned=nil renderRect=440x430@0
2026-08-14T06:01:07.007Z App feature event (Surface: 1959501662, Operation: terminalViewportClearStarted)
2026-08-14T06:01:07.017Z [   44.778] surface.didMoveToWindow window=false
2026-08-14T06:01:07.022Z Composer disappeared
2026-08-14T06:01:07.036Z Composer appeared
2026-08-14T06:01:07.044Z Composer disappeared
2026-08-14T06:01:07.046Z App feature event (Surface: 4004449928, Operation: surfaceFocused)
2026-08-14T06:01:07.075Z Composer activation changed (Composer active: Yes, First responder: None, Keyboard height: 0 points, Terminal input focused: No)
2026-08-14T06:01:07.127Z Composer appeared
2026-08-14T06:01:07.151Z [   44.778] surface.occlusion visible=false window=false hidden=false alpha=1.0
2026-08-14T06:01:07.155Z App feature event (Surface: 4287785883, Operation: chatSessionListLoadStarted)
2026-08-14T06:01:07.155Z App feature event (Surface: 3697923489, Operation: browserListRefreshStarted)
2026-08-14T06:01:07.155Z App feature event (Surface: 4287785883, Operation: workspaceOpenStarted)
2026-08-14T06:01:07.155Z App feature event (Surface: 2489108693, Operation: computerSelected)
2026-08-14T06:01:07.156Z App feature event (Surface: 2489108693, Operation: computerSwitchStarted)
2026-08-14T06:01:07.156Z App feature event (Surface: 1959501662, Operation: terminalReplaySucceeded, Duration: 198 ms, Count: 10)
2026-08-14T06:01:07.156Z App feature event (Surface: 1959501662, Operation: terminalViewportClearSucceeded)
2026-08-14T06:01:07.157Z [   44.788] runtime.tick
2026-08-14T06:01:07.158Z [   44.846] composer.toggle active=true keyboardHeight=0 occInBounds=0 barHidden=false barY=0 barH=36 boundsH=700
2026-08-14T06:01:07.158Z [   44.854] surface.layout bounds=402x700 window=false
2026-08-14T06:01:07.161Z [   44.855] surface.occlusion visible=false window=false hidden=false alpha=1.0
2026-08-14T06:01:07.161Z App feature event (Surface: 2489108693, Operation: capabilitySnapshotReceived, Count: 0)
2026-08-14T06:01:07.162Z App feature event (Surface: 2489108693, Operation: capabilitySnapshotReceived, Count: 48)
2026-08-14T06:01:07.162Z App feature event (Surface: 2489108693, Operation: computerSwitchSucceeded, Duration: 6 ms)
2026-08-14T06:01:07.162Z App feature event (Surface: 4287785883, Operation: workspaceOpenSucceeded, Duration: 6 ms, Count: 1)
2026-08-14T06:01:07.177Z [   44.870] changes.hint eval ws=96741731 capable=true files=-1 dismissed=false shown=false
2026-08-14T06:01:07.177Z App feature event (Surface: 2489108693, Operation: notificationFeedLoadStarted)
2026-08-14T06:01:07.177Z App feature event (Surface: 4287785883, Operation: chatSessionListLoadStarted)
2026-08-14T06:01:07.177Z App feature event (Surface: 4287785883, Operation: chatSessionListLoadFailed, Failure: Cancelled, Duration: 22 ms)
2026-08-14T06:01:07.177Z [   44.878] surface.didMoveToWindow window=true
2026-08-14T06:01:07.178Z App feature event (Surface: 4175243827, Operation: pairedMacBackupRefreshStarted)
2026-08-14T06:01:07.178Z [   44.878] surface.occlusion visible=true window=true hidden=false alpha=1.0
2026-08-14T06:01:07.178Z App feature event (Surface: 1090846445, Operation: notificationFeedLoadStarted)
2026-08-14T06:01:07.178Z [   44.900] surface.layout bounds=440x836 window=true
2026-08-14T06:01:07.178Z App feature event (Surface: 1855144402, Operation: pairedMacRestoreStarted)
2026-08-14T06:01:07.178Z [   44.900] surface.occlusion visible=true window=true hidden=false alpha=1.0
2026-08-14T06:01:07.178Z [   44.918] surface.layout bounds=440x836 window=true
2026-08-14T06:01:07.178Z [   44.918] surface.occlusion visible=true window=true hidden=false alpha=1.0
2026-08-14T06:01:07.178Z [   44.922] surface.layout bounds=440x836 window=true
2026-08-14T06:01:07.178Z [   44.922] surface.occlusion visible=true window=true hidden=false alpha=1.0
2026-08-14T06:01:07.178Z [   44.925] runtime.tick
2026-08-14T06:01:07.178Z [   44.925] scroll.bar total=17 offset=0 len=17
2026-08-14T06:01:07.178Z [   44.927] CMUX_REPLAY render_grid surface=F78CA8FE-6177-4A0D-AA0A-77537A4F29E6 spans=10 seq=2196
2026-08-14T06:01:07.178Z [   44.928] terminal.output.drop_replay_barrier surface=F78CA8FE-6177-4A0D-AA0A-77537A4F29E6 count=1
2026-08-14T06:01:07.178Z [   44.931] tick.alive win=true suspended=false renderInFlight=false needsDraw=true contents=false surf=0x0 sinceOutput=-1ms
2026-08-14T06:01:07.178Z [   44.933] macupdate.hint caps=48 version=nil hint=nil
2026-08-14T06:01:07.178Z [   44.933] runtime.tick
2026-08-14T06:01:07.178Z [   44.933] scroll.bar total=36 offset=0 len=36
2026-08-14T06:01:07.178Z [   44.933] geom container=440x430 scale=3.0 cellPx=18x35 natural=72x36 eff=nil pinned=nil renderRect=440x430@0
2026-08-14T06:01:07.178Z [   44.933] zoom.autofit.deferred kbAnim=0 pendingReport=0 awaitingEcho=0 reportGrid=72x36 lastReported=nil
2026-08-14T06:01:07.178Z [   44.946] surface.layout bounds=440x836 window=true
2026-08-14T06:01:07.178Z [   44.946] surface.occlusion visible=true window=true hidden=false alpha=1.0
2026-08-14T06:01:07.178Z [   44.948] runtime.tick
2026-08-14T06:01:07.178Z [   44.949] geom container=440x714 scale=3.0 cellPx=18x35 natural=72x61 eff=nil pinned=nil renderRect=440x714@0
2026-08-14T06:01:07.178Z [   44.949] zoom.autofit.deferred kbAnim=0 pendingReport=1 awaitingEcho=0 reportGrid=72x61 lastReported=72x36
2026-08-14T06:01:07.179Z [   44.950] runtime.tick
2026-08-14T06:01:07.179Z [   44.950] scroll.bar total=61 offset=0 len=61
2026-08-14T06:01:07.179Z App feature event (Surface: 1158242162, Operation: pairedMacBackupWriteStarted)
2026-08-14T06:01:07.191Z [   44.962] surface.layout bounds=440x836 window=true
2026-08-14T06:01:07.191Z [   44.962] surface.occlusion visible=true window=true hidden=false alpha=1.0
2026-08-14T06:01:07.191Z [   44.962] runtime.tick
2026-08-14T06:01:07.209Z App feature event (Surface: 1855144402, Operation: pairedMacRestoreSucceeded, Count: 0)
2026-08-14T06:01:07.209Z App feature event (Surface: 1855144402, Operation: pairedMacBackupRefreshSucceeded, Count: 0)
2026-08-14T06:01:07.211Z [   44.982] geom container=440x714 scale=3.0 cellPx=18x35 natural=72x61 eff=nil pinned=nil renderRect=440x714@0
2026-08-14T06:01:07.211Z [   44.982] zoom.autofit.deferred kbAnim=0 pendingReport=1 awaitingEcho=0 reportGrid=72x61 lastReported=72x61
2026-08-14T06:01:07.236Z App feature event (Surface: 1158242162, Operation: pairedMacBackupWriteSucceeded)
2026-08-14T06:01:07.236Z App feature event (Surface: 1090846445, Operation: pairedMacBackupWriteStarted)
2026-08-14T06:01:07.286Z App feature event (Surface: 3697923489, Operation: browserListRefreshFailed, Failure: Protocol violation, Duration: 130 ms)
2026-08-14T06:01:07.286Z App feature event (Surface: 1090846445, Operation: pairedMacBackupWriteSucceeded)
2026-08-14T06:01:07.298Z App feature event (Surface: 1090846445, Operation: notificationFeedLoadSucceeded, Duration: 120 ms, Count: 0)
2026-08-14T06:01:07.312Z App feature event (Surface: 4004449928, Operation: terminalViewportChanged, Count: 4392)
2026-08-14T06:01:07.317Z App feature event (Surface: 2489108693, Operation: pairedMacStoreWriteStarted)
2026-08-14T06:01:07.325Z App feature event (Surface: 4004449928, Operation: terminalMounted)
2026-08-14T06:01:07.325Z [   45.083] zoom.report grid=72x61 id=1
2026-08-14T06:01:07.325Z App feature event (Surface: 4004449928, Operation: terminalReplayStarted)
2026-08-14T06:01:07.326Z [   45.088] macupdate.hint caps=48 version=0.64.22 hint=nil
2026-08-14T06:01:07.326Z App feature event (Surface: 3697923489, Operation: browserListRefreshStarted)
2026-08-14T06:01:07.326Z App feature event (Surface: 2489108693, Operation: notificationFeedLoadSucceeded, Duration: 148 ms, Count: 0)
2026-08-14T06:01:07.391Z [   45.113] CMUX_REPLAY stale_request_failed surface=33CE8C50-813F-4841-9EDE-EC9FAB3941D7
2026-08-14T06:01:07.392Z [   45.156] surface.layout bounds=440x802 window=true
2026-08-14T06:01:07.392Z [   45.156] surface.occlusion visible=true window=true hidden=false alpha=1.0
2026-08-14T06:01:07.392Z [   45.160] geom container=440x714 scale=3.0 cellPx=18x35 natural=72x61 eff=nil pinned=nil renderRect=440x714@0
2026-08-14T06:01:07.392Z [   45.160] zoom.autofit.deferred kbAnim=0 pendingReport=0 awaitingEcho=1 reportGrid=72x61 lastReported=72x61
2026-08-14T06:01:07.393Z App feature event (Surface: 1158242162, Operation: pairedMacBackupWriteStarted)
2026-08-14T06:01:07.405Z [   45.161] surface.layout bounds=440x802 window=true
2026-08-14T06:01:07.405Z App feature event (Surface: 1090846445, Operation: notificationFeedLoadStarted)
2026-08-14T06:01:07.405Z [   45.161] surface.occlusion visible=true window=true hidden=false alpha=1.0
2026-08-14T06:01:07.405Z [   45.163] runtime.tick
2026-08-14T06:01:07.405Z [   45.163] geom.deferShrink container=440x396 applied=440x714
2026-08-14T06:01:07.405Z [   45.163] geom container=440x396 scale=3.0 cellPx=18x35 natural=72x61 eff=nil pinned=nil renderRect=440x714@0
2026-08-14T06:01:07.405Z [   45.163] zoom.autofit.deferred kbAnim=0 pendingReport=0 awaitingEcho=1 reportGrid=72x33 lastReported=72x61
2026-08-14T06:01:07.412Z App feature event (Surface: 4004449928, Operation: terminalReplayStarted)
2026-08-14T06:01:07.412Z App feature event (Surface: 4004449928, Operation: terminalViewportReportSucceeded, Count: 4392)
2026-08-14T06:01:07.412Z App feature event (Surface: 3697923489, Operation: browserListRefreshSucceeded, Duration: 86 ms, Count: 0)
2026-08-14T06:01:07.412Z App feature event (Surface: 4287785883, Operation: chatSessionListLoadSucceeded, Duration: 234 ms, Count: 0)
2026-08-14T06:01:07.414Z [   45.183] terminal.output.viewport_resync surface=33CE8C50-813F-4841-9EDE-EC9FAB3941D7 grid=72x61
2026-08-14T06:01:07.420Z [   45.191] geom.deferShrink container=440x396 applied=440x714
2026-08-14T06:01:07.421Z [   45.192] geom container=440x396 scale=3.0 cellPx=18x35 natural=72x61 eff=nil pinned=nil renderRect=440x714@0
2026-08-14T06:01:07.421Z [   45.192] zoom.autofit.deferred kbAnim=0 pendingReport=1 awaitingEcho=0 reportGrid=72x33 lastReported=72x33
2026-08-14T06:01:07.430Z App feature event (Operation: changesSummaryLoadStarted, Count: 2)
2026-08-14T06:01:07.465Z App feature event (Surface: 1090846445, Operation: notificationFeedLoadSucceeded, Duration: 59 ms, Count: 0)
2026-08-14T06:01:07.467Z App feature event (Surface: 1158242162, Operation: pairedMacBackupWriteSucceeded)
2026-08-14T06:01:07.468Z App feature event (Surface: 2489108693, Operation: pairedMacStoreWriteSucceeded, Duration: 151 ms)
2026-08-14T06:01:07.468Z App feature event (Surface: 2489108693, Operation: computerRoutesUpdated, Duration: 151 ms, Count: 1)
2026-08-14T06:01:07.482Z [   45.239] sync.transport=render_grid
2026-08-14T06:01:07.482Z App feature event (Surface: 2489108693, Operation: notificationFeedLoadStarted)
2026-08-14T06:01:07.482Z [   45.239] terminal.output.replay_barrier_cleared_workspace_not_found surface=F78CA8FE-6177-4A0D-AA0A-77537A4F29E6
2026-08-14T06:01:07.520Z [   45.291] zoom.report grid=72x33 id=2
2026-08-14T06:01:07.520Z App feature event (Surface: 4004449928, Operation: terminalViewportChanged, Count: 2376)
2026-08-14T06:01:07.520Z [   45.291] CMUX_REPLAY stale_request_failed surface=33CE8C50-813F-4841-9EDE-EC9FAB3941D7
2026-08-14T06:01:07.524Z App feature event (Surface: 4004449928, Operation: terminalArtifactListLoaded, Duration: 132 ms, Count: 0)
2026-08-14T06:01:07.611Z App feature event (Operation: terminalStreamSubscribed, Count: 16)
2026-08-14T06:01:07.611Z App feature event (Surface: 2489108693, Operation: workspaceStateSyncStarted)
2026-08-14T06:01:07.611Z App feature event (Surface: 2489108693, Operation: notificationFeedLoadSucceeded, Duration: 128 ms, Count: 0)
2026-08-14T06:01:07.611Z [   45.382] sync.subscribe_ok topics=16 transport=renderGrid
2026-08-14T06:01:07.622Z App feature event (Surface: 4004449928, Operation: terminalOutputReceived, Count: 4982)
2026-08-14T06:01:07.622Z App feature event (Surface: 4004449928, Operation: terminalThemeChanged)
2026-08-14T06:01:07.623Z App feature event (Operation: changesSummaryLoadSucceeded, Duration: 192 ms, Count: 2)
2026-08-14T06:01:07.623Z App feature event (Surface: 4004449928, Operation: terminalReplayStarted)
2026-08-14T06:01:07.623Z App feature event (Surface: 4004449928, Operation: terminalViewportReportSucceeded, Count: 2376)
2026-08-14T06:01:07.626Z App feature event (Surface: 4004449928, Operation: terminalArtifactListLoaded, Duration: 102 ms, Count: 0)
2026-08-14T06:01:07.645Z [   45.394] terminal.output.drop_replay_barrier surface=33CE8C50-813F-4841-9EDE-EC9FAB3941D7 count=1
2026-08-14T06:01:07.646Z [   45.394] changes.summary ok requested=2 summaries=2 chips=0 sample=- reqSample=96741731
2026-08-14T06:01:07.646Z [   45.394] terminal.output.viewport_resync surface=33CE8C50-813F-4841-9EDE-EC9FAB3941D7 grid=72x33
2026-08-14T06:01:07.646Z [   45.417] runtime.tick
2026-08-14T06:01:07.646Z [   45.417] scroll.bar total=33 offset=0 len=33
2026-08-14T06:01:07.646Z [   45.417] geom container=440x396 scale=3.0 cellPx=18x36 natural=72x33 eff=nil pinned=nil renderRect=440x396@0
2026-08-14T06:01:07.646Z [   45.417] zoom.autofit.deferred kbAnim=0 pendingReport=0 awaitingEcho=0 reportGrid=72x33 lastReported=72x33
2026-08-14T06:01:07.646Z [   45.417] runtime.tick
2026-08-14T06:01:07.650Z [   45.420] surface.layout bounds=440x802 window=true
2026-08-14T06:01:07.650Z [   45.420] surface.occlusion visible=true window=true hidden=false alpha=1.0
2026-08-14T06:01:07.650Z [   45.421] runtime.tick
2026-08-14T06:01:07.659Z [   45.430] sync.render_grid_waiting_for_baseline source=event surface=33CE8C50-813F-4841-9EDE-EC9FAB3941D7 seq=9516
2026-08-14T06:01:07.666Z [   45.437] geom container=440x396 scale=3.0 cellPx=18x36 natural=72x33 eff=nil pinned=nil renderRect=440x396@0
2026-08-14T06:01:07.666Z [   45.437] zoom.autofit.deferred kbAnim=0 pendingReport=1 awaitingEcho=0 reportGrid=72x33 lastReported=72x33
2026-08-14T06:01:07.672Z App feature event (Surface: 2489108693, Operation: workspaceStateSyncSucceeded, Count: 1)
2026-08-14T06:01:07.672Z App feature event (Operation: notificationBadgeReconciled, Count: 0)
2026-08-14T06:01:07.672Z App feature event (Operation: notificationBadgeReconciled, Duration: 61 ms, Count: 0)
2026-08-14T06:01:07.690Z [   45.443] notif.reconcile delivered=0 handled=0 unread=0
2026-08-14T06:01:07.727Z App feature event (Surface: 4004449928, Operation: terminalThemeChanged)
2026-08-14T06:01:07.727Z App feature event (Surface: 4004449928, Operation: terminalAlternateScreenChanged, Count: 0)
2026-08-14T06:01:07.727Z App feature event (Surface: 4004449928, Operation: terminalReplaySucceeded, Duration: 104 ms, Count: 11)
2026-08-14T06:01:07.731Z [   45.498] CMUX_REPLAY render_grid surface=33CE8C50-813F-4841-9EDE-EC9FAB3941D7 spans=11 seq=9516
2026-08-14T06:01:07.766Z [   45.537] zoom.report grid=72x33 id=3
2026-08-14T06:01:07.768Z [   45.539] verified_replay.freeze transaction=1 contents=true
2026-08-14T06:01:07.768Z [   45.539] zoom.applyViewSize eff=nil->72x33
2026-08-14T06:01:07.768Z [   45.539] geom container=440x396 scale=3.0 cellPx=18x36 natural=72x33 eff=72x33 pinned=nil renderRect=440x396@0
2026-08-14T06:01:07.768Z [   45.539] zoom.autofit.deferred kbAnim=0 pendingReport=0 awaitingEcho=1 reportGrid=72x33 lastReported=72x33
2026-08-14T06:01:07.768Z [   45.539] runtime.tick
2026-08-14T06:01:07.768Z [   45.539] runtime.tick
2026-08-14T06:01:07.768Z [   45.539] runtime.tick
2026-08-14T06:01:07.768Z [   45.539] runtime.tick
2026-08-14T06:01:07.768Z [   45.539] runtime.tick
2026-08-14T06:01:07.768Z [   45.539] runtime.tick
2026-08-14T06:01:07.768Z [   45.539] surface.layers reason=processOutput host=CAMetalLayer bounds=(0.0, 0.0, 440.0, 802.0) frame=(0.0, 0.0, 440.0, 802.0) contentsScale=3.0 children=[0:CALayer bounds=(0.0, 0.0, 440.0, 396.0) frame=(0.0, 0.0, 440.0, 396.0) hidden=true contents=false scale=1.0 | 1:CALayer bounds=(0.0, 499650.0, 440.0, 802.0) frame=(0.0, 0.0, 440.0, 802.0) hidden=false contents=false scale=1.0 | 2:CALayer bounds=(0.0, 0.0, 440.0, 1.0) frame=(0.0, 0.0, 440.0, 1.0) hidden=false contents=false scale=1.0 | 3:CALayer bounds=(0.0, 0.0, 440.0, 802.0) frame=(0.0, 0.0, 440.0, 802.0) hidden=false contents=false scale=1.0] fallbackHidden=true fallbackChars=0
2026-08-14T06:01:07.784Z [   45.554] surface.layout bounds=440x802 window=true
2026-08-14T06:01:07.784Z [   45.554] surface.occlusion visible=true window=true hidden=false alpha=1.0
2026-08-14T06:01:07.784Z [   45.555] runtime.tick
2026-08-14T06:01:07.800Z App feature event (Surface: 4004449928, Operation: terminalReplayStarted)
2026-08-14T06:01:07.800Z [   45.571] verified_replay.reveal transaction=1
2026-08-14T06:01:07.800Z [   45.571] terminal.output.replay_barrier_cleared surface=33CE8C50-813F-4841-9EDE-EC9FAB3941D7
2026-08-14T06:01:07.800Z [   45.571] terminal.output.replay_followup surface=33CE8C50-813F-4841-9EDE-EC9FAB3941D7
2026-08-14T06:01:07.800Z [   45.571] geom container=440x396 scale=3.0 cellPx=18x36 natural=72x33 eff=72x33 pinned=nil renderRect=440x396@0
2026-08-14T06:01:07.800Z [   45.571] zoom.autofit.deferred kbAnim=0 pendingReport=0 awaitingEcho=1 reportGrid=72x33 lastReported=72x33
2026-08-14T06:01:07.816Z [   45.587] surface.layout bounds=440x802 window=true
2026-08-14T06:01:07.816Z [   45.587] surface.occlusion visible=true window=true hidden=false alpha=1.0
2026-08-14T06:01:07.816Z [   45.587] runtime.tick
2026-08-14T06:01:07.824Z App feature event (Surface: 4004449928, Operation: terminalViewportReportSucceeded, Count: 2376)
2026-08-14T06:01:07.826Z App feature event (Surface: 4004449928, Operation: terminalArtifactListLoaded, Duration: 57 ms, Count: 0)
2026-08-14T06:01:07.833Z [   45.604] geom container=440x396 scale=3.0 cellPx=18x36 natural=72x33 eff=72x33 pinned=nil renderRect=440x396@0
2026-08-14T06:01:07.876Z App feature event (Surface: 4004449928, Operation: terminalReplaySucceeded, Duration: 76 ms, Count: 11)
2026-08-14T06:01:07.876Z [   45.647] CMUX_REPLAY render_grid surface=33CE8C50-813F-4841-9EDE-EC9FAB3941D7 spans=11 seq=9516
2026-08-14T06:01:07.879Z App feature event (Surface: 4004449928, Operation: terminalArtifactListLoaded, Duration: 53 ms, Count: 0)
2026-08-14T06:01:07.912Z [   45.683] verified_replay.freeze transaction=2 contents=true
2026-08-14T06:01:07.913Z [   45.683] runtime.tick
2026-08-14T06:01:07.913Z [   45.684] runtime.tick
2026-08-14T06:01:07.913Z [   45.684] runtime.tick
2026-08-14T06:01:07.913Z [   45.684] runtime.tick
2026-08-14T06:01:07.913Z [   45.684] runtime.tick
2026-08-14T06:01:07.913Z [   45.684] runtime.tick
2026-08-14T06:01:07.918Z [   45.687] surface.layout bounds=440x802 window=true
2026-08-14T06:01:07.918Z [   45.688] surface.occlusion visible=true window=true hidden=false alpha=1.0
2026-08-14T06:01:07.918Z [   45.689] runtime.tick
2026-08-14T06:01:07.933Z [   45.704] verified_replay.reveal transaction=2
2026-08-14T06:01:07.933Z [   45.704] terminal.output.replay_barrier_cleared surface=33CE8C50-813F-4841-9EDE-EC9FAB3941D7
2026-08-14T06:01:07.934Z [   45.704] geom container=440x396 scale=3.0 cellPx=18x36 natural=72x33 eff=72x33 pinned=nil renderRect=440x396@0
2026-08-14T06:01:07.946Z App feature event (Operation: changesSummaryLoadStarted, Count: 1)
2026-08-14T06:01:07.946Z App feature event (Operation: changesSummaryLoadSucceeded, Duration: 0 ms, Count: 0)
2026-08-14T06:01:07.951Z [   45.721] surface.layout bounds=440x802 window=true
2026-08-14T06:01:07.951Z [   45.721] surface.occlusion visible=true window=true hidden=false alpha=1.0
2026-08-14T06:01:07.951Z [   45.722] runtime.tick
2026-08-14T06:01:07.967Z [   45.738] geom container=440x396 scale=3.0 cellPx=18x36 natural=72x33 eff=72x33 pinned=nil renderRect=440x396@0
2026-08-14T06:01:07.969Z App feature event (Surface: 4004449928, Operation: terminalArtifactListLoaded, Duration: 56 ms, Count: 0)
2026-08-14T06:01:08.023Z App feature event (Surface: 4004449928, Operation: terminalArtifactListLoaded, Duration: 54 ms, Count: 0)
2026-08-14T06:01:08.137Z App feature event (Surface: 4004449928, Operation: terminalArtifactListLoaded, Duration: 103 ms, Count: 0)
2026-08-14T06:01:08.893Z App feature event (Surface: 4004449928, Operation: terminalThemeChanged)
2026-08-14T06:01:08.913Z [   46.684] runtime.tick
2026-08-14T06:01:08.938Z App feature event (Surface: 4004449928, Operation: terminalReplayStarted)
2026-08-14T06:01:08.938Z [   46.709] verified_replay.freeze transaction=3 contents=true
2026-08-14T06:01:08.938Z [   46.709] terminal.output.reset surface=33CE8C50-813F-4841-9EDE-EC9FAB3941D7
2026-08-14T06:01:08.952Z [   46.721] surface.layout bounds=440x802 window=true
2026-08-14T06:01:08.952Z [   46.721] surface.occlusion visible=true window=true hidden=false alpha=1.0
2026-08-14T06:01:08.967Z [   46.737] geom container=440x396 scale=3.0 cellPx=18x36 natural=72x33 eff=72x33 pinned=nil renderRect=440x396@0
2026-08-14T06:01:09.016Z App feature event (Surface: 4004449928, Operation: terminalThemeChanged)
2026-08-14T06:01:09.017Z App feature event (Surface: 4004449928, Operation: terminalReplaySucceeded, Duration: 78 ms, Count: 11)
2026-08-14T06:01:09.032Z [   46.787] CMUX_REPLAY render_grid surface=33CE8C50-813F-4841-9EDE-EC9FAB3941D7 spans=11 seq=9516
2026-08-14T06:01:09.035Z [   46.806] runtime.tick
2026-08-14T06:01:09.035Z [   46.806] runtime.tick
2026-08-14T06:01:09.035Z [   46.806] runtime.tick
2026-08-14T06:01:09.035Z [   46.806] runtime.tick
2026-08-14T06:01:09.035Z [   46.806] runtime.tick
2026-08-14T06:01:09.035Z [   46.806] surface.layers reason=processOutput host=CAMetalLayer bounds=(0.0, 0.0, 440.0, 802.0) frame=(0.0, 0.0, 440.0, 802.0) contentsScale=3.0 children=[0:CALayer bounds=(0.0, 0.0, 440.0, 396.0) frame=(0.0, 0.0, 440.0, 396.0) hidden=true contents=false scale=1.0 | 1:CALayer bounds=(0.0, 499650.0, 440.0, 802.0) frame=(0.0, 0.0, 440.0, 802.0) hidden=false contents=false scale=1.0 | 2:CALayer bounds=(0.0, 0.0, 440.0, 1.0) frame=(0.0, 0.0, 440.0, 1.0) hidden=false contents=false scale=1.0 | 3:CALayer bounds=(0.0, 0.0, 440.0, 802.0) frame=(0.0, 0.0, 440.0, 802.0) hidden=false contents=false scale=1.0] fallbackHidden=true fallbackChars=0
2026-08-14T06:01:09.067Z [   46.838] verified_replay.reveal transaction=4
2026-08-14T06:01:09.067Z [   46.838] terminal.output.replay_barrier_cleared surface=33CE8C50-813F-4841-9EDE-EC9FAB3941D7
2026-08-14T06:01:09.084Z [   46.855] surface.layout bounds=440x802 window=true
2026-08-14T06:01:09.084Z [   46.855] surface.occlusion visible=true window=true hidden=false alpha=1.0
2026-08-14T06:01:09.085Z [   46.855] runtime.tick
2026-08-14T06:01:09.100Z [   46.871] geom container=440x396 scale=3.0 cellPx=18x36 natural=72x33 eff=72x33 pinned=nil renderRect=440x396@0
2026-08-14T06:01:09.166Z [   46.937] tick.alive win=true suspended=false renderInFlight=false needsDraw=false contents=true surf=440x396 sinceOutput=131ms
2026-08-14T06:01:09.223Z App feature event (Surface: 4004449928, Operation: terminalArtifactListLoaded, Duration: 56 ms, Count: 0)
2026-08-14T06:01:09.696Z [   47.467] runtime.tick
2026-08-14T06:01:09.738Z [   47.509] runtime.tick
2026-08-14T06:01:09.879Z [   47.650] runtime.tick
2026-08-14T06:01:09.997Z [   47.767] runtime.tick
2026-08-14T06:01:10.036Z [   47.807] runtime.tick
2026-08-14T06:01:10.074Z App feature event (Surface: 4004449928, Operation: terminalThemeChanged)
2026-08-14T06:01:10.079Z App feature event (Surface: 4004449928, Operation: terminalArtifactListLoaded, Duration: 208 ms, Count: 0)
2026-08-14T06:01:10.099Z App feature event (Surface: 4004449928, Operation: terminalReplayStarted)
2026-08-14T06:01:10.099Z [   47.870] verified_replay.freeze transaction=5 contents=true
2026-08-14T06:01:10.099Z [   47.870] terminal.output.reset surface=33CE8C50-813F-4841-9EDE-EC9FAB3941D7
2026-08-14T06:01:10.103Z [   47.871] surface.layout bounds=440x802 window=true
2026-08-14T06:01:10.103Z [   47.872] surface.occlusion visible=true window=true hidden=false alpha=1.0
2026-08-14T06:01:10.103Z [   47.874] sync.input_seq_wait surface=33CE8C50-813F-4841-9EDE-EC9FAB3941D7 local=0 pending=9520 remote=9520
2026-08-14T06:01:10.103Z [   47.874] runtime.tick
2026-08-14T06:01:10.117Z [   47.888] geom container=440x396 scale=3.0 cellPx=18x36 natural=72x33 eff=72x33 pinned=nil renderRect=440x396@0
2026-08-14T06:01:10.149Z App feature event (Surface: 4004449928, Operation: terminalArtifactListLoaded, Duration: 54 ms, Count: 0)
2026-08-14T06:01:10.252Z App feature event (Surface: 4004449928, Operation: terminalReplaySucceeded, Duration: 153 ms, Count: 11)
2026-08-14T06:01:10.252Z [   48.022] terminal.output.drop_replay_barrier surface=33CE8C50-813F-4841-9EDE-EC9FAB3941D7 count=1
2026-08-14T06:01:10.252Z App feature event (Surface: 4004449928, Operation: terminalArtifactListLoaded, Duration: 85 ms, Count: 0)
2026-08-14T06:01:10.252Z [   48.022] CMUX_REPLAY render_grid surface=33CE8C50-813F-4841-9EDE-EC9FAB3941D7 spans=11 seq=9520
2026-08-14T06:01:10.252Z [   48.022] sync.render_grid_stale_theme surface=33CE8C50-813F-4841-9EDE-EC9FAB3941D7 revision=54
2026-08-14T06:01:10.252Z [   48.023] sync.input_seq_caught_up surface=33CE8C50-813F-4841-9EDE-EC9FAB3941D7 seq=9520
2026-08-14T06:01:10.253Z [   48.024] runtime.tick
2026-08-14T06:01:10.253Z [   48.024] runtime.tick
2026-08-14T06:01:10.253Z [   48.024] runtime.tick
2026-08-14T06:01:10.254Z [   48.024] runtime.tick
2026-08-14T06:01:10.254Z [   48.024] runtime.tick
2026-08-14T06:01:10.254Z [   48.024] runtime.tick
2026-08-14T06:01:10.254Z [   48.024] runtime.tick
2026-08-14T06:01:10.254Z [   48.024] runtime.tick
2026-08-14T06:01:10.254Z [   48.024] runtime.tick
2026-08-14T06:01:10.254Z [   48.024] runtime.tick
2026-08-14T06:01:10.254Z [   48.024] runtime.tick
2026-08-14T06:01:10.254Z [   48.024] runtime.tick
2026-08-14T06:01:10.254Z [   48.024] runtime.tick
2026-08-14T06:01:10.254Z [   48.024] runtime.tick
2026-08-14T06:01:10.254Z [   48.024] runtime.tick
2026-08-14T06:01:10.254Z [   48.024] runtime.tick
2026-08-14T06:01:10.254Z [   48.024] runtime.tick
2026-08-14T06:01:10.254Z [   48.024] runtime.tick
2026-08-14T06:01:10.254Z [   48.024] runtime.tick
2026-08-14T06:01:10.254Z [   48.024] runtime.tick
2026-08-14T06:01:10.254Z [   48.024] runtime.tick
2026-08-14T06:01:10.254Z [   48.024] surface.layers reason=processOutput host=CAMetalLayer bounds=(0.0, 0.0, 440.0, 802.0) frame=(0.0, 0.0, 440.0, 802.0) contentsScale=3.0 children=[0:CALayer bounds=(0.0, 0.0, 440.0, 396.0) frame=(0.0, 0.0, 440.0, 396.0) hidden=true contents=false scale=1.0 | 1:CALayer bounds=(0.0, 499650.0, 440.0, 802.0) frame=(0.0, 0.0, 440.0, 802.0) hidden=false contents=false scale=1.0 | 2:CALayer bounds=(0.0, 0.0, 440.0, 1.0) frame=(0.0, 0.0, 440.0, 1.0) hidden=false contents=false scale=1.0 | 3:CALayer bounds=(0.0, 0.0, 440.0, 802.0) frame=(0.0, 0.0, 440.0, 802.0) hidden=false contents=false scale=1.0] fallbackHidden=true fallbackChars=0
2026-08-14T06:01:10.269Z [   48.040] sync.input_seq_wait surface=33CE8C50-813F-4841-9EDE-EC9FAB3941D7 local=9520 pending=9539 remote=9539
2026-08-14T06:01:10.284Z App feature event (Surface: 4004449928, Operation: terminalReplayStarted)
2026-08-14T06:01:10.284Z [   48.054] verified_replay.reveal transaction=6
2026-08-14T06:01:10.284Z [   48.055] terminal.output.replay_barrier_cleared surface=33CE8C50-813F-4841-9EDE-EC9FAB3941D7
2026-08-14T06:01:10.284Z [   48.055] terminal.output.replay_followup surface=33CE8C50-813F-4841-9EDE-EC9FAB3941D7
2026-08-14T06:01:10.298Z [   48.069] sync.render_grid_waiting_for_baseline source=event surface=33CE8C50-813F-4841-9EDE-EC9FAB3941D7 seq=9545
2026-08-14T06:01:10.299Z [   48.069] terminal.output.drop_replay_barrier surface=33CE8C50-813F-4841-9EDE-EC9FAB3941D7 count=1
2026-08-14T06:01:10.305Z [   48.075] surface.layout bounds=440x802 window=true
2026-08-14T06:01:10.305Z [   48.076] surface.occlusion visible=true window=true hidden=false alpha=1.0
2026-08-14T06:01:10.305Z [   48.076] runtime.tick
2026-08-14T06:01:10.310Z App feature event (Surface: 4004449928, Operation: terminalArtifactListLoaded, Duration: 58 ms, Count: 0)
2026-08-14T06:01:10.316Z App feature event (Surface: 4004449928, Operation: terminalInputSubmitted)
2026-08-14T06:01:10.337Z [   48.108] geom container=440x396 scale=3.0 cellPx=18x36 natural=72x33 eff=72x33 pinned=nil renderRect=440x396@0
2026-08-14T06:01:10.433Z App feature event (Surface: 4004449928, Operation: terminalArtifactListLoaded, Duration: 122 ms, Count: 0)
2026-08-14T06:01:10.434Z App feature event (Surface: 4004449928, Operation: terminalThemeChanged)
2026-08-14T06:01:10.434Z App feature event (Surface: 4004449928, Operation: terminalReplaySucceeded, Duration: 150 ms, Count: 11)
2026-08-14T06:01:10.450Z App feature event (Surface: 4004449928, Operation: terminalInputAcknowledged)
2026-08-14T06:01:10.450Z [   48.204] CMUX_REPLAY render_grid surface=33CE8C50-813F-4841-9EDE-EC9FAB3941D7 spans=11 seq=9545
2026-08-14T06:01:10.452Z App feature event (Surface: 4004449928, Operation: terminalThemeChanged)
2026-08-14T06:01:10.485Z [   48.256] verified_replay.freeze transaction=7 contents=true
2026-08-14T06:01:10.485Z [   48.256] runtime.tick
2026-08-14T06:01:10.486Z [   48.256] runtime.tick
2026-08-14T06:01:10.486Z [   48.256] runtime.tick
2026-08-14T06:01:10.486Z [   48.256] runtime.tick
2026-08-14T06:01:10.486Z [   48.256] runtime.tick
2026-08-14T06:01:10.486Z [   48.256] runtime.tick
2026-08-14T06:01:10.486Z [   48.257] runtime.tick
2026-08-14T06:01:10.503Z [   48.272] surface.layout bounds=440x802 window=true
2026-08-14T06:01:10.503Z [   48.272] surface.occlusion visible=true window=true hidden=false alpha=1.0
2026-08-14T06:01:10.503Z [   48.274] runtime.tick
2026-08-14T06:01:10.517Z [   48.288] verified_replay.reveal transaction=7
2026-08-14T06:01:10.517Z [   48.288] terminal.output.replay_followup_cap_reached surface=33CE8C50-813F-4841-9EDE-EC9FAB3941D7 attempts=1
2026-08-14T06:01:10.517Z [   48.288] terminal.output.replay_barrier_fail_open surface=33CE8C50-813F-4841-9EDE-EC9FAB3941D7 reason=followup_cap
2026-08-14T06:01:10.517Z [   48.288] geom container=440x396 scale=3.0 cellPx=18x36 natural=72x33 eff=72x33 pinned=nil renderRect=440x396@0
2026-08-14T06:01:10.532Z App feature event (Surface: 4004449928, Operation: terminalArtifactListLoaded, Duration: 63 ms, Count: 0)
2026-08-14T06:01:10.534Z [   48.305] surface.layout bounds=440x802 window=true
2026-08-14T06:01:10.534Z [   48.305] surface.occlusion visible=true window=true hidden=false alpha=1.0
2026-08-14T06:01:10.534Z [   48.305] runtime.tick
2026-08-14T06:01:10.550Z [   48.321] geom container=440x396 scale=3.0 cellPx=18x36 natural=72x33 eff=72x33 pinned=nil renderRect=440x396@0
2026-08-14T06:01:10.581Z App feature event (Surface: 3697923489, Operation: browserListRefreshStarted)
2026-08-14T06:01:10.585Z App feature event (Operation: surfaceListUpdated, Count: 2)
2026-08-14T06:01:10.585Z App feature event (Surface: 4004449928, Operation: surfaceTitleChanged)
2026-08-14T06:01:10.637Z App feature event (Surface: 4004449928, Operation: terminalArtifactListLoaded, Duration: 105 ms, Count: 0)
2026-08-14T06:01:10.638Z App feature event (Surface: 3697923489, Operation: browserListRefreshSucceeded, Duration: 57 ms, Count: 0)
2026-08-14T06:01:10.759Z App feature event (Surface: 4004449928, Operation: terminalArtifactListLoaded, Duration: 109 ms, Count: 0)
2026-08-14T06:01:10.848Z App feature event (Operation: changesSummaryLoadStarted, Count: 1)
2026-08-14T06:01:10.848Z App feature event (Operation: changesSummaryLoadSucceeded, Duration: 0 ms, Count: 0)
2026-08-14T06:01:11.166Z [   48.937] tick.alive win=true suspended=false renderInFlight=false needsDraw=false contents=true surf=440x396 sinceOutput=680ms
2026-08-14T06:01:11.433Z [   49.192] composer.keyboardHideWhilePresented prevKeyboardHeight=318 frOwner=2 proxyIsFR=1
2026-08-14T06:01:11.433Z [   49.199] surface.layout bounds=440x836 window=true
2026-08-14T06:01:11.460Z [   49.199] surface.occlusion visible=true window=true hidden=false alpha=1.0
2026-08-14T06:01:11.461Z [   49.204] runtime.tick
2026-08-14T06:01:11.463Z [   49.231] geom container=440x430 scale=3.0 cellPx=18x35 natural=72x36 eff=72x33 pinned=440x394 renderRect=440x394@36
2026-08-14T06:01:11.464Z [   49.231] zoom.autofit.deferred kbAnim=0 pendingReport=0 awaitingEcho=0 reportGrid=72x36 lastReported=72x33
2026-08-14T06:01:11.464Z [   49.231] runtime.tick
2026-08-14T06:01:11.464Z [   49.231] scroll.bar total=33 offset=0 len=33
2026-08-14T06:01:11.464Z [   49.235] surface.layout bounds=440x836 window=true
2026-08-14T06:01:11.464Z [   49.235] surface.occlusion visible=true window=true hidden=false alpha=1.0
2026-08-14T06:01:11.464Z [   49.235] runtime.tick
2026-08-14T06:01:11.466Z [   49.237] geom container=440x430 scale=3.0 cellPx=18x35 natural=72x36 eff=72x33 pinned=440x394 renderRect=440x394@0
2026-08-14T06:01:11.466Z [   49.237] zoom.autofit.deferred kbAnim=0 pendingReport=1 awaitingEcho=0 reportGrid=72x36 lastReported=72x36
2026-08-14T06:01:11.467Z [   49.238] runtime.tick
2026-08-14T06:01:11.467Z [   49.238] scroll.bar total=33 offset=0 len=33
2026-08-14T06:01:11.486Z [   49.257] runtime.tick
2026-08-14T06:01:11.608Z App feature event (Surface: 4004449928, Operation: terminalViewportChanged, Count: 2592)
2026-08-14T06:01:11.608Z [   49.379] zoom.report grid=72x36 id=4
2026-08-14T06:01:11.680Z App feature event (Surface: 4004449928, Operation: terminalReplayStarted)
2026-08-14T06:01:11.680Z App feature event (Surface: 4004449928, Operation: terminalViewportReportSucceeded, Count: 2592)
2026-08-14T06:01:11.680Z [   49.451] terminal.output.viewport_resync surface=33CE8C50-813F-4841-9EDE-EC9FAB3941D7 grid=72x36
2026-08-14T06:01:11.681Z [   49.452] zoom.applyViewSize eff=72x33->72x36
2026-08-14T06:01:11.689Z [   49.459] runtime.tick
2026-08-14T06:01:11.689Z [   49.460] geom container=440x430 scale=3.0 cellPx=18x35 natural=72x36 eff=72x36 pinned=nil renderRect=440x430@0
2026-08-14T06:01:11.689Z [   49.460] runtime.tick
2026-08-14T06:01:11.689Z [   49.460] scroll.bar total=36 offset=0 len=36
2026-08-14T06:01:11.708Z [   49.476] surface.layout bounds=440x836 window=true
2026-08-14T06:01:11.709Z [   49.477] surface.occlusion visible=true window=true hidden=false alpha=1.0
2026-08-14T06:01:11.709Z [   49.479] runtime.tick
2026-08-14T06:01:11.709Z [   49.480] terminal.output.drop_replay_barrier surface=33CE8C50-813F-4841-9EDE-EC9FAB3941D7 count=1
2026-08-14T06:01:11.718Z [   49.489] sync.render_grid_waiting_for_baseline source=event surface=33CE8C50-813F-4841-9EDE-EC9FAB3941D7 seq=9627
2026-08-14T06:01:11.722Z [   49.493] geom container=440x430 scale=3.0 cellPx=18x35 natural=72x36 eff=72x36 pinned=nil renderRect=440x430@0
2026-08-14T06:01:11.728Z [   49.499] sync.render_grid_waiting_for_baseline source=event surface=33CE8C50-813F-4841-9EDE-EC9FAB3941D7 seq=9633
2026-08-14T06:01:11.808Z [   49.579] sync.render_grid_waiting_for_baseline source=event surface=33CE8C50-813F-4841-9EDE-EC9FAB3941D7 seq=9673
2026-08-14T06:01:11.809Z [   49.579] sync.render_grid_waiting_for_baseline source=event surface=33CE8C50-813F-4841-9EDE-EC9FAB3941D7 seq=10697
2026-08-14T06:01:11.809Z [   49.580] sync.render_grid_waiting_for_baseline source=event surface=33CE8C50-813F-4841-9EDE-EC9FAB3941D7 seq=10901
2026-08-14T06:01:11.823Z App feature event (Surface: 4004449928, Operation: terminalArtifactListLoaded, Duration: 214 ms, Count: 0)
2026-08-14T06:01:11.824Z [   49.594] sync.render_grid_waiting_for_baseline source=event surface=33CE8C50-813F-4841-9EDE-EC9FAB3941D7 seq=10909
2026-08-14T06:01:11.825Z [   49.595] sync.render_grid_waiting_for_baseline source=event surface=33CE8C50-813F-4841-9EDE-EC9FAB3941D7 seq=10921
2026-08-14T06:01:11.852Z App feature event (Surface: 4004449928, Operation: terminalThemeChanged)
2026-08-14T06:01:11.852Z App feature event (Surface: 4004449928, Operation: terminalReplaySucceeded, Duration: 172 ms, Count: 83)
2026-08-14T06:01:11.852Z [   49.622] CMUX_REPLAY render_grid surface=33CE8C50-813F-4841-9EDE-EC9FAB3941D7 spans=83 seq=10921
2026-08-14T06:01:11.890Z App feature event (Surface: 4004449928, Operation: terminalViewportClearStarted)
2026-08-14T06:01:11.897Z Composer disappeared
2026-08-14T06:01:11.921Z Composer appeared
2026-08-14T06:01:11.936Z Composer disappeared
2026-08-14T06:01:11.942Z [   49.661] surface.didMoveToWindow window=false
2026-08-14T06:01:11.942Z [   49.661] surface.occlusion visible=false window=false hidden=false alpha=1.0
2026-08-14T06:01:11.943Z [   49.713] verified_replay.freeze_failed transaction=8 reason=lifecycle_changed
2026-08-14T06:01:11.943Z [   49.713] runtime.tick
2026-08-14T06:01:12.012Z App feature event (Surface: 4004449928, Operation: terminalViewportClearSucceeded)
2026-08-14T06:01:12.078Z Composer activation changed (Composer active: Yes, First responder: None, Keyboard height: 0 points, Terminal input focused: No)
2026-08-14T06:01:12.131Z Composer appeared
2026-08-14T06:01:12.161Z App feature event (Surface: 4004449928, Operation: terminalThemeChanged)
2026-08-14T06:01:12.162Z [   49.849] composer.toggle active=true keyboardHeight=0 occInBounds=0 barHidden=false barY=0 barH=36 boundsH=700
2026-08-14T06:01:12.165Z App feature event (Surface: 4287785883, Operation: chatSessionListLoadStarted)
2026-08-14T06:01:12.165Z App feature event (Surface: 3697923489, Operation: browserListRefreshStarted)
2026-08-14T06:01:12.165Z App feature event (Surface: 4287785883, Operation: workspaceOpenStarted)
2026-08-14T06:01:12.165Z App feature event (Surface: 4287785883, Operation: workspaceOpenSucceeded, Duration: 0 ms, Count: 1)
2026-08-14T06:01:12.166Z [   49.858] surface.layout bounds=402x700 window=false
2026-08-14T06:01:12.167Z [   49.858] surface.occlusion visible=false window=false hidden=false alpha=1.0
2026-08-14T06:01:12.167Z [   49.874] changes.hint eval ws=96741731 capable=true files=-1 dismissed=false shown=false
2026-08-14T06:01:12.167Z [   49.882] surface.didMoveToWindow window=true
2026-08-14T06:01:12.167Z [   49.882] surface.occlusion visible=true window=true hidden=false alpha=1.0
2026-08-14T06:01:12.167Z [   49.903] surface.layout bounds=440x836 window=true
2026-08-14T06:01:12.167Z [   49.903] surface.occlusion visible=true window=true hidden=false alpha=1.0
2026-08-14T06:01:12.167Z [   49.931] surface.layout bounds=440x836 window=true
2026-08-14T06:01:12.167Z [   49.931] surface.occlusion visible=true window=true hidden=false alpha=1.0
2026-08-14T06:01:12.167Z [   49.933] runtime.tick
2026-08-14T06:01:12.167Z [   49.933] scroll.bar total=17 offset=0 len=17
2026-08-14T06:01:12.167Z [   49.937] tick.alive win=true suspended=false renderInFlight=false needsDraw=true contents=false surf=0x0 sinceOutput=-1ms
2026-08-14T06:01:12.167Z [   49.938] geom container=440x714 scale=3.0 cellPx=18x35 natural=72x61 eff=nil pinned=nil renderRect=440x714@0
2026-08-14T06:01:12.167Z [   49.938] zoom.autofit.deferred kbAnim=0 pendingReport=0 awaitingEcho=0 reportGrid=72x61 lastReported=nil
2026-08-14T06:01:12.167Z [   49.938] runtime.tick
2026-08-14T06:01:12.167Z [   49.938] scroll.bar total=61 offset=0 len=61
2026-08-14T06:01:12.167Z [   49.938] runtime.tick
2026-08-14T06:01:12.171Z [   49.941] surface.layout bounds=440x836 window=true
2026-08-14T06:01:12.171Z [   49.941] surface.occlusion visible=true window=true hidden=false alpha=1.0
2026-08-14T06:01:12.187Z [   49.958] geom container=440x714 scale=3.0 cellPx=18x35 natural=72x61 eff=nil pinned=nil renderRect=440x714@0
2026-08-14T06:01:12.187Z [   49.958] zoom.autofit.deferred kbAnim=0 pendingReport=1 awaitingEcho=0 reportGrid=72x61 lastReported=72x61
2026-08-14T06:01:12.229Z App feature event (Surface: 3697923489, Operation: browserListRefreshSucceeded, Duration: 63 ms, Count: 0)
2026-08-14T06:01:12.304Z App feature event (Surface: 4004449928, Operation: terminalViewportChanged, Count: 4392)
2026-08-14T06:01:12.304Z [   50.075] zoom.report grid=72x61 id=1
2026-08-14T06:01:12.304Z App feature event (Surface: 4004449928, Operation: terminalMounted)
2026-08-14T06:01:12.304Z App feature event (Surface: 4004449928, Operation: terminalReplayStarted)
2026-08-14T06:01:12.305Z [   50.075] CMUX_REPLAY stale_request_failed surface=33CE8C50-813F-4841-9EDE-EC9FAB3941D7
2026-08-14T06:01:12.363Z App feature event (Surface: 4287785883, Operation: chatSessionListLoadSucceeded, Duration: 197 ms, Count: 1)
2026-08-14T06:01:12.365Z App feature event (Surface: 4004449928, Operation: terminalArtifactListLoaded, Duration: 60 ms, Count: 0)
2026-08-14T06:01:12.384Z App feature event (Surface: 4004449928, Operation: terminalReplayStarted)
2026-08-14T06:01:12.384Z App feature event (Surface: 4004449928, Operation: terminalViewportReportSucceeded, Count: 4392)
2026-08-14T06:01:12.384Z [   50.155] terminal.output.viewport_resync surface=33CE8C50-813F-4841-9EDE-EC9FAB3941D7 grid=72x61
2026-08-14T06:01:12.386Z App feature event (Surface: 3395796627, Operation: chatEventStreamStarted)
2026-08-14T06:01:12.386Z App feature event (Surface: 3395796627, Operation: chatHistoryLoadStarted)
2026-08-14T06:01:12.386Z [   50.157] geom container=440x714 scale=3.0 cellPx=18x35 natural=72x61 eff=nil pinned=nil renderRect=440x714@0
2026-08-14T06:01:12.398Z App feature event (Surface: 4004449928, Operation: terminalOutputReceived, Count: 8685)
2026-08-14T06:01:12.398Z [   50.169] terminal.output.drop_replay_barrier surface=33CE8C50-813F-4841-9EDE-EC9FAB3941D7 count=1
2026-08-14T06:01:12.405Z [   50.176] sync.render_grid_waiting_for_baseline source=event surface=33CE8C50-813F-4841-9EDE-EC9FAB3941D7 seq=14192
2026-08-14T06:01:12.456Z App feature event (Surface: 4004449928, Operation: terminalThemeChanged)
2026-08-14T06:01:12.456Z App feature event (Surface: 4004449928, Operation: terminalReplaySucceeded, Duration: 71 ms, Count: 65)
2026-08-14T06:01:12.457Z App feature event (Surface: 3395796627, Operation: chatHistoryLoadFailed, Failure: Protocol violation)
2026-08-14T06:01:12.457Z [   50.227] CMUX_REPLAY render_grid surface=33CE8C50-813F-4841-9EDE-EC9FAB3941D7 spans=65 seq=14192
2026-08-14T06:01:12.496Z [   50.267] verified_replay.freeze transaction=1 contents=true
2026-08-14T06:01:12.496Z [   50.267] zoom.applyViewSize eff=nil->72x61
2026-08-14T06:01:12.496Z [   50.267] geom container=440x714 scale=3.0 cellPx=18x35 natural=72x61 eff=72x61 pinned=nil renderRect=440x714@0
2026-08-14T06:01:12.496Z [   50.267] runtime.tick
2026-08-14T06:01:12.496Z [   50.267] runtime.tick
2026-08-14T06:01:12.496Z [   50.267] runtime.tick
2026-08-14T06:01:12.496Z [   50.267] runtime.tick
2026-08-14T06:01:12.496Z [   50.267] runtime.tick
2026-08-14T06:01:12.496Z [   50.267] runtime.tick
2026-08-14T06:01:12.497Z [   50.267] runtime.tick
2026-08-14T06:01:12.497Z [   50.267] surface.layers reason=processOutput host=CAMetalLayer bounds=(0.0, 0.0, 440.0, 836.0) frame=(0.0, 0.0, 440.0, 836.0) contentsScale=3.0 children=[0:CALayer bounds=(0.0, 0.0, 440.0, 714.0) frame=(0.0, 0.0, 440.0, 714.0) hidden=true contents=false scale=1.0 | 1:CALayer bounds=(0.0, 499650.0, 440.0, 836.0) frame=(0.0, 0.0, 440.0, 836.0) hidden=false contents=false scale=1.0 | 2:CALayer bounds=(0.0, 0.0, 440.0, 1.0) frame=(0.0, 0.0, 440.0, 1.0) hidden=false contents=false scale=1.0 | 3:CALayer bounds=(0.0, 0.0, 440.0, 836.0) frame=(0.0, 0.0, 440.0, 836.0) hidden=false contents=false scale=1.0] fallbackHidden=true fallbackChars=0
2026-08-14T06:01:12.508Z [   50.277] surface.layout bounds=440x836 window=true
2026-08-14T06:01:12.508Z [   50.277] surface.occlusion visible=true window=true hidden=false alpha=1.0
2026-08-14T06:01:12.508Z [   50.279] runtime.tick
2026-08-14T06:01:12.522Z App feature event (Surface: 4004449928, Operation: terminalReplayStarted)
2026-08-14T06:01:12.522Z [   50.292] verified_replay.reveal transaction=1
2026-08-14T06:01:12.522Z [   50.292] terminal.output.replay_barrier_cleared surface=33CE8C50-813F-4841-9EDE-EC9FAB3941D7
2026-08-14T06:01:12.522Z [   50.293] terminal.output.replay_followup surface=33CE8C50-813F-4841-9EDE-EC9FAB3941D7
2026-08-14T06:01:12.522Z [   50.293] geom container=440x714 scale=3.0 cellPx=18x35 natural=72x61 eff=72x61 pinned=nil renderRect=440x714@0
2026-08-14T06:01:12.540Z [   50.311] surface.layout bounds=440x836 window=true
2026-08-14T06:01:12.540Z [   50.311] surface.occlusion visible=true window=true hidden=false alpha=1.0
2026-08-14T06:01:12.540Z [   50.311] runtime.tick
2026-08-14T06:01:12.555Z [   50.326] geom container=440x714 scale=3.0 cellPx=18x35 natural=72x61 eff=72x61 pinned=nil renderRect=440x714@0
2026-08-14T06:01:12.605Z App feature event (Surface: 4004449928, Operation: terminalReplaySucceeded, Duration: 83 ms, Count: 65)
2026-08-14T06:01:12.606Z [   50.374] CMUX_REPLAY render_grid surface=33CE8C50-813F-4841-9EDE-EC9FAB3941D7 spans=65 seq=14192
2026-08-14T06:01:12.672Z [   50.435] surface.layout bounds=440x836 window=true
2026-08-14T06:01:12.676Z App feature event (Surface: 4004449928, Operation: terminalArtifactListLoaded, Duration: 54 ms, Count: 0)
2026-08-14T06:01:12.697Z [   50.435] surface.occlusion visible=true window=true hidden=false alpha=1.0
2026-08-14T06:01:12.697Z [   50.443] runtime.tick
2026-08-14T06:01:12.698Z [   50.468] verified_replay.freeze transaction=2 contents=true
2026-08-14T06:01:12.698Z [   50.468] geom container=440x714 scale=3.0 cellPx=18x35 natural=72x61 eff=72x61 pinned=nil renderRect=440x714@0
2026-08-14T06:01:12.698Z [   50.469] runtime.tick
2026-08-14T06:01:12.698Z [   50.469] runtime.tick
2026-08-14T06:01:12.698Z [   50.469] runtime.tick
2026-08-14T06:01:12.698Z [   50.469] runtime.tick
2026-08-14T06:01:12.698Z [   50.469] runtime.tick
2026-08-14T06:01:12.705Z [   50.475] surface.layout bounds=440x836 window=true
2026-08-14T06:01:12.706Z [   50.475] surface.occlusion visible=true window=true hidden=false alpha=1.0
2026-08-14T06:01:12.706Z [   50.476] runtime.tick
2026-08-14T06:01:12.721Z [   50.492] verified_replay.reveal transaction=2
2026-08-14T06:01:12.721Z [   50.492] terminal.output.replay_barrier_cleared surface=33CE8C50-813F-4841-9EDE-EC9FAB3941D7
2026-08-14T06:01:12.721Z [   50.492] geom container=440x714 scale=3.0 cellPx=18x35 natural=72x61 eff=72x61 pinned=nil renderRect=440x714@0
2026-08-14T06:01:12.742Z [   50.512] surface.layout bounds=440x836 window=true
2026-08-14T06:01:12.742Z [   50.512] surface.occlusion visible=true window=true hidden=false alpha=1.0
2026-08-14T06:01:12.742Z [   50.513] runtime.tick
2026-08-14T06:01:12.783Z [   50.553] geom container=440x714 scale=3.0 cellPx=18x35 natural=72x61 eff=72x61 pinned=nil renderRect=440x714@0
2026-08-14T06:01:12.872Z App feature event (Surface: 4004449928, Operation: terminalArtifactListLoaded, Duration: 53 ms, Count: 0)
2026-08-14T06:01:13.322Z App feature event (Surface: 4004449928, Operation: terminalViewportClearStarted)
2026-08-14T06:01:13.337Z Composer disappeared
2026-08-14T06:01:13.343Z [   51.092] surface.didMoveToWindow window=false
2026-08-14T06:01:13.350Z Composer appeared
2026-08-14T06:01:13.355Z App feature event (Surface: 3395796627, Operation: chatEventStreamEnded)
2026-08-14T06:01:13.378Z Composer disappeared
2026-08-14T06:01:13.384Z [   51.093] surface.occlusion visible=false window=false hidden=false alpha=1.0
2026-08-14T06:01:13.385Z App feature event (Surface: 1959501662, Operation: surfaceFocused)
2026-08-14T06:01:13.412Z Composer activation changed (Composer active: Yes, First responder: None, Keyboard height: 0 points, Terminal input focused: No)
2026-08-14T06:01:13.464Z Composer appeared
2026-08-14T06:01:13.488Z [   51.114] runtime.tick
2026-08-14T06:01:13.489Z App feature event (Surface: 4004449928, Operation: terminalViewportClearSucceeded)
2026-08-14T06:01:13.490Z App feature event (Surface: 4004449928, Operation: terminalThemeChanged)
2026-08-14T06:01:13.490Z App feature event (Surface: 935691469, Operation: chatSessionListLoadStarted)
2026-08-14T06:01:13.490Z App feature event (Surface: 2633095776, Operation: browserListRefreshStarted)
2026-08-14T06:01:13.490Z App feature event (Surface: 935691469, Operation: workspaceOpenStarted)
2026-08-14T06:01:13.490Z App feature event (Surface: 2489108693, Operation: computerSelected)
2026-08-14T06:01:13.490Z App feature event (Surface: 2489108693, Operation: computerSwitchStarted)
2026-08-14T06:01:13.490Z [   51.183] composer.toggle active=true keyboardHeight=0 occInBounds=0 barHidden=false barY=0 barH=36 boundsH=700
2026-08-14T06:01:13.493Z [   51.191] surface.layout bounds=402x700 window=false
2026-08-14T06:01:13.494Z [   51.191] surface.occlusion visible=false window=false hidden=false alpha=1.0
2026-08-14T06:01:13.494Z [   51.207] changes.hint eval ws=167FAC98 capable=true files=-1 dismissed=false shown=false
2026-08-14T06:01:13.502Z [   51.216] surface.didMoveToWindow window=true
2026-08-14T06:01:13.502Z App feature event (Surface: 2489108693, Operation: capabilitySnapshotReceived, Count: 0)
2026-08-14T06:01:13.503Z App feature event (Surface: 2489108693, Operation: capabilitySnapshotReceived, Count: 48)
2026-08-14T06:01:13.503Z App feature event (Surface: 2489108693, Operation: computerSwitchSucceeded, Duration: 12 ms)
2026-08-14T06:01:13.503Z App feature event (Surface: 935691469, Operation: workspaceOpenSucceeded, Duration: 12 ms, Count: 1)
2026-08-14T06:01:13.503Z [   51.216] surface.occlusion visible=true window=true hidden=false alpha=1.0
2026-08-14T06:01:13.503Z App feature event (Surface: 2489108693, Operation: notificationFeedLoadStarted)
2026-08-14T06:01:13.515Z [   51.237] surface.layout bounds=440x836 window=true
2026-08-14T06:01:13.515Z App feature event (Surface: 4175243827, Operation: pairedMacBackupRefreshStarted)
2026-08-14T06:01:13.516Z App feature event (Surface: 935691469, Operation: chatSessionListLoadStarted)
2026-08-14T06:01:13.516Z App feature event (Surface: 935691469, Operation: chatSessionListLoadFailed, Failure: Cancelled, Duration: 26 ms)
2026-08-14T06:01:13.577Z App feature event (Surface: 1158242162, Operation: notificationFeedLoadStarted)
2026-08-14T06:01:13.577Z [   51.237] surface.occlusion visible=true window=true hidden=false alpha=1.0
2026-08-14T06:01:13.577Z App feature event (Surface: 1855144402, Operation: pairedMacRestoreStarted)
2026-08-14T06:01:13.580Z [   51.258] surface.layout bounds=440x836 window=true
2026-08-14T06:01:13.581Z App feature event (Surface: 1090846445, Operation: pairedMacBackupWriteStarted)
2026-08-14T06:01:13.587Z [   51.258] surface.occlusion visible=true window=true hidden=false alpha=1.0
2026-08-14T06:01:13.587Z App feature event (Surface: 2489108693, Operation: notificationFeedLoadSucceeded, Duration: 84 ms, Count: 0)
2026-08-14T06:01:13.588Z App feature event (Surface: 2633095776, Operation: browserListRefreshFailed, Failure: Protocol violation, Duration: 97 ms)
2026-08-14T06:01:13.589Z [   51.260] runtime.tick
2026-08-14T06:01:13.589Z App feature event (Surface: 2489108693, Operation: pairedMacStoreWriteStarted)
2026-08-14T06:01:13.589Z [   51.260] scroll.bar total=17 offset=0 len=17
2026-08-14T06:01:13.589Z App feature event (Surface: 2633095776, Operation: browserListRefreshStarted)
2026-08-14T06:01:13.599Z [   51.264] tick.alive win=true suspended=false renderInFlight=false needsDraw=true contents=false surf=0x0 sinceOutput=-1ms
2026-08-14T06:01:13.602Z [   51.265] geom container=440x714 scale=3.0 cellPx=18x35 natural=72x61 eff=nil pinned=nil renderRect=440x714@0
2026-08-14T06:01:13.602Z [   51.265] zoom.autofit.deferred kbAnim=0 pendingReport=0 awaitingEcho=0 reportGrid=72x61 lastReported=nil
2026-08-14T06:01:13.602Z [   51.265] runtime.tick
2026-08-14T06:01:13.602Z [   51.265] scroll.bar total=61 offset=0 len=61
2026-08-14T06:01:13.602Z [   51.265] runtime.tick
2026-08-14T06:01:13.602Z [   51.272] surface.layout bounds=440x836 window=true
2026-08-14T06:01:13.603Z [   51.272] surface.occlusion visible=true window=true hidden=false alpha=1.0
2026-08-14T06:01:13.603Z [   51.274] macupdate.hint caps=48 version=nil hint=nil
2026-08-14T06:01:13.603Z [   51.341] surface.layout bounds=440x802 window=true
2026-08-14T06:01:13.603Z [   51.341] surface.occlusion visible=true window=true hidden=false alpha=1.0
2026-08-14T06:01:13.603Z [   51.351] geom.deferShrink container=440x396 applied=440x714
2026-08-14T06:01:13.603Z [   51.352] surface.layout bounds=440x802 window=true
2026-08-14T06:01:13.603Z [   51.352] surface.occlusion visible=true window=true hidden=false alpha=1.0
2026-08-14T06:01:13.603Z [   51.358] geom container=440x396 scale=3.0 cellPx=18x35 natural=72x61 eff=nil pinned=nil renderRect=440x714@0
2026-08-14T06:01:13.603Z [   51.359] zoom.autofit.deferred kbAnim=0 pendingReport=1 awaitingEcho=0 reportGrid=72x33 lastReported=72x61
2026-08-14T06:01:13.603Z [   51.359] runtime.tick
2026-08-14T06:01:13.603Z [   51.360] macupdate.hint caps=48 version=0.64.22 hint=nil
2026-08-14T06:01:13.603Z [   51.371] geom.deferShrink container=440x396 applied=440x714
2026-08-14T06:01:13.603Z [   51.373] geom container=440x396 scale=3.0 cellPx=18x35 natural=72x61 eff=nil pinned=nil renderRect=440x714@0
2026-08-14T06:01:13.603Z [   51.373] zoom.autofit.deferred kbAnim=0 pendingReport=1 awaitingEcho=0 reportGrid=72x33 lastReported=72x33
2026-08-14T06:01:13.632Z App feature event (Surface: 1855144402, Operation: pairedMacRestoreSucceeded, Count: 0)
2026-08-14T06:01:13.632Z App feature event (Surface: 1855144402, Operation: pairedMacBackupRefreshSucceeded, Count: 0)
2026-08-14T06:01:13.636Z App feature event (Surface: 1158242162, Operation: notificationFeedLoadSucceeded, Duration: 59 ms, Count: 0)
2026-08-14T06:01:13.646Z App feature event (Surface: 2633095776, Operation: browserListRefreshSucceeded, Duration: 57 ms, Count: 0)
2026-08-14T06:01:13.653Z App feature event (Surface: 1090846445, Operation: pairedMacBackupWriteSucceeded)
2026-08-14T06:01:13.653Z App feature event (Surface: 1158242162, Operation: pairedMacBackupWriteStarted)
2026-08-14T06:01:13.679Z App feature event (Surface: 935691469, Operation: chatSessionListLoadSucceeded, Duration: 163 ms, Count: 0)
2026-08-14T06:01:13.703Z App feature event (Surface: 1158242162, Operation: pairedMacBackupWriteSucceeded)
2026-08-14T06:01:13.706Z App feature event (Surface: 1090846445, Operation: pairedMacBackupWriteStarted)
2026-08-14T06:01:13.716Z App feature event (Surface: 1959501662, Operation: terminalViewportChanged, Count: 2376)
2026-08-14T06:01:13.717Z App feature event (Surface: 1959501662, Operation: terminalMounted)
2026-08-14T06:01:13.717Z [   51.487] zoom.report grid=72x33 id=1
2026-08-14T06:01:13.717Z App feature event (Surface: 1959501662, Operation: terminalReplayStarted)
2026-08-14T06:01:13.717Z [   51.488] CMUX_REPLAY stale_request_failed surface=F78CA8FE-6177-4A0D-AA0A-77537A4F29E6
2026-08-14T06:01:13.755Z App feature event (Operation: changesSummaryLoadStarted, Count: 2)
2026-08-14T06:01:13.763Z App feature event (Surface: 1090846445, Operation: pairedMacBackupWriteSucceeded)
2026-08-14T06:01:13.763Z App feature event (Surface: 2489108693, Operation: pairedMacStoreWriteSucceeded, Duration: 174 ms)
2026-08-14T06:01:13.763Z App feature event (Surface: 2489108693, Operation: computerRoutesUpdated, Duration: 174 ms, Count: 1)
2026-08-14T06:01:13.780Z App feature event (Surface: 1959501662, Operation: terminalArtifactListLoaded, Duration: 63 ms, Count: 0)
2026-08-14T06:01:13.781Z [   51.535] sync.transport=render_grid
2026-08-14T06:01:13.781Z App feature event (Surface: 2489108693, Operation: notificationFeedLoadStarted)
2026-08-14T06:01:13.781Z App feature event (Surface: 1959501662, Operation: terminalReplayStarted)
2026-08-14T06:01:13.781Z App feature event (Surface: 1959501662, Operation: terminalViewportReportSucceeded, Count: 2376)
2026-08-14T06:01:13.781Z [   51.535] terminal.output.replay_barrier_cleared_workspace_not_found surface=33CE8C50-813F-4841-9EDE-EC9FAB3941D7
2026-08-14T06:01:13.781Z [   51.552] terminal.output.viewport_resync surface=F78CA8FE-6177-4A0D-AA0A-77537A4F29E6 grid=72x33
2026-08-14T06:01:13.783Z [   51.554] runtime.tick
2026-08-14T06:01:13.783Z [   51.554] geom container=440x396 scale=3.0 cellPx=18x36 natural=72x33 eff=nil pinned=nil renderRect=440x396@0
2026-08-14T06:01:13.783Z [   51.554] zoom.autofit.deferred kbAnim=0 pendingReport=0 awaitingEcho=0 reportGrid=72x33 lastReported=72x33
2026-08-14T06:01:13.783Z [   51.554] runtime.tick
2026-08-14T06:01:13.783Z [   51.554] scroll.bar total=33 offset=0 len=33
2026-08-14T06:01:13.783Z [   51.554] runtime.tick
2026-08-14T06:01:13.801Z [   51.571] surface.layout bounds=440x802 window=true
2026-08-14T06:01:13.801Z [   51.571] surface.occlusion visible=true window=true hidden=false alpha=1.0
2026-08-14T06:01:13.801Z [   51.572] runtime.tick
2026-08-14T06:01:13.812Z [   51.583] geom container=440x396 scale=3.0 cellPx=18x36 natural=72x33 eff=nil pinned=nil renderRect=440x396@0
2026-08-14T06:01:13.812Z [   51.583] zoom.autofit.deferred kbAnim=0 pendingReport=1 awaitingEcho=0 reportGrid=72x33 lastReported=72x33
2026-08-14T06:01:13.900Z [   51.671] zoom.report grid=72x33 id=2
2026-08-14T06:01:13.905Z App feature event (Operation: changesSummaryLoadSucceeded, Duration: 149 ms, Count: 2)
2026-08-14T06:01:13.905Z [   51.676] changes.summary ok requested=2 summaries=2 chips=0 sample=- reqSample=167FAC98
2026-08-14T06:01:13.905Z App feature event (Surface: 2489108693, Operation: notificationFeedLoadSucceeded, Duration: 124 ms, Count: 0)
2026-08-14T06:01:13.943Z App feature event (Operation: terminalStreamSubscribed, Count: 16)
2026-08-14T06:01:13.943Z App feature event (Surface: 2489108693, Operation: workspaceStateSyncStarted)
2026-08-14T06:01:13.943Z [   51.714] sync.subscribe_ok topics=16 transport=renderGrid
2026-08-14T06:01:13.946Z App feature event (Surface: 1959501662, Operation: terminalThemeChanged)
2026-08-14T06:01:13.946Z App feature event (Surface: 1959501662, Operation: terminalAlternateScreenChanged, Count: 0)
2026-08-14T06:01:13.946Z App feature event (Surface: 1959501662, Operation: terminalReplaySucceeded, Duration: 165 ms, Count: 10)
2026-08-14T06:01:13.961Z [   51.716] CMUX_REPLAY render_grid surface=F78CA8FE-6177-4A0D-AA0A-77537A4F29E6 spans=10 seq=2928
2026-08-14T06:01:13.964Z App feature event (Surface: 1959501662, Operation: terminalArtifactListLoaded, Duration: 63 ms, Count: 0)
2026-08-14T06:01:13.964Z App feature event (Surface: 1959501662, Operation: terminalViewportReportSucceeded, Count: 2376)
2026-08-14T06:01:14.002Z App feature event (Surface: 2489108693, Operation: workspaceStateSyncSucceeded, Count: 1)
2026-08-14T06:01:14.004Z [   51.773] geom container=440x396 scale=3.0 cellPx=18x36 natural=72x33 eff=nil pinned=nil renderRect=440x396@0
2026-08-14T06:01:14.016Z App feature event (Operation: notificationBadgeReconciled, Count: 0)
2026-08-14T06:01:14.016Z App feature event (Operation: notificationBadgeReconciled, Duration: 72 ms, Count: 0)
2026-08-14T06:01:14.017Z [   51.787] notif.reconcile delivered=0 handled=0 unread=0
2026-08-14T06:01:14.021Z [   51.787] verified_replay.freeze transaction=1 contents=true
2026-08-14T06:01:14.021Z [   51.787] zoom.applyViewSize eff=nil->72x33
2026-08-14T06:01:14.021Z [   51.788] geom container=440x396 scale=3.0 cellPx=18x36 natural=72x33 eff=72x33 pinned=nil renderRect=440x396@0
2026-08-14T06:01:14.021Z [   51.791] surface.layout bounds=440x802 window=true
2026-08-14T06:01:14.021Z [   51.791] surface.occlusion visible=true window=true hidden=false alpha=1.0
2026-08-14T06:01:14.021Z [   51.792] runtime.tick
2026-08-14T06:01:14.021Z [   51.792] runtime.tick
2026-08-14T06:01:14.021Z [   51.792] runtime.tick
2026-08-14T06:01:14.021Z [   51.792] runtime.tick
2026-08-14T06:01:14.021Z [   51.792] runtime.tick
2026-08-14T06:01:14.021Z [   51.792] runtime.tick
2026-08-14T06:01:14.022Z [   51.792] surface.layers reason=processOutput host=CAMetalLayer bounds=(0.0, 0.0, 440.0, 802.0) frame=(0.0, 0.0, 440.0, 802.0) contentsScale=3.0 children=[0:CALayer bounds=(0.0, 0.0, 440.0, 396.0) frame=(0.0, 0.0, 440.0, 396.0) hidden=true contents=false scale=1.0 | 1:CALayer bounds=(0.0, 499650.0, 440.0, 802.0) frame=(0.0, 0.0, 440.0, 802.0) hidden=false contents=false scale=1.0 | 2:CALayer bounds=(0.0, 0.0, 440.0, 1.0) frame=(0.0, 0.0, 440.0, 1.0) hidden=false contents=false scale=1.0 | 3:CALayer bounds=(0.0, 0.0, 440.0, 802.0) frame=(0.0, 0.0, 440.0, 802.0) hidden=false contents=false scale=1.0] fallbackHidden=true fallbackChars=0
2026-08-14T06:01:14.033Z [   51.804] geom container=440x396 scale=3.0 cellPx=18x36 natural=72x33 eff=72x33 pinned=nil renderRect=440x396@0
2026-08-14T06:01:14.050Z App feature event (Surface: 1959501662, Operation: terminalReplayStarted)
2026-08-14T06:01:14.050Z [   51.821] CMUX_REPLAY retry_after_failure surface=F78CA8FE-6177-4A0D-AA0A-77537A4F29E6 attempt=1
2026-08-14T06:01:14.050Z [   51.821] terminal.output.reset_replay_ack surface=F78CA8FE-6177-4A0D-AA0A-77537A4F29E6
2026-08-14T06:01:14.136Z App feature event (Surface: 1959501662, Operation: terminalReplaySucceeded, Duration: 86 ms, Count: 10)
2026-08-14T06:01:14.136Z [   51.907] CMUX_REPLAY render_grid surface=F78CA8FE-6177-4A0D-AA0A-77537A4F29E6 spans=10 seq=2928
2026-08-14T06:01:14.136Z [   51.907] runtime.tick
2026-08-14T06:01:14.137Z [   51.907] runtime.tick
2026-08-14T06:01:14.137Z [   51.907] runtime.tick
2026-08-14T06:01:14.137Z [   51.908] runtime.tick
2026-08-14T06:01:14.137Z [   51.908] runtime.tick
2026-08-14T06:01:14.137Z [   51.908] runtime.tick
2026-08-14T06:01:14.167Z [   51.938] verified_replay.reveal transaction=2
2026-08-14T06:01:14.167Z [   51.938] terminal.output.replay_barrier_cleared surface=F78CA8FE-6177-4A0D-AA0A-77537A4F29E6
2026-08-14T06:01:14.185Z [   51.955] surface.layout bounds=440x802 window=true
2026-08-14T06:01:14.185Z [   51.955] surface.occlusion visible=true window=true hidden=false alpha=1.0
2026-08-14T06:01:14.185Z [   51.956] runtime.tick
2026-08-14T06:01:14.201Z [   51.972] geom container=440x396 scale=3.0 cellPx=18x36 natural=72x33 eff=72x33 pinned=nil renderRect=440x396@0
2026-08-14T06:01:14.274Z App feature event (Operation: changesSummaryLoadStarted, Count: 1)
2026-08-14T06:01:14.274Z App feature event (Operation: changesSummaryLoadSucceeded, Duration: 0 ms, Count: 0)
2026-08-14T06:01:14.333Z App feature event (Surface: 1959501662, Operation: terminalArtifactListLoaded, Duration: 57 ms, Count: 0)
2026-08-14T06:01:14.344Z [   52.115] runtime.tick
2026-08-14T06:01:14.447Z App feature event (Surface: 1959501662, Operation: terminalOutputReceived, Count: 4880)
2026-08-14T06:01:14.447Z App feature event (Surface: 1959501662, Operation: terminalThemeChanged)
2026-08-14T06:01:14.476Z [   52.242] runtime.tick
2026-08-14T06:01:14.488Z App feature event (Surface: 1959501662, Operation: terminalReplayStarted)
2026-08-14T06:01:14.488Z [   52.259] verified_replay.freeze transaction=3 contents=true
2026-08-14T06:01:14.488Z [   52.259] terminal.output.reset surface=F78CA8FE-6177-4A0D-AA0A-77537A4F29E6
2026-08-14T06:01:14.505Z [   52.274] surface.layout bounds=440x802 window=true
2026-08-14T06:01:14.505Z [   52.274] surface.occlusion visible=true window=true hidden=false alpha=1.0
2026-08-14T06:01:14.518Z [   52.289] geom container=440x396 scale=3.0 cellPx=18x36 natural=72x33 eff=72x33 pinned=nil renderRect=440x396@0
2026-08-14T06:01:14.531Z [   52.302] sync.input_seq_wait surface=F78CA8FE-6177-4A0D-AA0A-77537A4F29E6 local=0 pending=2998 remote=2998
2026-08-14T06:01:14.538Z [   52.309] sync.render_grid_waiting_for_baseline source=event surface=F78CA8FE-6177-4A0D-AA0A-77537A4F29E6 seq=3293
2026-08-14T06:01:14.538Z [   52.309] terminal.output.drop_replay_barrier surface=F78CA8FE-6177-4A0D-AA0A-77537A4F29E6 count=1
2026-08-14T06:01:14.545Z [   52.316] sync.render_grid_waiting_for_baseline source=event surface=F78CA8FE-6177-4A0D-AA0A-77537A4F29E6 seq=3315
2026-08-14T06:01:14.629Z App feature event (Surface: 1959501662, Operation: terminalThemeChanged)
2026-08-14T06:01:14.630Z App feature event (Surface: 1959501662, Operation: terminalReplaySucceeded, Duration: 142 ms, Count: 12)
2026-08-14T06:01:14.645Z [   52.400] CMUX_REPLAY render_grid surface=F78CA8FE-6177-4A0D-AA0A-77537A4F29E6 spans=12 seq=3315
2026-08-14T06:01:14.646Z App feature event (Surface: 1959501662, Operation: terminalThemeChanged)
2026-08-14T06:01:14.646Z [   52.401] sync.input_seq_caught_up surface=F78CA8FE-6177-4A0D-AA0A-77537A4F29E6 seq=3315
2026-08-14T06:01:14.658Z [   52.428] runtime.tick
2026-08-14T06:01:14.658Z [   52.429] runtime.tick
2026-08-14T06:01:14.658Z [   52.429] runtime.tick
2026-08-14T06:01:14.658Z [   52.429] runtime.tick
2026-08-14T06:01:14.658Z [   52.429] runtime.tick
2026-08-14T06:01:14.688Z [   52.458] verified_replay.reveal transaction=4
2026-08-14T06:01:14.688Z App feature event (Surface: 1959501662, Operation: terminalReplayStarted)
2026-08-14T06:01:14.688Z [   52.459] terminal.output.replay_barrier_cleared surface=F78CA8FE-6177-4A0D-AA0A-77537A4F29E6
2026-08-14T06:01:14.692Z [   52.459] terminal.output.replay_followup surface=F78CA8FE-6177-4A0D-AA0A-77537A4F29E6
2026-08-14T06:01:14.693Z [   52.463] runtime.tick
2026-08-14T06:01:14.704Z [   52.474] surface.layout bounds=440x802 window=true
2026-08-14T06:01:14.704Z [   52.474] surface.occlusion visible=true window=true hidden=false alpha=1.0
2026-08-14T06:01:14.704Z [   52.475] runtime.tick
2026-08-14T06:01:14.717Z [   52.488] geom container=440x396 scale=3.0 cellPx=18x36 natural=72x33 eff=72x33 pinned=nil renderRect=440x396@0
2026-08-14T06:01:14.760Z [   52.531] runtime.tick
2026-08-14T06:01:14.770Z [   52.541] terminal.output.drop_replay_barrier surface=F78CA8FE-6177-4A0D-AA0A-77537A4F29E6 count=1
2026-08-14T06:01:14.779Z App feature event (Surface: 1959501662, Operation: terminalReplaySucceeded, Duration: 91 ms, Count: 12)
2026-08-14T06:01:14.779Z [   52.549] CMUX_REPLAY render_grid surface=F78CA8FE-6177-4A0D-AA0A-77537A4F29E6 spans=12 seq=3321
2026-08-14T06:01:14.779Z [   52.549] sync.render_grid_stale_theme surface=F78CA8FE-6177-4A0D-AA0A-77537A4F29E6 revision=24
2026-08-14T06:01:14.805Z [   52.575] verified_replay.freeze transaction=5 contents=true
2026-08-14T06:01:14.805Z [   52.576] runtime.tick
2026-08-14T06:01:14.805Z [   52.576] runtime.tick
2026-08-14T06:01:14.805Z [   52.576] runtime.tick
2026-08-14T06:01:14.805Z [   52.576] runtime.tick
2026-08-14T06:01:14.805Z [   52.576] runtime.tick
2026-08-14T06:01:14.805Z [   52.576] runtime.tick
2026-08-14T06:01:14.805Z [   52.576] runtime.tick
2026-08-14T06:01:14.805Z [   52.576] runtime.tick
2026-08-14T06:01:14.805Z [   52.576] runtime.tick
2026-08-14T06:01:14.805Z [   52.576] runtime.tick
2026-08-14T06:01:14.805Z [   52.576] runtime.tick
2026-08-14T06:01:14.805Z [   52.576] runtime.tick
2026-08-14T06:01:14.805Z [   52.576] runtime.tick
2026-08-14T06:01:14.806Z [   52.576] runtime.tick
2026-08-14T06:01:14.806Z [   52.576] runtime.tick
2026-08-14T06:01:14.806Z [   52.576] runtime.tick
2026-08-14T06:01:14.806Z [   52.576] runtime.tick
2026-08-14T06:01:14.806Z [   52.576] runtime.tick
2026-08-14T06:01:14.806Z [   52.576] runtime.tick
2026-08-14T06:01:14.806Z [   52.576] runtime.tick
2026-08-14T06:01:14.806Z [   52.576] runtime.tick
2026-08-14T06:01:14.806Z [   52.576] runtime.tick
2026-08-14T06:01:14.806Z [   52.576] runtime.tick
2026-08-14T06:01:14.820Z [   52.589] surface.layout bounds=440x802 window=true
2026-08-14T06:01:14.820Z [   52.589] surface.occlusion visible=true window=true hidden=false alpha=1.0
2026-08-14T06:01:14.820Z [   52.591] runtime.tick
2026-08-14T06:01:14.823Z [   52.594] sync.input_seq_wait surface=F78CA8FE-6177-4A0D-AA0A-77537A4F29E6 local=3321 pending=3327 remote=3327
2026-08-14T06:01:14.837Z [   52.608] verified_replay.reveal transaction=5
2026-08-14T06:01:14.837Z [   52.608] terminal.output.replay_followup_cap_reached surface=F78CA8FE-6177-4A0D-AA0A-77537A4F29E6 attempts=1
2026-08-14T06:01:14.837Z [   52.608] terminal.output.replay_barrier_fail_open surface=F78CA8FE-6177-4A0D-AA0A-77537A4F29E6 reason=followup_cap
2026-08-14T06:01:14.837Z [   52.608] geom container=440x396 scale=3.0 cellPx=18x36 natural=72x33 eff=72x33 pinned=nil renderRect=440x396@0
2026-08-14T06:01:14.854Z [   52.624] surface.layout bounds=440x802 window=true
2026-08-14T06:01:14.854Z [   52.624] surface.occlusion visible=true window=true hidden=false alpha=1.0
2026-08-14T06:01:14.854Z [   52.625] runtime.tick
2026-08-14T06:01:14.867Z [   52.638] geom container=440x396 scale=3.0 cellPx=18x36 natural=72x33 eff=72x33 pinned=nil renderRect=440x396@0
2026-08-14T06:01:14.916Z [   52.683] runtime.tick
2026-08-14T06:01:14.975Z [   52.746] sync.input_seq_wait surface=F78CA8FE-6177-4A0D-AA0A-77537A4F29E6 local=3321 pending=3333 remote=3333
2026-08-14T06:01:14.978Z [   52.748] sync.input_seq_caught_up surface=F78CA8FE-6177-4A0D-AA0A-77537A4F29E6 seq=3339
2026-08-14T06:01:14.978Z [   52.748] zoom.useNaturalViewSize eff=72x33->nil
2026-08-14T06:01:14.978Z [   52.749] geom container=440x396 scale=3.0 cellPx=18x36 natural=72x33 eff=nil pinned=nil renderRect=440x396@0
2026-08-14T06:01:14.978Z [   52.749] runtime.tick
2026-08-14T06:01:15.058Z App feature event (Surface: 1959501662, Operation: terminalInputSubmitted)
2026-08-14T06:01:15.065Z [   52.836] runtime.tick
2026-08-14T06:01:15.152Z App feature event (Surface: 1959501662, Operation: terminalInputAcknowledged)
2026-08-14T06:01:15.163Z [   52.934] runtime.tick
2026-08-14T06:01:15.163Z [   52.934] surface.layers reason=processOutput host=CAMetalLayer bounds=(0.0, 0.0, 440.0, 802.0) frame=(0.0, 0.0, 440.0, 802.0) contentsScale=3.0 children=[0:CALayer bounds=(0.0, 0.0, 440.0, 396.0) frame=(0.0, 0.0, 440.0, 396.0) hidden=true contents=false scale=1.0 | 1:CALayer bounds=(0.0, 499650.0, 440.0, 802.0) frame=(0.0, 0.0, 440.0, 802.0) hidden=false contents=false scale=1.0 | 2:CALayer bounds=(0.0, 0.0, 440.0, 1.0) frame=(0.0, 0.0, 440.0, 1.0) hidden=false contents=false scale=1.0 | 3:CALayer bounds=(0.0, 0.0, 440.0, 802.0) frame=(0.0, 0.0, 440.0, 802.0) hidden=false contents=false scale=1.0] fallbackHidden=true fallbackChars=0
2026-08-14T06:01:15.172Z [   52.943] runtime.tick
2026-08-14T06:01:15.190Z App feature event (Surface: 2633095776, Operation: browserListRefreshStarted)
2026-08-14T06:01:15.192Z App feature event (Operation: surfaceListUpdated, Count: 2)
2026-08-14T06:01:15.192Z App feature event (Surface: 1959501662, Operation: surfaceTitleChanged)
2026-08-14T06:01:15.246Z App feature event (Surface: 2633095776, Operation: browserListRefreshSucceeded, Duration: 56 ms, Count: 0)
2026-08-14T06:01:15.323Z App feature event (Surface: 2633095776, Operation: browserListRefreshStarted)
2026-08-14T06:01:15.323Z App feature event (Operation: surfaceListUpdated, Count: 2)
2026-08-14T06:01:15.323Z App feature event (Surface: 1959501662, Operation: surfaceTitleChanged)
2026-08-14T06:01:15.376Z App feature event (Surface: 2633095776, Operation: browserListRefreshSucceeded, Duration: 53 ms, Count: 0)
2026-08-14T06:01:15.478Z App feature event (Surface: 1959501662, Operation: terminalArtifactListLoaded, Duration: 109 ms, Count: 0)
2026-08-14T06:01:15.500Z [   53.271] tick.alive win=true suspended=false renderInFlight=false needsDraw=false contents=true surf=440x396 sinceOutput=318ms
2026-08-14T06:01:15.595Z App feature event (Operation: changesSummaryLoadStarted, Count: 1)
2026-08-14T06:01:15.595Z App feature event (Operation: changesSummaryLoadSucceeded, Duration: 0 ms, Count: 0)
2026-08-14T06:01:15.806Z [   53.577] runtime.tick
2026-08-14T06:01:16.073Z [   53.843] runtime.tick
2026-08-14T06:01:16.264Z App feature event (Surface: 1959501662, Operation: terminalArtifactListLoaded, Duration: 63 ms, Count: 0)
2026-08-14T06:01:16.284Z [   54.051] surface.layout bounds=440x802 window=true
2026-08-14T06:01:16.284Z [   54.051] surface.occlusion visible=true window=true hidden=false alpha=1.0
2026-08-14T06:01:16.284Z [   54.055] runtime.tick
2026-08-14T06:01:16.284Z [   54.055] geom container=440x396 scale=3.0 cellPx=18x36 natural=72x33 eff=nil pinned=nil renderRect=440x396@0
2026-08-14T06:01:17.500Z [   55.271] tick.alive win=true suspended=false renderInFlight=false needsDraw=false contents=true surf=440x396 sinceOutput=1423ms
2026-08-14T06:01:25.398Z App feature event (Operation: appLaunched)
2026-08-14T06:01:25.398Z App feature event (Operation: crashReportingDisabled)
2026-08-14T06:01:25.400Z App feature event (Operation: authRestoreStarted)
2026-08-14T06:01:25.401Z App feature event (Operation: pushConfigured)
2026-08-14T06:01:25.435Z App feature event (Operation: pairedMacStoreOpened)
2026-08-14T06:01:25.460Z App feature event (Operation: appBecameInactive)
2026-08-14T06:01:25.460Z App lifecycle changed (Phase: Inactive)
2026-08-14T06:01:25.463Z App feature event (Operation: presenceStreamStarted)
2026-08-14T06:01:25.464Z App feature event (Operation: tailscaleStatusChanged, Count: 0)
2026-08-14T06:01:25.464Z App feature event (Operation: primaryTabSelected, Tab: workspaces)
2026-08-14T06:01:25.677Z App feature event (Operation: pairedMacStoreOpened)
2026-08-14T06:01:25.692Z App feature event (Operation: appForegrounded)
2026-08-14T06:01:25.692Z App lifecycle changed (Phase: Active)
2026-08-14T06:01:25.693Z App feature event (Operation: authRevalidationStarted)
2026-08-14T06:01:26.078Z App feature event (Operation: presenceStreamUpdated, Count: 2)
2026-08-14T06:01:26.096Z App feature event (Operation: computerListRefreshStarted)
2026-08-14T06:01:26.113Z App feature event (Surface: 741838744, Operation: pairedMacRestoreStarted)
2026-08-14T06:01:26.121Z App feature event (Operation: authRevalidationSucceeded)
2026-08-14T06:01:26.121Z App feature event (Operation: presenceStreamStarted)
2026-08-14T06:01:26.122Z App feature event (Operation: authRestoreSucceeded, Count: 1)
2026-08-14T06:01:26.122Z App feature event (Operation: reconnectStarted)
2026-08-14T06:01:26.123Z App feature event (Surface: 741838744, Operation: pairedMacRestoreFailed, Failure: Unknown failure, Count: 0)
2026-08-14T06:01:26.137Z App feature event (Surface: 3645337289, Operation: pairedMacBackupRefreshStarted)
2026-08-14T06:01:26.137Z App feature event (Surface: 741838744, Operation: pairedMacRestoreStarted)
2026-08-14T06:01:26.216Z App feature event (Operation: presenceStreamUpdated, Count: 2)
2026-08-14T06:01:26.218Z App feature event (Operation: computerListRefreshStarted)
2026-08-14T06:01:26.227Z App feature event (Surface: 741838744, Operation: pairedMacRestoreSucceeded, Count: 0)
2026-08-14T06:01:26.228Z App feature event (Surface: 741838744, Operation: pairedMacBackupRefreshSucceeded, Count: 0)
2026-08-14T06:01:26.228Z App feature event (Operation: pairedMacStoreReadSucceeded, Duration: 9 ms, Count: 2)
2026-08-14T06:01:26.228Z App feature event (Operation: computerListRefreshSucceeded, Duration: 9 ms, Count: 2)
2026-08-14T06:01:26.238Z App feature event (Surface: 3628705415, Operation: pairedMacBackupWriteStarted)
2026-08-14T06:01:26.299Z App feature event (Surface: 3628705415, Operation: pairedMacBackupWriteSucceeded)
2026-08-14T06:01:26.302Z App feature event (Operation: computerListRefreshStarted)
2026-08-14T06:01:26.303Z App feature event (Operation: pairedMacStoreReadSucceeded, Duration: 0 ms, Count: 2)
2026-08-14T06:01:26.303Z App feature event (Operation: computerListRefreshSucceeded, Duration: 0 ms, Count: 2)
2026-08-14T06:01:26.309Z [    0.917] connection.recovery coalesced trigger=presencePush storedMacGeneration=2
2026-08-14T06:01:26.309Z App feature event (Surface: 3645337289, Operation: pairedMacBackupRefreshStarted)
2026-08-14T06:01:26.309Z App feature event (Surface: 741838744, Operation: pairedMacRestoreStarted)
2026-08-14T06:01:26.336Z App feature event (Surface: 741838744, Operation: pairedMacRestoreSucceeded, Count: 0)
2026-08-14T06:01:26.336Z App feature event (Surface: 741838744, Operation: pairedMacBackupRefreshSucceeded, Count: 0)
2026-08-14T06:01:28.060Z App feature event (Operation: surfaceListUpdated, Count: 1)
2026-08-14T06:01:28.099Z App feature event (Surface: 3690340672, Operation: notificationFeedLoadStarted)
2026-08-14T06:01:28.160Z App feature event (Surface: 3690340672, Operation: notificationFeedLoadSucceeded, Duration: 60 ms, Count: 0)
2026-08-14T06:01:28.305Z App feature event (Surface: 3690340672, Operation: notificationFeedLoadStarted)
2026-08-14T06:01:28.364Z App feature event (Surface: 3690340672, Operation: notificationFeedLoadSucceeded, Duration: 58 ms, Count: 0)
2026-08-14T06:01:28.662Z App feature event (Surface: 2600813340, Operation: pairedMacStoreWriteStarted)
2026-08-14T06:01:28.664Z App feature event (Surface: 3628705415, Operation: pairedMacBackupWriteStarted)
2026-08-14T06:01:28.720Z App feature event (Surface: 3628705415, Operation: pairedMacBackupWriteSucceeded)
2026-08-14T06:01:28.721Z App feature event (Surface: 2600813340, Operation: pairedMacStoreWriteSucceeded, Duration: 59 ms)
2026-08-14T06:01:28.721Z App feature event (Surface: 2600813340, Operation: computerRoutesUpdated, Duration: 59 ms, Count: 1)
2026-08-14T06:01:28.723Z App feature event (Surface: 2600813340, Operation: capabilitySnapshotReceived, Count: 48)
2026-08-14T06:01:28.723Z App feature event (Operation: surfaceListUpdated, Count: 2)
2026-08-14T06:01:28.724Z App feature event (Surface: 724858956, Operation: surfaceFocused)
2026-08-14T06:01:28.724Z App feature event (Surface: 2600813340, Operation: connectionStateChanged, Count: 1)
2026-08-14T06:01:28.725Z App feature event (Operation: terminalThemeChanged)
2026-08-14T06:01:28.726Z App feature event (Surface: 2600813340, Operation: pairedMacStoreWriteStarted)
2026-08-14T06:01:28.783Z App feature event (Surface: 298194608, Operation: browserListRefreshStarted)
2026-08-14T06:01:28.783Z [    3.334] macupdate.hint caps=48 version=0.64.22 hint=nil
2026-08-14T06:01:28.783Z App feature event (Surface: 2600813340, Operation: reconnectSucceeded, Duration: 2.660 seconds)
2026-08-14T06:01:28.783Z App feature event (Surface: 3645337289, Operation: pairedMacBackupRefreshStarted)
2026-08-14T06:01:28.783Z App feature event (Surface: 741838744, Operation: pairedMacRestoreStarted)
2026-08-14T06:01:28.784Z App feature event (Surface: 3628705415, Operation: pairedMacBackupWriteStarted)
2026-08-14T06:01:28.825Z App feature event (Surface: 741838744, Operation: pairedMacRestoreSucceeded, Count: 0)
2026-08-14T06:01:28.825Z App feature event (Surface: 741838744, Operation: pairedMacBackupRefreshSucceeded, Count: 0)
2026-08-14T06:01:28.838Z App feature event (Surface: 298194608, Operation: browserListRefreshSucceeded, Duration: 55 ms, Count: 0)
2026-08-14T06:01:28.843Z App feature event (Surface: 3628705415, Operation: pairedMacBackupWriteSucceeded)
2026-08-14T06:01:28.845Z App feature event (Surface: 2600813340, Operation: pairedMacStoreWriteSucceeded, Duration: 119 ms)
2026-08-14T06:01:28.845Z App feature event (Surface: 2600813340, Operation: computerRoutesUpdated, Duration: 119 ms, Count: 1)
2026-08-14T06:01:28.856Z App feature event (Surface: 2600813340, Operation: notificationFeedLoadStarted)
2026-08-14T06:01:28.856Z [    3.453] sync.transport=render_grid
2026-08-14T06:01:28.914Z App feature event (Operation: terminalStreamSubscribed, Count: 16)
2026-08-14T06:01:28.914Z App feature event (Surface: 2600813340, Operation: workspaceStateSyncStarted)
2026-08-14T06:01:28.914Z [    3.522] sync.subscribe_ok topics=16 transport=renderGrid
2026-08-14T06:01:28.924Z App feature event (Surface: 2600813340, Operation: notificationFeedLoadSucceeded, Duration: 67 ms, Count: 0)
2026-08-14T06:01:28.979Z App feature event (Operation: changesSummaryLoadStarted, Count: 2)
2026-08-14T06:01:29.121Z App feature event (Surface: 2600813340, Operation: workspaceStateSyncSucceeded, Count: 1)
2026-08-14T06:01:29.121Z App feature event (Operation: changesSummaryLoadSucceeded, Duration: 142 ms, Count: 2)
2026-08-14T06:01:29.121Z App feature event (Operation: changesSummaryLoadStarted, Count: 1)
2026-08-14T06:01:29.121Z App feature event (Operation: changesSummaryLoadSucceeded, Duration: 0 ms, Count: 0)
2026-08-14T06:01:29.122Z App feature event (Operation: notificationBadgeReconciled, Count: 0)
2026-08-14T06:01:29.122Z App feature event (Operation: notificationBadgeReconciled, Duration: 207 ms, Count: 0)
2026-08-14T06:01:29.122Z [    3.729] changes.summary ok requested=2 summaries=2 chips=0 sample=- reqSample=167FAC98
2026-08-14T06:01:29.122Z [    3.730] notif.reconcile delivered=0 handled=0 unread=0
2026-08-14T06:01:30.849Z Composer activation changed (Composer active: Yes, First responder: None, Keyboard height: 0 points, Terminal input focused: No)
2026-08-14T06:01:30.927Z Composer appeared
2026-08-14T06:01:30.956Z [    5.458] composer.toggle active=true keyboardHeight=0 occInBounds=0 barHidden=false barY=0 barH=36 boundsH=700
2026-08-14T06:01:30.956Z App feature event (Surface: 576666603, Operation: chatSessionListLoadStarted)
2026-08-14T06:01:30.956Z App feature event (Surface: 298194608, Operation: browserListRefreshStarted)
2026-08-14T06:01:30.956Z App feature event (Surface: 576666603, Operation: workspaceOpenStarted)
2026-08-14T06:01:30.956Z App feature event (Surface: 576666603, Operation: workspaceOpenSucceeded, Duration: 0 ms, Count: 1)
2026-08-14T06:01:30.956Z [    5.474] surface.layout bounds=402x700 window=false
2026-08-14T06:01:30.957Z [    5.474] surface.occlusion visible=false window=false hidden=false alpha=1.0
2026-08-14T06:01:30.957Z [    5.499] changes.hint eval ws=167FAC98 capable=true files=-1 dismissed=false shown=false
2026-08-14T06:01:30.957Z [    5.514] surface.didMoveToWindow window=true
2026-08-14T06:01:30.957Z [    5.514] surface.occlusion visible=true window=true hidden=false alpha=1.0
2026-08-14T06:01:30.957Z [    5.539] surface.layout bounds=440x836 window=true
2026-08-14T06:01:30.957Z [    5.539] surface.occlusion visible=true window=true hidden=false alpha=1.0
2026-08-14T06:01:30.957Z [    5.562] surface.layout bounds=440x836 window=true
2026-08-14T06:01:30.957Z [    5.562] surface.occlusion visible=true window=true hidden=false alpha=1.0
2026-08-14T06:01:30.957Z [    5.564] runtime.tick
2026-08-14T06:01:30.957Z [    5.564] scroll.bar total=17 offset=0 len=17
2026-08-14T06:01:30.957Z [    5.564] tick.alive win=true suspended=false renderInFlight=false needsDraw=true contents=false surf=0x0 sinceOutput=-1ms
2026-08-14T06:01:30.957Z [    5.565] geom container=440x714 scale=3.0 cellPx=18x35 natural=72x61 eff=nil pinned=nil renderRect=440x714@0
2026-08-14T06:01:30.957Z [    5.565] zoom.autofit.deferred kbAnim=0 pendingReport=0 awaitingEcho=0 reportGrid=72x61 lastReported=nil
2026-08-14T06:01:30.957Z [    5.565] runtime.tick
2026-08-14T06:01:30.957Z [    5.565] scroll.bar total=61 offset=0 len=61
2026-08-14T06:01:30.957Z [    5.565] runtime.tick
2026-08-14T06:01:30.961Z [    5.568] surface.layout bounds=440x836 window=true
2026-08-14T06:01:30.961Z [    5.568] surface.occlusion visible=true window=true hidden=false alpha=1.0
2026-08-14T06:01:30.976Z [    5.585] zoom.autofit.deferred kbAnim=0 pendingReport=1 awaitingEcho=0 reportGrid=72x61 lastReported=72x61
2026-08-14T06:01:30.976Z [    5.585] geom container=440x714 scale=3.0 cellPx=18x35 natural=72x61 eff=nil pinned=nil renderRect=440x714@0
2026-08-14T06:01:31.093Z App feature event (Surface: 724858956, Operation: terminalViewportChanged, Count: 4392)
2026-08-14T06:01:31.093Z [    5.701] zoom.report grid=72x61 id=1
2026-08-14T06:01:31.093Z App feature event (Surface: 724858956, Operation: terminalMounted)
2026-08-14T06:01:31.093Z App feature event (Surface: 724858956, Operation: terminalReplayStarted)
2026-08-14T06:01:31.094Z [    5.702] CMUX_REPLAY stale_request_failed surface=F78CA8FE-6177-4A0D-AA0A-77537A4F29E6
2026-08-14T06:01:31.204Z App feature event (Surface: 298194608, Operation: browserListRefreshSucceeded, Duration: 248 ms, Count: 0)
2026-08-14T06:01:31.246Z App feature event (Surface: 724858956, Operation: terminalArtifactListLoaded, Duration: 152 ms, Count: 0)
2026-08-14T06:01:31.246Z App feature event (Surface: 724858956, Operation: terminalReplayStarted)
2026-08-14T06:01:31.246Z App feature event (Surface: 724858956, Operation: terminalViewportReportSucceeded, Count: 4392)
2026-08-14T06:01:31.246Z [    5.854] terminal.output.viewport_resync surface=F78CA8FE-6177-4A0D-AA0A-77537A4F29E6 grid=72x61
2026-08-14T06:01:31.280Z App feature event (Surface: 724858956, Operation: terminalOutputReceived, Count: 8683)
2026-08-14T06:01:31.280Z App feature event (Surface: 724858956, Operation: terminalThemeChanged)
2026-08-14T06:01:31.280Z [    5.885] surface.layout bounds=440x836 window=true
2026-08-14T06:01:31.281Z [    5.885] surface.occlusion visible=true window=true hidden=false alpha=1.0
2026-08-14T06:01:31.281Z [    5.887] geom container=440x714 scale=3.0 cellPx=18x35 natural=72x61 eff=nil pinned=nil renderRect=440x714@0
2026-08-14T06:01:31.281Z [    5.888] terminal.output.drop_replay_barrier surface=F78CA8FE-6177-4A0D-AA0A-77537A4F29E6 count=1
2026-08-14T06:01:31.281Z [    5.888] runtime.tick
2026-08-14T06:01:31.281Z [    5.889] geom container=440x714 scale=3.0 cellPx=18x35 natural=72x61 eff=nil pinned=nil renderRect=440x714@0
2026-08-14T06:01:31.414Z App feature event (Surface: 724858956, Operation: terminalAlternateScreenChanged, Count: 0)
2026-08-14T06:01:31.414Z App feature event (Surface: 724858956, Operation: terminalReplaySucceeded, Duration: 167 ms, Count: 74)
2026-08-14T06:01:31.415Z App feature event (Surface: 576666603, Operation: chatSessionListLoadSucceeded, Duration: 458 ms, Count: 1)
2026-08-14T06:01:31.428Z [    6.021] CMUX_REPLAY render_grid surface=F78CA8FE-6177-4A0D-AA0A-77537A4F29E6 spans=74 seq=6318
2026-08-14T06:01:31.437Z [    6.021] sync.render_grid_stale_theme surface=F78CA8FE-6177-4A0D-AA0A-77537A4F29E6 revision=44
2026-08-14T06:01:31.440Z App feature event (Surface: 1670764774, Operation: chatEventStreamStarted)
2026-08-14T06:01:31.440Z App feature event (Surface: 1670764774, Operation: chatHistoryLoadStarted)
2026-08-14T06:01:31.480Z [    6.088] verified_replay.freeze transaction=1 contents=true
2026-08-14T06:01:31.480Z [    6.088] zoom.applyViewSize eff=nil->72x61
2026-08-14T06:01:31.480Z [    6.088] geom container=440x714 scale=3.0 cellPx=18x35 natural=72x61 eff=72x61 pinned=nil renderRect=440x714@0
2026-08-14T06:01:31.480Z [    6.088] runtime.tick
2026-08-14T06:01:31.481Z [    6.089] runtime.tick
2026-08-14T06:01:31.481Z [    6.089] runtime.tick
2026-08-14T06:01:31.481Z [    6.089] runtime.tick
2026-08-14T06:01:31.481Z [    6.089] runtime.tick
2026-08-14T06:01:31.481Z [    6.089] runtime.tick
2026-08-14T06:01:31.481Z [    6.089] runtime.tick
2026-08-14T06:01:31.481Z [    6.089] runtime.tick
2026-08-14T06:01:31.481Z [    6.089] runtime.tick
2026-08-14T06:01:31.481Z [    6.089] runtime.tick
2026-08-14T06:01:31.481Z [    6.089] runtime.tick
2026-08-14T06:01:31.481Z [    6.089] runtime.tick
2026-08-14T06:01:31.481Z [    6.089] runtime.tick
2026-08-14T06:01:31.481Z [    6.089] runtime.tick
2026-08-14T06:01:31.481Z [    6.089] runtime.tick
2026-08-14T06:01:31.481Z [    6.089] runtime.tick
2026-08-14T06:01:31.481Z [    6.089] runtime.tick
2026-08-14T06:01:31.481Z [    6.089] runtime.tick
2026-08-14T06:01:31.481Z [    6.089] runtime.tick
2026-08-14T06:01:31.481Z [    6.089] runtime.tick
2026-08-14T06:01:31.481Z [    6.089] runtime.tick
2026-08-14T06:01:31.481Z [    6.089] runtime.tick
2026-08-14T06:01:31.481Z [    6.089] runtime.tick
2026-08-14T06:01:31.481Z [    6.089] surface.layers reason=processOutput host=CAMetalLayer bounds=(0.0, 0.0, 440.0, 836.0) frame=(0.0, 0.0, 440.0, 836.0) contentsScale=3.0 children=[0:CALayer bounds=(0.0, 0.0, 440.0, 714.0) frame=(0.0, 0.0, 440.0, 714.0) hidden=true contents=false scale=1.0 | 1:CALayer bounds=(0.0, 499650.0, 440.0, 836.0) frame=(0.0, 0.0, 440.0, 836.0) hidden=false contents=false scale=1.0 | 2:CALayer bounds=(0.0, 0.0, 440.0, 1.0) frame=(0.0, 0.0, 440.0, 1.0) hidden=false contents=false scale=1.0 | 3:CALayer bounds=(0.0, 0.0, 440.0, 836.0) frame=(0.0, 0.0, 440.0, 836.0) hidden=false contents=false scale=1.0] fallbackHidden=true fallbackChars=0
2026-08-14T06:01:31.495Z [    6.102] surface.layout bounds=440x836 window=true
2026-08-14T06:01:31.495Z [    6.102] surface.occlusion visible=true window=true hidden=false alpha=1.0
2026-08-14T06:01:31.495Z [    6.103] runtime.tick
2026-08-14T06:01:31.510Z App feature event (Surface: 724858956, Operation: terminalReplayStarted)
2026-08-14T06:01:31.510Z [    6.118] verified_replay.reveal transaction=1
2026-08-14T06:01:31.510Z [    6.118] terminal.output.replay_barrier_cleared surface=F78CA8FE-6177-4A0D-AA0A-77537A4F29E6
2026-08-14T06:01:31.510Z [    6.118] terminal.output.replay_followup surface=F78CA8FE-6177-4A0D-AA0A-77537A4F29E6
2026-08-14T06:01:31.510Z [    6.118] geom container=440x714 scale=3.0 cellPx=18x35 natural=72x61 eff=72x61 pinned=nil renderRect=440x714@0
2026-08-14T06:01:31.516Z App feature event (Surface: 1670764774, Operation: chatHistoryLoadFailed, Failure: Protocol violation)
2026-08-14T06:01:31.527Z [    6.135] surface.layout bounds=440x836 window=true
2026-08-14T06:01:31.527Z [    6.135] surface.occlusion visible=true window=true hidden=false alpha=1.0
2026-08-14T06:01:31.527Z [    6.135] runtime.tick
2026-08-14T06:01:31.544Z [    6.152] geom container=440x714 scale=3.0 cellPx=18x35 natural=72x61 eff=72x61 pinned=nil renderRect=440x714@0
2026-08-14T06:01:31.586Z App feature event (Surface: 724858956, Operation: terminalThemeChanged)
2026-08-14T06:01:31.587Z App feature event (Surface: 724858956, Operation: terminalReplaySucceeded, Duration: 76 ms, Count: 65)
2026-08-14T06:01:31.600Z [    6.194] CMUX_REPLAY render_grid surface=F78CA8FE-6177-4A0D-AA0A-77537A4F29E6 spans=65 seq=7986
2026-08-14T06:01:31.632Z [    6.240] verified_replay.freeze transaction=2 contents=true
2026-08-14T06:01:31.632Z [    6.240] runtime.tick
2026-08-14T06:01:31.632Z [    6.240] runtime.tick
2026-08-14T06:01:31.632Z [    6.240] runtime.tick
2026-08-14T06:01:31.632Z [    6.240] runtime.tick
2026-08-14T06:01:31.632Z [    6.240] runtime.tick
2026-08-14T06:01:31.632Z [    6.240] runtime.tick
2026-08-14T06:01:31.646Z [    6.252] surface.layout bounds=440x836 window=true
2026-08-14T06:01:31.646Z [    6.252] surface.occlusion visible=true window=true hidden=false alpha=1.0
2026-08-14T06:01:31.646Z [    6.254] runtime.tick
2026-08-14T06:01:31.661Z [    6.269] verified_replay.reveal transaction=2
2026-08-14T06:01:31.662Z [    6.270] terminal.output.replay_barrier_cleared surface=F78CA8FE-6177-4A0D-AA0A-77537A4F29E6
2026-08-14T06:01:31.662Z [    6.270] geom container=440x714 scale=3.0 cellPx=18x35 natural=72x61 eff=72x61 pinned=nil renderRect=440x714@0
2026-08-14T06:01:31.678Z [    6.285] surface.layout bounds=440x836 window=true
2026-08-14T06:01:31.678Z [    6.285] surface.occlusion visible=true window=true hidden=false alpha=1.0
2026-08-14T06:01:31.678Z [    6.286] runtime.tick
2026-08-14T06:01:31.694Z [    6.302] geom container=440x714 scale=3.0 cellPx=18x35 natural=72x61 eff=72x61 pinned=nil renderRect=440x714@0
2026-08-14T06:01:31.727Z App feature event (Surface: 724858956, Operation: terminalArtifactListLoaded, Duration: 124 ms, Count: 0)
2026-08-14T06:01:31.783Z App feature event (Surface: 724858956, Operation: terminalArtifactListLoaded, Duration: 55 ms, Count: 0)
2026-08-14T06:01:31.845Z App feature event (Surface: 724858956, Operation: terminalArtifactListLoaded, Duration: 60 ms, Count: 0)
2026-08-14T06:01:32.633Z [    7.241] runtime.tick
2026-08-14T06:01:32.960Z [    7.568] tick.alive win=true suspended=false renderInFlight=false needsDraw=false contents=true surf=440x714 sinceOutput=1327ms
2026-08-14T06:01:33.668Z [    8.276] geom container=440x714 scale=3.0 cellPx=18x35 natural=72x61 eff=72x61 pinned=nil renderRect=440x714@0
2026-08-14T06:01:33.710Z [    8.312] geom.deferShrink container=440x430 applied=440x714
2026-08-14T06:01:33.711Z [    8.317] surface.layout bounds=440x802 window=true
2026-08-14T06:01:33.711Z [    8.317] surface.occlusion visible=true window=true hidden=false alpha=1.0
2026-08-14T06:01:33.711Z [    8.319] geom container=440x430 scale=3.0 cellPx=18x35 natural=72x61 eff=72x61 pinned=nil renderRect=440x714@0
2026-08-14T06:01:33.711Z [    8.319] zoom.autofit.deferred kbAnim=1 pendingReport=0 awaitingEcho=0 reportGrid=72x36 lastReported=72x61
2026-08-14T06:01:33.711Z [    8.319] runtime.tick
2026-08-14T06:01:33.711Z [    8.319] geom.deferShrink container=440x396 applied=440x714
2026-08-14T06:01:33.711Z [    8.319] geom container=440x396 scale=3.0 cellPx=18x35 natural=72x61 eff=72x61 pinned=nil renderRect=440x714@0
2026-08-14T06:01:33.711Z [    8.319] zoom.autofit.deferred kbAnim=1 pendingReport=1 awaitingEcho=0 reportGrid=72x33 lastReported=72x36
2026-08-14T06:01:33.741Z App feature event (Surface: 724858956, Operation: terminalThemeChanged)
2026-08-14T06:01:33.779Z App feature event (Surface: 724858956, Operation: terminalReplayStarted)
2026-08-14T06:01:33.779Z [    8.387] verified_replay.freeze transaction=3 contents=true
2026-08-14T06:01:33.779Z [    8.387] terminal.output.reset surface=F78CA8FE-6177-4A0D-AA0A-77537A4F29E6
2026-08-14T06:01:33.795Z [    8.402] surface.layout bounds=440x802 window=true
2026-08-14T06:01:33.795Z [    8.402] surface.occlusion visible=true window=true hidden=false alpha=1.0
2026-08-14T06:01:33.795Z [    8.403] runtime.tick
2026-08-14T06:01:33.810Z [    8.418] geom.deferShrink container=440x396 applied=440x714
2026-08-14T06:01:33.810Z [    8.418] geom container=440x396 scale=3.0 cellPx=18x35 natural=72x61 eff=72x61 pinned=nil renderRect=440x714@0
2026-08-14T06:01:33.810Z [    8.418] zoom.autofit.deferred kbAnim=1 pendingReport=1 awaitingEcho=0 reportGrid=72x33 lastReported=72x33
2026-08-14T06:01:33.843Z [    8.451] zoom.report grid=72x33 id=2
2026-08-14T06:01:33.843Z App feature event (Surface: 724858956, Operation: terminalViewportChanged, Count: 2376)
2026-08-14T06:01:33.844Z [    8.451] CMUX_REPLAY stale_request_failed surface=F78CA8FE-6177-4A0D-AA0A-77537A4F29E6
2026-08-14T06:01:33.907Z App feature event (Surface: 724858956, Operation: terminalReplayStarted)
2026-08-14T06:01:33.907Z App feature event (Surface: 724858956, Operation: terminalViewportReportSucceeded, Count: 2376)
2026-08-14T06:01:33.907Z [    8.515] terminal.output.viewport_resync surface=F78CA8FE-6177-4A0D-AA0A-77537A4F29E6 grid=72x33
2026-08-14T06:01:33.907Z [    8.515] zoom.applyViewSize eff=72x61->72x33
2026-08-14T06:01:33.910Z App feature event (Surface: 724858956, Operation: terminalArtifactListLoaded, Duration: 66 ms, Count: 0)
2026-08-14T06:01:33.911Z [    8.519] geom.deferShrink container=440x396 applied=440x714
2026-08-14T06:01:33.912Z [    8.519] geom container=440x396 scale=3.0 cellPx=18x35 natural=72x61 eff=72x33 pinned=nil renderRect=440x714@0
2026-08-14T06:01:33.912Z [    8.519] zoom.autofit.deferred kbAnim=1 pendingReport=0 awaitingEcho=0 reportGrid=72x33 lastReported=72x33
2026-08-14T06:01:33.940Z [    8.548] terminal.output.drop_replay_barrier surface=F78CA8FE-6177-4A0D-AA0A-77537A4F29E6 count=1
2026-08-14T06:01:33.940Z [    8.548] sync.render_grid_waiting_for_baseline source=event surface=F78CA8FE-6177-4A0D-AA0A-77537A4F29E6 seq=9010
2026-08-14T06:01:33.943Z [    8.551] sync.render_grid_waiting_for_baseline source=event surface=F78CA8FE-6177-4A0D-AA0A-77537A4F29E6 seq=9430
2026-08-14T06:01:34.057Z App feature event (Surface: 724858956, Operation: terminalThemeChanged)
2026-08-14T06:01:34.058Z App feature event (Surface: 724858956, Operation: terminalReplaySucceeded, Duration: 151 ms, Count: 65)
2026-08-14T06:01:34.058Z [    8.665] CMUX_REPLAY render_grid surface=F78CA8FE-6177-4A0D-AA0A-77537A4F29E6 spans=65 seq=9430
2026-08-14T06:01:34.075Z [    8.683] runtime.tick
2026-08-14T06:01:34.075Z [    8.683] runtime.tick
2026-08-14T06:01:34.076Z [    8.683] runtime.tick
2026-08-14T06:01:34.076Z [    8.683] runtime.tick
2026-08-14T06:01:34.076Z [    8.683] runtime.tick
2026-08-14T06:01:34.076Z [    8.684] surface.layers reason=processOutput host=CAMetalLayer bounds=(0.0, 0.0, 440.0, 802.0) frame=(0.0, 0.0, 440.0, 802.0) contentsScale=3.0 children=[0:CALayer bounds=(0.0, 0.0, 440.0, 396.0) frame=(0.0, 0.0, 440.0, 396.0) hidden=true contents=false scale=1.0 | 1:CALayer bounds=(0.0, 499650.0, 440.0, 802.0) frame=(0.0, 0.0, 440.0, 802.0) hidden=false contents=false scale=1.0 | 2:CALayer bounds=(0.0, 0.0, 440.0, 1.0) frame=(0.0, 0.0, 440.0, 1.0) hidden=false contents=false scale=1.0 | 3:CALayer bounds=(0.0, 0.0, 440.0, 802.0) frame=(0.0, 0.0, 440.0, 802.0) hidden=false contents=false scale=1.0] fallbackHidden=true fallbackChars=0
2026-08-14T06:01:34.077Z [    8.685] verified_replay.resubmit reason=geometry revision=2
2026-08-14T06:01:34.078Z [    8.686] runtime.tick
2026-08-14T06:01:34.078Z [    8.686] geom container=440x396 scale=3.0 cellPx=18x36 natural=72x33 eff=72x33 pinned=nil renderRect=440x396@0
2026-08-14T06:01:34.078Z [    8.686] verified_replay.resubmit reason=geometry revision=3
2026-08-14T06:01:34.078Z [    8.686] zoom.autofit.deferred kbAnim=0 pendingReport=0 awaitingEcho=0 reportGrid=72x33 lastReported=72x33
2026-08-14T06:01:34.082Z [    8.690] runtime.tick
2026-08-14T06:01:34.082Z [    8.690] scroll.bar total=33 offset=0 len=33
2026-08-14T06:01:34.095Z [    8.702] surface.layout bounds=440x802 window=true
2026-08-14T06:01:34.102Z [    8.702] surface.occlusion visible=true window=true hidden=false alpha=1.0
2026-08-14T06:01:34.102Z [    8.703] runtime.tick
2026-08-14T06:01:34.118Z App feature event (Surface: 724858956, Operation: terminalReplayStarted)
2026-08-14T06:01:34.119Z [    8.727] verified_replay.reveal transaction=4
2026-08-14T06:01:34.119Z [    8.727] terminal.output.replay_barrier_cleared surface=F78CA8FE-6177-4A0D-AA0A-77537A4F29E6
2026-08-14T06:01:34.119Z [    8.727] terminal.output.replay_followup surface=F78CA8FE-6177-4A0D-AA0A-77537A4F29E6
2026-08-14T06:01:34.119Z [    8.727] geom container=440x396 scale=3.0 cellPx=18x36 natural=72x33 eff=72x33 pinned=nil renderRect=440x396@0
2026-08-14T06:01:34.119Z [    8.727] zoom.autofit.deferred kbAnim=0 pendingReport=1 awaitingEcho=0 reportGrid=72x33 lastReported=72x33
2026-08-14T06:01:34.128Z [    8.736] surface.layout bounds=440x802 window=true
2026-08-14T06:01:34.128Z [    8.736] surface.occlusion visible=true window=true hidden=false alpha=1.0
2026-08-14T06:01:34.128Z [    8.736] runtime.tick
2026-08-14T06:01:34.145Z [    8.753] geom container=440x396 scale=3.0 cellPx=18x36 natural=72x33 eff=72x33 pinned=nil renderRect=440x396@0
2026-08-14T06:01:34.145Z [    8.753] zoom.autofit.deferred kbAnim=0 pendingReport=1 awaitingEcho=0 reportGrid=72x33 lastReported=72x33
2026-08-14T06:01:34.199Z App feature event (Surface: 724858956, Operation: terminalReplaySucceeded, Duration: 80 ms, Count: 65)
2026-08-14T06:01:34.199Z [    8.807] CMUX_REPLAY render_grid surface=F78CA8FE-6177-4A0D-AA0A-77537A4F29E6 spans=65 seq=9430
2026-08-14T06:01:34.211Z [    8.818] zoom.report grid=72x33 id=3
2026-08-14T06:01:34.259Z App feature event (Surface: 724858956, Operation: terminalInputSubmitted)
2026-08-14T06:01:34.268Z App feature event (Surface: 724858956, Operation: terminalArtifactListLoaded, Duration: 57 ms, Count: 0)
2026-08-14T06:01:34.273Z [    8.871] runtime.tick
2026-08-14T06:01:34.273Z [    8.871] verified_replay.freeze transaction=5 contents=true
2026-08-14T06:01:34.273Z [    8.879] surface.layout bounds=440x802 window=true
2026-08-14T06:01:34.273Z [    8.879] surface.occlusion visible=true window=true hidden=false alpha=1.0
2026-08-14T06:01:34.273Z [    8.881] runtime.tick
2026-08-14T06:01:34.273Z [    8.881] runtime.tick
2026-08-14T06:01:34.273Z [    8.881] runtime.tick
2026-08-14T06:01:34.273Z [    8.881] runtime.tick
2026-08-14T06:01:34.273Z [    8.881] runtime.tick
2026-08-14T06:01:34.274Z App feature event (Surface: 724858956, Operation: terminalViewportReportSucceeded, Count: 2376)
2026-08-14T06:01:34.294Z App feature event (Surface: 724858956, Operation: terminalReplayStarted)
2026-08-14T06:01:34.294Z [    8.902] CMUX_REPLAY retry_after_failure surface=F78CA8FE-6177-4A0D-AA0A-77537A4F29E6 attempt=1
2026-08-14T06:01:34.294Z [    8.902] terminal.output.reset_replay_ack surface=F78CA8FE-6177-4A0D-AA0A-77537A4F29E6
2026-08-14T06:01:34.294Z [    8.902] geom container=440x396 scale=3.0 cellPx=18x36 natural=72x33 eff=72x33 pinned=nil renderRect=440x396@0
2026-08-14T06:01:34.379Z App feature event (Surface: 724858956, Operation: terminalArtifactListLoaded, Duration: 106 ms, Count: 0)
2026-08-14T06:01:34.395Z App feature event (Surface: 724858956, Operation: terminalThemeChanged)
2026-08-14T06:01:34.409Z [    9.004] terminal.output.drop_replay_barrier surface=F78CA8FE-6177-4A0D-AA0A-77537A4F29E6 count=1
2026-08-14T06:01:34.413Z [    9.018] sync.render_grid_waiting_for_baseline source=event surface=F78CA8FE-6177-4A0D-AA0A-77537A4F29E6 seq=10198
2026-08-14T06:01:34.430Z App feature event (Surface: 724858956, Operation: terminalReplaySucceeded, Duration: 135 ms, Count: 65)
2026-08-14T06:01:34.430Z App feature event (Surface: 724858956, Operation: terminalInputAcknowledged)
2026-08-14T06:01:34.430Z [    9.037] CMUX_REPLAY render_grid surface=F78CA8FE-6177-4A0D-AA0A-77537A4F29E6 spans=65 seq=9430
2026-08-14T06:01:34.436Z [    9.037] sync.render_grid_stale_theme surface=F78CA8FE-6177-4A0D-AA0A-77537A4F29E6 revision=55
2026-08-14T06:01:34.437Z [    9.044] runtime.tick
2026-08-14T06:01:34.437Z [    9.044] runtime.tick
2026-08-14T06:01:34.437Z [    9.045] runtime.tick
2026-08-14T06:01:34.437Z [    9.045] runtime.tick
2026-08-14T06:01:34.437Z [    9.045] runtime.tick
2026-08-14T06:01:34.437Z [    9.045] runtime.tick
2026-08-14T06:01:34.437Z [    9.045] runtime.tick
2026-08-14T06:01:34.437Z [    9.045] runtime.tick
2026-08-14T06:01:34.437Z [    9.045] runtime.tick
2026-08-14T06:01:34.437Z [    9.045] runtime.tick
2026-08-14T06:01:34.437Z [    9.045] runtime.tick
2026-08-14T06:01:34.437Z [    9.045] runtime.tick
2026-08-14T06:01:34.437Z [    9.045] runtime.tick
2026-08-14T06:01:34.437Z [    9.045] runtime.tick
2026-08-14T06:01:34.437Z [    9.045] runtime.tick
2026-08-14T06:01:34.437Z [    9.045] runtime.tick
2026-08-14T06:01:34.437Z [    9.045] runtime.tick
2026-08-14T06:01:34.437Z [    9.045] runtime.tick
2026-08-14T06:01:34.437Z [    9.045] runtime.tick
2026-08-14T06:01:34.437Z [    9.045] runtime.tick
2026-08-14T06:01:34.438Z [    9.045] runtime.tick
2026-08-14T06:01:34.438Z [    9.045] runtime.tick
2026-08-14T06:01:34.438Z [    9.045] runtime.tick
2026-08-14T06:01:34.445Z App feature event (Surface: 724858956, Operation: terminalArtifactListLoaded, Duration: 65 ms, Count: 0)
2026-08-14T06:01:34.461Z [    9.069] verified_replay.reveal transaction=6
2026-08-14T06:01:34.461Z [    9.069] terminal.output.replay_followup_cap_reached surface=F78CA8FE-6177-4A0D-AA0A-77537A4F29E6 attempts=1
2026-08-14T06:01:34.461Z [    9.069] terminal.output.replay_barrier_fail_open surface=F78CA8FE-6177-4A0D-AA0A-77537A4F29E6 reason=followup_cap
2026-08-14T06:01:34.478Z [    9.086] surface.layout bounds=440x802 window=true
2026-08-14T06:01:34.478Z [    9.086] surface.occlusion visible=true window=true hidden=false alpha=1.0
2026-08-14T06:01:34.478Z [    9.086] runtime.tick
2026-08-14T06:01:34.494Z [    9.102] geom container=440x396 scale=3.0 cellPx=18x36 natural=72x33 eff=72x33 pinned=nil renderRect=440x396@0
2026-08-14T06:01:34.557Z App feature event (Surface: 724858956, Operation: terminalArtifactListLoaded, Duration: 111 ms, Count: 0)
2026-08-14T06:01:34.618Z App feature event (Surface: 724858956, Operation: terminalArtifactListLoaded, Duration: 55 ms, Count: 0)
2026-08-14T06:01:34.960Z [    9.568] tick.alive win=true suspended=false renderInFlight=false needsDraw=false contents=true surf=440x396 sinceOutput=523ms
2026-08-14T06:01:35.225Z App feature event (Operation: presenceStreamUpdated, Count: 2)
2026-08-14T06:01:35.307Z App feature event (Operation: computerListRefreshStarted)
2026-08-14T06:01:35.307Z [    9.904] composer.keyboardHideWhilePresented prevKeyboardHeight=318 frOwner=2 proxyIsFR=1
2026-08-14T06:01:35.308Z [    9.912] surface.layout bounds=440x836 window=true
2026-08-14T06:01:35.341Z [    9.912] surface.occlusion visible=true window=true hidden=false alpha=1.0
2026-08-14T06:01:35.342Z [    9.916] runtime.tick
2026-08-14T06:01:35.343Z [    9.949] geom container=440x430 scale=3.0 cellPx=18x35 natural=72x36 eff=72x33 pinned=440x394 renderRect=440x394@36
2026-08-14T06:01:35.344Z [    9.949] zoom.autofit.deferred kbAnim=0 pendingReport=0 awaitingEcho=0 reportGrid=72x36 lastReported=72x33
2026-08-14T06:01:35.344Z App feature event (Operation: pairedMacStoreReadSucceeded, Duration: 36 ms, Count: 2)
2026-08-14T06:01:35.344Z App feature event (Operation: computerListRefreshSucceeded, Duration: 36 ms, Count: 2)
2026-08-14T06:01:35.358Z [    9.949] runtime.tick
2026-08-14T06:01:35.359Z [    9.949] scroll.bar total=33 offset=0 len=33
2026-08-14T06:01:35.362Z [    9.951] surface.layout bounds=440x836 window=true
2026-08-14T06:01:35.362Z [    9.951] surface.occlusion visible=true window=true hidden=false alpha=1.0
2026-08-14T06:01:35.362Z [    9.951] runtime.tick
2026-08-14T06:01:35.362Z [    9.967] geom container=440x430 scale=3.0 cellPx=18x35 natural=72x36 eff=72x33 pinned=440x394 renderRect=440x394@0
2026-08-14T06:01:35.362Z [    9.967] zoom.autofit.deferred kbAnim=0 pendingReport=1 awaitingEcho=0 reportGrid=72x36 lastReported=72x36
2026-08-14T06:01:35.362Z [    9.967] runtime.tick
2026-08-14T06:01:35.362Z [    9.967] scroll.bar total=33 offset=0 len=33
2026-08-14T06:01:35.363Z App feature event (Surface: 3628705415, Operation: pairedMacBackupWriteStarted)
2026-08-14T06:01:35.437Z [   10.046] runtime.tick
2026-08-14T06:01:35.477Z [   10.085] zoom.report grid=72x36 id=4
2026-08-14T06:01:35.477Z App feature event (Surface: 724858956, Operation: terminalViewportChanged, Count: 2592)
2026-08-14T06:01:35.631Z App feature event (Surface: 724858956, Operation: terminalArtifactListLoaded, Duration: 153 ms, Count: 0)
2026-08-14T06:01:35.631Z App feature event (Surface: 724858956, Operation: terminalReplayStarted)
2026-08-14T06:01:35.631Z App feature event (Surface: 724858956, Operation: terminalViewportReportSucceeded, Count: 2592)
2026-08-14T06:01:35.631Z [   10.239] terminal.output.viewport_resync surface=F78CA8FE-6177-4A0D-AA0A-77537A4F29E6 grid=72x36
2026-08-14T06:01:35.633Z [   10.240] zoom.applyViewSize eff=72x33->72x36
2026-08-14T06:01:35.637Z [   10.245] runtime.tick
2026-08-14T06:01:35.637Z [   10.245] geom container=440x430 scale=3.0 cellPx=18x35 natural=72x36 eff=72x36 pinned=nil renderRect=440x430@0
2026-08-14T06:01:35.637Z [   10.245] runtime.tick
2026-08-14T06:01:35.637Z [   10.245] scroll.bar total=36 offset=0 len=36
2026-08-14T06:01:35.639Z [   10.248] terminal.output.drop_replay_barrier surface=F78CA8FE-6177-4A0D-AA0A-77537A4F29E6 count=1
2026-08-14T06:01:35.657Z [   10.262] surface.layout bounds=440x836 window=true
2026-08-14T06:01:35.657Z [   10.262] surface.occlusion visible=true window=true hidden=false alpha=1.0
2026-08-14T06:01:35.657Z [   10.265] runtime.tick
2026-08-14T06:01:35.671Z [   10.279] geom container=440x430 scale=3.0 cellPx=18x35 natural=72x36 eff=72x36 pinned=nil renderRect=440x430@0
2026-08-14T06:01:35.715Z App feature event (Surface: 724858956, Operation: terminalThemeChanged)
2026-08-14T06:01:35.715Z App feature event (Surface: 724858956, Operation: terminalReplaySucceeded, Duration: 84 ms, Count: 49)
2026-08-14T06:01:35.729Z [   10.323] CMUX_REPLAY render_grid surface=F78CA8FE-6177-4A0D-AA0A-77537A4F29E6 spans=49 seq=10198
2026-08-14T06:01:35.762Z App feature event (Surface: 724858956, Operation: terminalViewportClearStarted)
2026-08-14T06:01:35.773Z Composer disappeared
2026-08-14T06:01:35.790Z [   10.370] surface.didMoveToWindow window=false
2026-08-14T06:01:35.795Z Composer appeared
2026-08-14T06:01:35.796Z App feature event (Surface: 1670764774, Operation: chatEventStreamEnded)
2026-08-14T06:01:35.812Z Composer disappeared
2026-08-14T06:01:35.818Z [   10.370] surface.occlusion visible=false window=false hidden=false alpha=1.0
2026-08-14T06:01:35.819Z [   10.398] runtime.tick
2026-08-14T06:01:35.836Z App feature event (Surface: 259644379, Operation: surfaceFocused)
2026-08-14T06:01:35.855Z App feature event (Surface: 3628705415, Operation: pairedMacBackupWriteSucceeded)
2026-08-14T06:01:35.863Z Composer activation changed (Composer active: Yes, First responder: None, Keyboard height: 0 points, Terminal input focused: No)
2026-08-14T06:01:35.916Z Composer appeared
2026-08-14T06:01:35.940Z App feature event (Surface: 724858956, Operation: terminalViewportClearSucceeded)
2026-08-14T06:01:35.940Z [   10.471] composer.toggle active=true keyboardHeight=0 occInBounds=0 barHidden=false barY=0 barH=36 boundsH=700
2026-08-14T06:01:35.941Z App feature event (Surface: 3672774053, Operation: chatSessionListLoadStarted)
2026-08-14T06:01:35.941Z App feature event (Surface: 3711677213, Operation: browserListRefreshStarted)
2026-08-14T06:01:35.941Z App feature event (Surface: 3672774053, Operation: workspaceOpenStarted)
2026-08-14T06:01:35.941Z App feature event (Surface: 2600813340, Operation: computerSelected)
2026-08-14T06:01:35.941Z App feature event (Surface: 2600813340, Operation: computerSwitchStarted)
2026-08-14T06:01:35.942Z App feature event (Surface: 724858956, Operation: terminalThemeChanged)
2026-08-14T06:01:35.942Z [   10.480] surface.layout bounds=402x700 window=false
2026-08-14T06:01:35.942Z App feature event (Operation: computerListRefreshStarted)
2026-08-14T06:01:35.945Z [   10.480] surface.occlusion visible=false window=false hidden=false alpha=1.0
2026-08-14T06:01:35.945Z [   10.495] changes.hint eval ws=96741731 capable=true files=-1 dismissed=false shown=false
2026-08-14T06:01:35.945Z [   10.504] surface.didMoveToWindow window=true
2026-08-14T06:01:35.945Z [   10.504] surface.occlusion visible=true window=true hidden=false alpha=1.0
2026-08-14T06:01:35.945Z [   10.525] surface.layout bounds=440x836 window=true
2026-08-14T06:01:35.945Z [   10.525] surface.occlusion visible=true window=true hidden=false alpha=1.0
2026-08-14T06:01:35.945Z [   10.547] surface.layout bounds=440x836 window=true
2026-08-14T06:01:35.945Z [   10.547] surface.occlusion visible=true window=true hidden=false alpha=1.0
2026-08-14T06:01:35.945Z [   10.548] runtime.tick
2026-08-14T06:01:35.945Z [   10.548] scroll.bar total=17 offset=0 len=17
2026-08-14T06:01:35.945Z [   10.552] tick.alive win=true suspended=false renderInFlight=false needsDraw=true contents=false surf=0x0 sinceOutput=-1ms
2026-08-14T06:01:35.945Z App feature event (Surface: 2600813340, Operation: capabilitySnapshotReceived, Count: 0)
2026-08-14T06:01:35.945Z App feature event (Surface: 2600813340, Operation: capabilitySnapshotReceived, Count: 48)
2026-08-14T06:01:35.945Z App feature event (Surface: 2600813340, Operation: computerSwitchSucceeded, Duration: 4 ms)
2026-08-14T06:01:35.945Z [   10.553] geom container=440x714 scale=3.0 cellPx=18x35 natural=72x61 eff=nil pinned=nil renderRect=440x714@0
2026-08-14T06:01:35.945Z App feature event (Surface: 3672774053, Operation: workspaceOpenSucceeded, Duration: 4 ms, Count: 1)
2026-08-14T06:01:35.961Z [   10.553] zoom.autofit.deferred kbAnim=0 pendingReport=0 awaitingEcho=0 reportGrid=72x61 lastReported=nil
2026-08-14T06:01:35.961Z App feature event (Surface: 2600813340, Operation: notificationFeedLoadStarted)
2026-08-14T06:01:35.961Z App feature event (Surface: 3672774053, Operation: chatSessionListLoadStarted)
2026-08-14T06:01:35.961Z App feature event (Surface: 3672774053, Operation: chatSessionListLoadFailed, Failure: Cancelled, Duration: 20 ms)
2026-08-14T06:01:35.961Z App feature event (Surface: 3645337289, Operation: pairedMacBackupRefreshStarted)
2026-08-14T06:01:35.961Z [   10.553] runtime.tick
2026-08-14T06:01:35.962Z App feature event (Operation: pairedMacStoreReadSucceeded, Duration: 19 ms, Count: 2)
2026-08-14T06:01:35.962Z App feature event (Operation: computerListRefreshSucceeded, Duration: 19 ms, Count: 2)
2026-08-14T06:01:35.962Z App feature event (Surface: 3628705415, Operation: notificationFeedLoadStarted)
2026-08-14T06:01:35.962Z [   10.553] scroll.bar total=61 offset=0 len=61
2026-08-14T06:01:35.962Z App feature event (Surface: 741838744, Operation: pairedMacRestoreStarted)
2026-08-14T06:01:35.974Z [   10.553] runtime.tick
2026-08-14T06:01:35.974Z [   10.553] macupdate.hint caps=48 version=nil hint=nil
2026-08-14T06:01:35.974Z [   10.566] surface.layout bounds=440x836 window=true
2026-08-14T06:01:35.974Z [   10.566] surface.occlusion visible=true window=true hidden=false alpha=1.0
2026-08-14T06:01:35.974Z [   10.582] geom container=440x714 scale=3.0 cellPx=18x35 natural=72x61 eff=nil pinned=nil renderRect=440x714@0
2026-08-14T06:01:35.974Z [   10.582] zoom.autofit.deferred kbAnim=0 pendingReport=1 awaitingEcho=0 reportGrid=72x61 lastReported=72x61
2026-08-14T06:01:35.975Z App feature event (Surface: 3690340672, Operation: pairedMacBackupWriteStarted)
2026-08-14T06:01:36.008Z App feature event (Surface: 741838744, Operation: pairedMacRestoreSucceeded, Count: 0)
2026-08-14T06:01:36.008Z App feature event (Surface: 741838744, Operation: pairedMacBackupRefreshSucceeded, Count: 0)
2026-08-14T06:01:36.019Z App feature event (Surface: 2600813340, Operation: notificationFeedLoadSucceeded, Duration: 57 ms, Count: 0)
2026-08-14T06:01:36.026Z App feature event (Surface: 2600813340, Operation: pairedMacStoreWriteStarted)
2026-08-14T06:01:36.031Z App feature event (Surface: 3690340672, Operation: pairedMacBackupWriteSucceeded)
2026-08-14T06:01:36.031Z App feature event (Surface: 3628705415, Operation: pairedMacBackupWriteStarted)
2026-08-14T06:01:36.038Z [   10.634] macupdate.hint caps=48 version=0.64.22 hint=nil
2026-08-14T06:01:36.038Z App feature event (Surface: 3711677213, Operation: browserListRefreshStarted)
2026-08-14T06:01:36.085Z App feature event (Surface: 259644379, Operation: terminalViewportChanged, Count: 4392)
2026-08-14T06:01:36.085Z [   10.693] zoom.report grid=72x61 id=1
2026-08-14T06:01:36.085Z App feature event (Surface: 259644379, Operation: terminalMounted)
2026-08-14T06:01:36.085Z App feature event (Surface: 259644379, Operation: terminalReplayStarted)
2026-08-14T06:01:36.085Z [   10.693] CMUX_REPLAY stale_request_failed surface=33CE8C50-813F-4841-9EDE-EC9FAB3941D7
2026-08-14T06:01:36.100Z App feature event (Surface: 3628705415, Operation: pairedMacBackupWriteSucceeded)
2026-08-14T06:01:36.101Z App feature event (Surface: 3690340672, Operation: pairedMacBackupWriteStarted)
2026-08-14T06:01:36.125Z App feature event (Surface: 3711677213, Operation: browserListRefreshFailed, Failure: Protocol violation, Duration: 183 ms)
2026-08-14T06:01:36.126Z App feature event (Operation: surfaceListUpdated, Count: 2)
2026-08-14T06:01:36.126Z App feature event (Surface: 724858956, Operation: surfaceTitleChanged)
2026-08-14T06:01:36.126Z App feature event (Surface: 3628705415, Operation: notificationFeedLoadSucceeded, Duration: 164 ms, Count: 0)
2026-08-14T06:01:36.146Z App feature event (Surface: 259644379, Operation: terminalArtifactListLoaded, Duration: 60 ms, Count: 0)
2026-08-14T06:01:36.149Z App feature event (Surface: 3672774053, Operation: chatSessionListLoadSucceeded, Duration: 187 ms, Count: 1)
2026-08-14T06:01:36.153Z App feature event (Surface: 3711677213, Operation: browserListRefreshSucceeded, Duration: 115 ms, Count: 0)
2026-08-14T06:01:36.155Z App feature event (Surface: 3690340672, Operation: pairedMacBackupWriteSucceeded)
2026-08-14T06:01:36.161Z App feature event (Surface: 259644379, Operation: terminalReplayStarted)
2026-08-14T06:01:36.161Z App feature event (Surface: 259644379, Operation: terminalViewportReportSucceeded, Count: 3478)
2026-08-14T06:01:36.214Z [   10.769] terminal.output.viewport_resync surface=33CE8C50-813F-4841-9EDE-EC9FAB3941D7 grid=94x37
2026-08-14T06:01:36.214Z App feature event (Surface: 4222411387, Operation: chatEventStreamStarted)
2026-08-14T06:01:36.214Z App feature event (Surface: 4222411387, Operation: chatHistoryLoadStarted)
2026-08-14T06:01:36.214Z App feature event (Surface: 2600813340, Operation: pairedMacStoreWriteSucceeded, Duration: 188 ms)
2026-08-14T06:01:36.214Z App feature event (Surface: 2600813340, Operation: computerRoutesUpdated, Duration: 188 ms, Count: 1)
2026-08-14T06:01:36.231Z [   10.770] geom container=440x714 scale=3.0 cellPx=18x35 natural=72x61 eff=nil pinned=nil renderRect=440x714@0
2026-08-14T06:01:36.231Z App feature event (Surface: 2600813340, Operation: notificationFeedLoadStarted)
2026-08-14T06:01:36.231Z App feature event (Operation: changesSummaryLoadStarted, Count: 2)
2026-08-14T06:01:36.231Z [   10.770] zoom.autofit.deferred kbAnim=0 pendingReport=0 awaitingEcho=1 reportGrid=72x61 lastReported=72x61
2026-08-14T06:01:36.231Z App feature event (Surface: 3628705415, Operation: notificationFeedLoadStarted)
2026-08-14T06:01:36.243Z [   10.817] surface.layout bounds=440x802 window=true
2026-08-14T06:01:36.247Z [   10.817] surface.occlusion visible=true window=true hidden=false alpha=1.0
2026-08-14T06:01:36.247Z [   10.823] sync.transport=render_grid
2026-08-14T06:01:36.247Z [   10.823] terminal.output.replay_barrier_cleared_workspace_not_found surface=F78CA8FE-6177-4A0D-AA0A-77537A4F29E6
2026-08-14T06:01:36.247Z [   10.823] runtime.tick
2026-08-14T06:01:36.247Z [   10.837] surface.layout bounds=440x802 window=true
2026-08-14T06:01:36.247Z [   10.837] surface.occlusion visible=true window=true hidden=false alpha=1.0
2026-08-14T06:01:36.247Z [   10.839] geom container=440x396 scale=3.0 cellPx=18x36 natural=72x33 eff=nil pinned=nil renderRect=440x396@0
2026-08-14T06:01:36.247Z [   10.839] zoom.autofit.deferred kbAnim=0 pendingReport=0 awaitingEcho=0 reportGrid=72x33 lastReported=72x61
2026-08-14T06:01:36.247Z [   10.839] runtime.tick
2026-08-14T06:01:36.247Z [   10.839] scroll.bar total=33 offset=0 len=33
2026-08-14T06:01:36.247Z [   10.839] runtime.tick
2026-08-14T06:01:36.247Z [   10.854] surface.layout bounds=440x802 window=true
2026-08-14T06:01:36.247Z [   10.854] surface.occlusion visible=true window=true hidden=false alpha=1.0
2026-08-14T06:01:36.247Z [   10.855] geom container=440x396 scale=3.0 cellPx=18x36 natural=72x33 eff=nil pinned=nil renderRect=440x396@0
2026-08-14T06:01:36.247Z [   10.855] zoom.autofit.deferred kbAnim=0 pendingReport=1 awaitingEcho=0 reportGrid=72x33 lastReported=72x33
2026-08-14T06:01:36.247Z [   10.855] runtime.tick
2026-08-14T06:01:36.268Z [   10.877] geom container=440x396 scale=3.0 cellPx=18x36 natural=72x33 eff=nil pinned=nil renderRect=440x396@0
2026-08-14T06:01:36.269Z [   10.877] zoom.autofit.deferred kbAnim=0 pendingReport=1 awaitingEcho=0 reportGrid=72x33 lastReported=72x33
2026-08-14T06:01:36.272Z App feature event (Surface: 259644379, Operation: terminalReplayFailed, Failure: Protocol violation, Duration: 110 ms)
2026-08-14T06:01:36.272Z App feature event (Surface: 259644379, Operation: terminalReplayRetried)
2026-08-14T06:01:36.272Z App feature event (Surface: 259644379, Operation: terminalReplayStarted)
2026-08-14T06:01:36.272Z [   10.880] CMUX_REPLAY retry_after_failure surface=33CE8C50-813F-4841-9EDE-EC9FAB3941D7 attempt=1
2026-08-14T06:01:36.277Z App feature event (Surface: 4222411387, Operation: chatHistoryLoadFailed, Failure: Protocol violation)
2026-08-14T06:01:36.289Z App feature event (Surface: 2600813340, Operation: notificationFeedLoadSucceeded, Duration: 57 ms, Count: 0)
2026-08-14T06:01:36.292Z App feature event (Surface: 3628705415, Operation: notificationFeedLoadSucceeded, Duration: 60 ms, Count: 0)
2026-08-14T06:01:36.296Z App feature event (Operation: terminalStreamSubscribed, Count: 16)
2026-08-14T06:01:36.296Z App feature event (Surface: 2600813340, Operation: workspaceStateSyncStarted)
2026-08-14T06:01:36.297Z [   10.905] sync.subscribe_ok topics=16 transport=renderGrid
2026-08-14T06:01:36.358Z App feature event (Surface: 259644379, Operation: terminalReplayFailed, Failure: Protocol violation, Duration: 86 ms)
2026-08-14T06:01:36.358Z App feature event (Surface: 259644379, Operation: terminalReplayRetried)
2026-08-14T06:01:36.358Z App feature event (Surface: 259644379, Operation: terminalReplayStarted)
2026-08-14T06:01:36.358Z [   10.966] CMUX_REPLAY retry_after_failure surface=33CE8C50-813F-4841-9EDE-EC9FAB3941D7 attempt=2
2026-08-14T06:01:36.369Z App feature event (Surface: 259644379, Operation: terminalViewportChanged, Count: 2376)
2026-08-14T06:01:36.369Z [   10.977] zoom.report grid=72x33 id=2
2026-08-14T06:01:36.369Z [   10.977] CMUX_REPLAY stale_request_failed surface=33CE8C50-813F-4841-9EDE-EC9FAB3941D7
2026-08-14T06:01:36.484Z App feature event (Surface: 259644379, Operation: terminalOutputReceived, Count: 8047)
2026-08-14T06:01:36.484Z App feature event (Surface: 259644379, Operation: terminalThemeChanged)
2026-08-14T06:01:36.484Z [   11.092] terminal.output.drop_replay_barrier surface=33CE8C50-813F-4841-9EDE-EC9FAB3941D7 count=1
2026-08-14T06:01:36.486Z App feature event (Surface: 259644379, Operation: terminalArtifactListLoaded, Duration: 116 ms, Count: 0)
2026-08-14T06:01:36.486Z App feature event (Surface: 2600813340, Operation: workspaceStateSyncSucceeded, Count: 1)
2026-08-14T06:01:36.486Z App feature event (Operation: changesSummaryLoadSucceeded, Duration: 254 ms, Count: 2)
2026-08-14T06:01:36.486Z App feature event (Operation: changesSummaryLoadStarted, Count: 1)
2026-08-14T06:01:36.486Z App feature event (Operation: changesSummaryLoadSucceeded, Duration: 0 ms, Count: 0)
2026-08-14T06:01:36.486Z App feature event (Operation: notificationBadgeReconciled, Count: 0)
2026-08-14T06:01:36.486Z App feature event (Operation: notificationBadgeReconciled, Duration: 189 ms, Count: 0)
2026-08-14T06:01:36.487Z [   11.094] changes.summary ok requested=2 summaries=2 chips=0 sample=- reqSample=96741731
2026-08-14T06:01:36.501Z [   11.094] notif.reconcile delivered=0 handled=0 unread=0
2026-08-14T06:01:36.533Z [   11.141] sync.render_grid_waiting_for_baseline source=event surface=33CE8C50-813F-4841-9EDE-EC9FAB3941D7 seq=18777
2026-08-14T06:01:36.567Z App feature event (Surface: 259644379, Operation: terminalReplayStarted)
2026-08-14T06:01:36.567Z App feature event (Surface: 259644379, Operation: terminalViewportReportSucceeded, Count: 2376)
2026-08-14T06:01:36.567Z [   11.175] terminal.output.viewport_resync surface=33CE8C50-813F-4841-9EDE-EC9FAB3941D7 grid=72x33
2026-08-14T06:01:36.573Z [   11.181] geom container=440x396 scale=3.0 cellPx=18x36 natural=72x33 eff=nil pinned=nil renderRect=440x396@0
2026-08-14T06:01:36.689Z App feature event (Surface: 259644379, Operation: terminalThemeChanged)
2026-08-14T06:01:36.689Z App feature event (Surface: 259644379, Operation: terminalAlternateScreenChanged, Count: 0)
2026-08-14T06:01:36.689Z App feature event (Surface: 259644379, Operation: terminalReplaySucceeded, Duration: 122 ms, Count: 65)
2026-08-14T06:01:36.699Z [   11.297] CMUX_REPLAY render_grid surface=33CE8C50-813F-4841-9EDE-EC9FAB3941D7 spans=65 seq=18777
2026-08-14T06:01:36.731Z [   11.339] verified_replay.freeze transaction=1 contents=true
2026-08-14T06:01:36.731Z [   11.339] zoom.applyViewSize eff=nil->72x33
2026-08-14T06:01:36.731Z [   11.339] geom container=440x396 scale=3.0 cellPx=18x36 natural=72x33 eff=72x33 pinned=nil renderRect=440x396@0
2026-08-14T06:01:36.731Z [   11.339] runtime.tick
2026-08-14T06:01:36.731Z [   11.339] runtime.tick
2026-08-14T06:01:36.731Z [   11.339] runtime.tick
2026-08-14T06:01:36.731Z [   11.339] runtime.tick
2026-08-14T06:01:36.731Z [   11.339] runtime.tick
2026-08-14T06:01:36.731Z [   11.339] runtime.tick
2026-08-14T06:01:36.731Z [   11.339] surface.layers reason=processOutput host=CAMetalLayer bounds=(0.0, 0.0, 440.0, 802.0) frame=(0.0, 0.0, 440.0, 802.0) contentsScale=3.0 children=[0:CALayer bounds=(0.0, 0.0, 440.0, 396.0) frame=(0.0, 0.0, 440.0, 396.0) hidden=true contents=false scale=1.0 | 1:CALayer bounds=(0.0, 499650.0, 440.0, 802.0) frame=(0.0, 0.0, 440.0, 802.0) hidden=false contents=false scale=1.0 | 2:CALayer bounds=(0.0, 0.0, 440.0, 1.0) frame=(0.0, 0.0, 440.0, 1.0) hidden=false contents=false scale=1.0 | 3:CALayer bounds=(0.0, 0.0, 440.0, 802.0) frame=(0.0, 0.0, 440.0, 802.0) hidden=false contents=false scale=1.0] fallbackHidden=true fallbackChars=0
2026-08-14T06:01:36.742Z [   11.348] surface.layout bounds=440x802 window=true
2026-08-14T06:01:36.742Z [   11.348] surface.occlusion visible=true window=true hidden=false alpha=1.0
2026-08-14T06:01:36.742Z [   11.350] runtime.tick
2026-08-14T06:01:36.757Z [   11.365] verified_replay.reveal transaction=1
2026-08-14T06:01:36.757Z [   11.365] terminal.output.replay_barrier_cleared surface=33CE8C50-813F-4841-9EDE-EC9FAB3941D7
2026-08-14T06:01:36.757Z [   11.365] geom container=440x396 scale=3.0 cellPx=18x36 natural=72x33 eff=72x33 pinned=nil renderRect=440x396@0
2026-08-14T06:01:36.774Z [   11.382] surface.layout bounds=440x802 window=true
2026-08-14T06:01:36.774Z [   11.382] surface.occlusion visible=true window=true hidden=false alpha=1.0
2026-08-14T06:01:36.774Z [   11.382] runtime.tick
2026-08-14T06:01:36.790Z [   11.398] geom container=440x396 scale=3.0 cellPx=18x36 natural=72x33 eff=72x33 pinned=nil renderRect=440x396@0
2026-08-14T06:01:36.880Z [   11.485] surface.layout bounds=440x802 window=true
2026-08-14T06:01:36.881Z [   11.485] surface.occlusion visible=true window=true hidden=false alpha=1.0
2026-08-14T06:01:36.881Z [   11.488] runtime.tick
2026-08-14T06:01:36.890Z [   11.498] geom container=440x396 scale=3.0 cellPx=18x36 natural=72x33 eff=72x33 pinned=nil renderRect=440x396@0
2026-08-14T06:01:36.975Z App feature event (Surface: 259644379, Operation: terminalArtifactListLoaded, Duration: 116 ms, Count: 0)
2026-08-14T06:01:37.329Z App feature event (Surface: 259644379, Operation: terminalInputSubmitted)
2026-08-14T06:01:37.334Z [   11.942] runtime.tick
2026-08-14T06:01:37.400Z App feature event (Surface: 259644379, Operation: terminalInputAcknowledged)
2026-08-14T06:01:37.413Z App feature event (Surface: 259644379, Operation: terminalThemeChanged)
2026-08-14T06:01:37.460Z App feature event (Surface: 259644379, Operation: terminalReplayStarted)
2026-08-14T06:01:37.460Z [   12.068] verified_replay.freeze transaction=2 contents=true
2026-08-14T06:01:37.461Z [   12.069] terminal.output.reset surface=33CE8C50-813F-4841-9EDE-EC9FAB3941D7
2026-08-14T06:01:37.476Z [   12.082] surface.layout bounds=440x802 window=true
2026-08-14T06:01:37.476Z [   12.082] surface.occlusion visible=true window=true hidden=false alpha=1.0
2026-08-14T06:01:37.476Z [   12.084] runtime.tick
2026-08-14T06:01:37.490Z [   12.098] geom container=440x396 scale=3.0 cellPx=18x36 natural=72x33 eff=72x33 pinned=nil renderRect=440x396@0
2026-08-14T06:01:37.494Z [   12.102] sync.render_grid_waiting_for_baseline source=event surface=33CE8C50-813F-4841-9EDE-EC9FAB3941D7 seq=19545
2026-08-14T06:01:37.494Z [   12.102] terminal.output.drop_replay_barrier surface=33CE8C50-813F-4841-9EDE-EC9FAB3941D7 count=1
2026-08-14T06:01:37.519Z App feature event (Surface: 259644379, Operation: terminalArtifactListLoaded, Duration: 58 ms, Count: 0)
2026-08-14T06:01:37.560Z App feature event (Surface: 259644379, Operation: terminalThemeChanged)
2026-08-14T06:01:37.561Z App feature event (Surface: 259644379, Operation: terminalReplaySucceeded, Duration: 100 ms, Count: 49)
2026-08-14T06:01:37.561Z [   12.168] CMUX_REPLAY render_grid surface=33CE8C50-813F-4841-9EDE-EC9FAB3941D7 spans=49 seq=19545
2026-08-14T06:01:37.577Z [   12.185] runtime.tick
2026-08-14T06:01:37.577Z [   12.185] runtime.tick
2026-08-14T06:01:37.578Z [   12.185] runtime.tick
2026-08-14T06:01:37.578Z [   12.185] runtime.tick
2026-08-14T06:01:37.578Z [   12.185] runtime.tick
2026-08-14T06:01:37.607Z App feature event (Surface: 259644379, Operation: terminalReplayStarted)
2026-08-14T06:01:37.607Z [   12.215] verified_replay.reveal transaction=3
2026-08-14T06:01:37.607Z [   12.215] terminal.output.replay_barrier_cleared surface=33CE8C50-813F-4841-9EDE-EC9FAB3941D7
2026-08-14T06:01:37.607Z [   12.215] terminal.output.replay_followup surface=33CE8C50-813F-4841-9EDE-EC9FAB3941D7
2026-08-14T06:01:37.624Z [   12.232] surface.layout bounds=440x802 window=true
2026-08-14T06:01:37.624Z [   12.232] surface.occlusion visible=true window=true hidden=false alpha=1.0
2026-08-14T06:01:37.624Z [   12.232] runtime.tick
2026-08-14T06:01:37.640Z [   12.248] geom container=440x396 scale=3.0 cellPx=18x36 natural=72x33 eff=72x33 pinned=nil renderRect=440x396@0
2026-08-14T06:01:37.663Z App feature event (Operation: presenceStreamUpdated, Count: 2)
2026-08-14T06:01:37.687Z App feature event (Operation: computerListRefreshStarted)
2026-08-14T06:01:37.688Z App feature event (Operation: pairedMacStoreReadSucceeded, Duration: 1 ms, Count: 2)
2026-08-14T06:01:37.688Z App feature event (Operation: computerListRefreshSucceeded, Duration: 1 ms, Count: 2)
2026-08-14T06:01:37.731Z App feature event (Surface: 259644379, Operation: terminalReplaySucceeded, Duration: 123 ms, Count: 49)
2026-08-14T06:01:37.731Z [   12.339] CMUX_REPLAY render_grid surface=33CE8C50-813F-4841-9EDE-EC9FAB3941D7 spans=49 seq=19545
2026-08-14T06:01:37.732Z App feature event (Surface: 3690340672, Operation: pairedMacBackupWriteStarted)
2026-08-14T06:01:37.758Z [   12.367] verified_replay.freeze transaction=4 contents=true
2026-08-14T06:01:37.759Z [   12.367] runtime.tick
2026-08-14T06:01:37.759Z [   12.367] runtime.tick
2026-08-14T06:01:37.759Z [   12.367] runtime.tick
2026-08-14T06:01:37.759Z [   12.367] runtime.tick
2026-08-14T06:01:37.759Z [   12.367] runtime.tick
2026-08-14T06:01:37.759Z [   12.367] runtime.tick
2026-08-14T06:01:37.759Z [   12.367] runtime.tick
2026-08-14T06:01:37.759Z [   12.367] surface.layers reason=processOutput host=CAMetalLayer bounds=(0.0, 0.0, 440.0, 802.0) frame=(0.0, 0.0, 440.0, 802.0) contentsScale=3.0 children=[0:CALayer bounds=(0.0, 0.0, 440.0, 396.0) frame=(0.0, 0.0, 440.0, 396.0) hidden=true contents=false scale=1.0 | 1:CALayer bounds=(0.0, 499650.0, 440.0, 802.0) frame=(0.0, 0.0, 440.0, 802.0) hidden=false contents=false scale=1.0 | 2:CALayer bounds=(0.0, 0.0, 440.0, 1.0) frame=(0.0, 0.0, 440.0, 1.0) hidden=false contents=false scale=1.0 | 3:CALayer bounds=(0.0, 0.0, 440.0, 802.0) frame=(0.0, 0.0, 440.0, 802.0) hidden=false contents=false scale=1.0] fallbackHidden=true fallbackChars=0
2026-08-14T06:01:37.774Z [   12.381] surface.layout bounds=440x802 window=true
2026-08-14T06:01:37.774Z [   12.381] surface.occlusion visible=true window=true hidden=false alpha=1.0
2026-08-14T06:01:37.775Z [   12.383] runtime.tick
2026-08-14T06:01:37.790Z [   12.398] verified_replay.reveal transaction=4
2026-08-14T06:01:37.790Z [   12.398] terminal.output.replay_barrier_cleared surface=33CE8C50-813F-4841-9EDE-EC9FAB3941D7
2026-08-14T06:01:37.790Z [   12.398] geom container=440x396 scale=3.0 cellPx=18x36 natural=72x33 eff=72x33 pinned=nil renderRect=440x396@0
2026-08-14T06:01:37.798Z App feature event (Surface: 259644379, Operation: terminalArtifactListLoaded, Duration: 58 ms, Count: 0)
2026-08-14T06:01:37.801Z App feature event (Surface: 3690340672, Operation: pairedMacBackupWriteSucceeded)
2026-08-14T06:01:37.801Z App feature event (Operation: computerListRefreshStarted)
2026-08-14T06:01:37.802Z App feature event (Operation: pairedMacStoreReadSucceeded, Duration: 0 ms, Count: 2)
2026-08-14T06:01:37.802Z App feature event (Operation: computerListRefreshSucceeded, Duration: 0 ms, Count: 2)
2026-08-14T06:01:37.822Z [   12.429] surface.layout bounds=440x802 window=true
2026-08-14T06:01:37.822Z [   12.429] surface.occlusion visible=true window=true hidden=false alpha=1.0
2026-08-14T06:01:37.822Z [   12.430] runtime.tick
2026-08-14T06:01:37.823Z [   12.431] geom container=440x396 scale=3.0 cellPx=18x36 natural=72x33 eff=72x33 pinned=nil renderRect=440x396@0
2026-08-14T06:01:37.854Z App feature event (Surface: 259644379, Operation: terminalArtifactListLoaded, Duration: 55 ms, Count: 0)
2026-08-14T06:01:37.956Z [   12.564] tick.alive win=true suspended=false renderInFlight=false needsDraw=false contents=true surf=440x396 sinceOutput=197ms
2026-08-14T06:01:37.973Z App feature event (Surface: 259644379, Operation: terminalArtifactListLoaded, Duration: 71 ms, Count: 0)
2026-08-14T06:01:38.760Z [   13.368] runtime.tick
2026-08-14T06:01:39.113Z App feature event (Surface: 259644379, Operation: terminalThemeChanged)
2026-08-14T06:01:39.114Z App feature event (Surface: 4222411387, Operation: chatHistoryLoadStarted)
2026-08-14T06:01:39.131Z App feature event (Surface: 3711677213, Operation: browserListRefreshStarted)
2026-08-14T06:01:39.132Z App feature event (Operation: surfaceListUpdated, Count: 2)
2026-08-14T06:01:39.132Z App feature event (Surface: 259644379, Operation: surfaceTitleChanged)
2026-08-14T06:01:39.175Z App feature event (Surface: 259644379, Operation: terminalReplayStarted)
2026-08-14T06:01:39.175Z [   13.783] verified_replay.freeze transaction=5 contents=true
2026-08-14T06:01:39.175Z [   13.783] terminal.output.reset surface=33CE8C50-813F-4841-9EDE-EC9FAB3941D7
2026-08-14T06:01:39.191Z [   13.798] surface.layout bounds=440x802 window=true
2026-08-14T06:01:39.191Z App feature event (Surface: 4222411387, Operation: chatHistoryLoadFailed, Failure: Protocol violation)
2026-08-14T06:01:39.191Z [   13.798] surface.occlusion visible=true window=true hidden=false alpha=1.0
2026-08-14T06:01:39.191Z [   13.799] runtime.tick
2026-08-14T06:01:39.206Z [   13.814] geom container=440x396 scale=3.0 cellPx=18x36 natural=72x33 eff=72x33 pinned=nil renderRect=440x396@0
2026-08-14T06:01:39.267Z App feature event (Surface: 3711677213, Operation: browserListRefreshSucceeded, Duration: 135 ms, Count: 0)
2026-08-14T06:01:39.294Z App feature event (Surface: 4222411387, Operation: chatHistoryLoadStarted)
2026-08-14T06:01:39.308Z App feature event (Surface: 259644379, Operation: terminalThemeChanged)
2026-08-14T06:01:39.309Z App feature event (Surface: 259644379, Operation: terminalReplaySucceeded, Duration: 133 ms, Count: 22)
2026-08-14T06:01:39.309Z [   13.916] CMUX_REPLAY render_grid surface=33CE8C50-813F-4841-9EDE-EC9FAB3941D7 spans=22 seq=20963
2026-08-14T06:01:39.325Z [   13.933] runtime.tick
2026-08-14T06:01:39.325Z [   13.933] runtime.tick
2026-08-14T06:01:39.326Z [   13.933] runtime.tick
2026-08-14T06:01:39.326Z [   13.933] runtime.tick
2026-08-14T06:01:39.326Z [   13.933] runtime.tick
2026-08-14T06:01:39.326Z [   13.934] surface.layers reason=processOutput host=CAMetalLayer bounds=(0.0, 0.0, 440.0, 802.0) frame=(0.0, 0.0, 440.0, 802.0) contentsScale=3.0 children=[0:CALayer bounds=(0.0, 0.0, 440.0, 396.0) frame=(0.0, 0.0, 440.0, 396.0) hidden=true contents=false scale=1.0 | 1:CALayer bounds=(0.0, 499650.0, 440.0, 802.0) frame=(0.0, 0.0, 440.0, 802.0) hidden=false contents=false scale=1.0 | 2:CALayer bounds=(0.0, 0.0, 440.0, 1.0) frame=(0.0, 0.0, 440.0, 1.0) hidden=false contents=false scale=1.0 | 3:CALayer bounds=(0.0, 0.0, 440.0, 802.0) frame=(0.0, 0.0, 440.0, 802.0) hidden=false contents=false scale=1.0] fallbackHidden=true fallbackChars=0
2026-08-14T06:01:39.355Z App feature event (Surface: 4222411387, Operation: chatHistoryLoadFailed, Failure: Protocol violation)
2026-08-14T06:01:39.395Z [   14.003] verified_replay.reveal transaction=6
2026-08-14T06:01:39.395Z [   14.003] terminal.output.replay_barrier_cleared surface=33CE8C50-813F-4841-9EDE-EC9FAB3941D7
2026-08-14T06:01:39.407Z [   14.015] surface.layout bounds=440x802 window=true
2026-08-14T06:01:39.407Z [   14.015] surface.occlusion visible=true window=true hidden=false alpha=1.0
2026-08-14T06:01:39.407Z [   14.015] runtime.tick
2026-08-14T06:01:39.479Z [   14.077] composer.keyboardHideWhilePresented prevKeyboardHeight=318 frOwner=2 proxyIsFR=1
2026-08-14T06:01:39.480Z App feature event (Operation: changesSummaryLoadStarted, Count: 1)
2026-08-14T06:01:39.480Z [   14.084] surface.layout bounds=440x836 window=true
2026-08-14T06:01:39.480Z App feature event (Operation: changesSummaryLoadSucceeded, Duration: 0 ms, Count: 0)
2026-08-14T06:01:39.481Z [   14.084] surface.occlusion visible=true window=true hidden=false alpha=1.0
2026-08-14T06:01:39.486Z [   14.087] geom container=440x396 scale=3.0 cellPx=18x36 natural=72x33 eff=72x33 pinned=nil renderRect=440x396@34
2026-08-14T06:01:39.486Z [   14.088] runtime.tick
2026-08-14T06:01:39.486Z [   14.094] geom container=440x430 scale=3.0 cellPx=18x35 natural=72x36 eff=72x33 pinned=440x394 renderRect=440x394@36
2026-08-14T06:01:39.486Z [   14.094] zoom.autofit.deferred kbAnim=0 pendingReport=0 awaitingEcho=0 reportGrid=72x36 lastReported=72x33
2026-08-14T06:01:39.486Z [   14.094] runtime.tick
2026-08-14T06:01:39.486Z [   14.094] scroll.bar total=33 offset=0 len=33
2026-08-14T06:01:39.492Z [   14.098] surface.layout bounds=440x836 window=true
2026-08-14T06:01:39.492Z [   14.098] surface.occlusion visible=true window=true hidden=false alpha=1.0
2026-08-14T06:01:39.492Z [   14.100] runtime.tick
2026-08-14T06:01:39.508Z [   14.116] geom container=440x430 scale=3.0 cellPx=18x35 natural=72x36 eff=72x33 pinned=440x394 renderRect=440x394@0
2026-08-14T06:01:39.508Z [   14.116] zoom.autofit.deferred kbAnim=0 pendingReport=1 awaitingEcho=0 reportGrid=72x36 lastReported=72x36
2026-08-14T06:01:39.508Z [   14.116] runtime.tick
2026-08-14T06:01:39.508Z [   14.116] scroll.bar total=33 offset=0 len=33
2026-08-14T06:01:39.677Z App feature event (Surface: 259644379, Operation: terminalViewportChanged, Count: 2592)
2026-08-14T06:01:39.677Z [   14.285] zoom.report grid=72x36 id=3
2026-08-14T06:01:39.697Z [   14.304] surface.layout bounds=440x836 window=true
2026-08-14T06:01:39.697Z [   14.304] surface.occlusion visible=true window=true hidden=false alpha=1.0
2026-08-14T06:01:39.697Z [   14.305] runtime.tick
2026-08-14T06:01:39.711Z [   14.319] geom container=440x430 scale=3.0 cellPx=18x35 natural=72x36 eff=72x33 pinned=440x394 renderRect=440x394@0
2026-08-14T06:01:39.711Z [   14.319] zoom.autofit.deferred kbAnim=0 pendingReport=0 awaitingEcho=1 reportGrid=72x36 lastReported=72x36
2026-08-14T06:01:39.711Z [   14.319] runtime.tick
2026-08-14T06:01:39.711Z [   14.319] scroll.bar total=33 offset=0 len=33
2026-08-14T06:01:39.826Z App feature event (Surface: 259644379, Operation: terminalArtifactListLoaded, Duration: 148 ms, Count: 0)
2026-08-14T06:01:39.826Z App feature event (Surface: 259644379, Operation: terminalReplayStarted)
2026-08-14T06:01:39.826Z App feature event (Surface: 259644379, Operation: terminalViewportReportSucceeded, Count: 2592)
2026-08-14T06:01:39.826Z [   14.434] terminal.output.viewport_resync surface=33CE8C50-813F-4841-9EDE-EC9FAB3941D7 grid=72x36
2026-08-14T06:01:39.827Z [   14.435] zoom.applyViewSize eff=72x33->72x36
2026-08-14T06:01:39.829Z App feature event (Surface: 259644379, Operation: terminalThemeChanged)
2026-08-14T06:01:39.843Z [   14.437] terminal.output.drop_replay_barrier surface=33CE8C50-813F-4841-9EDE-EC9FAB3941D7 count=1
2026-08-14T06:01:39.847Z [   14.437] sync.render_grid_stale source=event surface=33CE8C50-813F-4841-9EDE-EC9FAB3941D7 delivered=20963 frame=20963
2026-08-14T06:01:39.848Z [   14.452] zoom.report grid=72x36 id=4
2026-08-14T06:01:39.848Z [   14.455] runtime.tick
2026-08-14T06:01:39.848Z [   14.455] scroll.bar total=36 offset=0 len=36
2026-08-14T06:01:39.848Z [   14.456] geom container=440x430 scale=3.0 cellPx=18x35 natural=72x36 eff=72x36 pinned=nil renderRect=440x430@0
2026-08-14T06:01:39.848Z [   14.456] zoom.autofit.deferred kbAnim=0 pendingReport=0 awaitingEcho=1 reportGrid=72x36 lastReported=72x36
2026-08-14T06:01:39.848Z [   14.456] runtime.tick
2026-08-14T06:01:39.856Z [   14.461] surface.layout bounds=440x836 window=true
2026-08-14T06:01:39.856Z [   14.461] surface.occlusion visible=true window=true hidden=false alpha=1.0
2026-08-14T06:01:39.856Z [   14.464] runtime.tick
2026-08-14T06:01:39.872Z [   14.479] geom container=440x430 scale=3.0 cellPx=18x35 natural=72x36 eff=72x36 pinned=nil renderRect=440x430@0
2026-08-14T06:01:39.872Z [   14.480] zoom.autofit.deferred kbAnim=0 pendingReport=0 awaitingEcho=1 reportGrid=72x36 lastReported=72x36
2026-08-14T06:01:39.897Z App feature event (Surface: 259644379, Operation: terminalArtifactListLoaded, Duration: 70 ms, Count: 0)
2026-08-14T06:01:39.919Z App feature event (Surface: 259644379, Operation: terminalThemeChanged)
2026-08-14T06:01:39.920Z App feature event (Surface: 259644379, Operation: terminalReplaySucceeded, Duration: 93 ms, Count: 22)
2026-08-14T06:01:39.920Z App feature event (Surface: 259644379, Operation: terminalViewportReportSucceeded, Count: 2592)
2026-08-14T06:01:39.933Z [   14.527] CMUX_REPLAY render_grid surface=33CE8C50-813F-4841-9EDE-EC9FAB3941D7 spans=22 seq=20963
2026-08-14T06:01:39.938Z [   14.546] geom container=440x430 scale=3.0 cellPx=18x35 natural=72x36 eff=72x36 pinned=nil renderRect=440x430@0
2026-08-14T06:01:39.962Z App feature event (Surface: 259644379, Operation: terminalArtifactListLoaded, Duration: 64 ms, Count: 0)
2026-08-14T06:01:39.980Z App feature event (Surface: 259644379, Operation: terminalViewportClearStarted)
2026-08-14T06:01:39.991Z Composer disappeared
2026-08-14T06:01:40.002Z [   14.565] verified_replay.freeze transaction=7 contents=true
2026-08-14T06:01:40.013Z Composer appeared
2026-08-14T06:01:40.014Z App feature event (Surface: 4222411387, Operation: chatEventStreamEnded)
2026-08-14T06:01:40.016Z [   14.589] surface.didMoveToWindow window=false
2026-08-14T06:01:40.030Z Composer disappeared
2026-08-14T06:01:40.036Z [   14.589] surface.occlusion visible=false window=false hidden=false alpha=1.0
2026-08-14T06:01:40.036Z [   14.616] runtime.tick
2026-08-14T06:01:40.132Z App feature event (Surface: 259644379, Operation: terminalViewportClearSucceeded)
2026-08-14T06:01:40.187Z App feature event (Surface: 259644379, Operation: terminalThemeChanged)
2026-08-14T06:01:47.610Z App feature event (Operation: pairedMacStoreOpened)
2026-08-14T06:01:47.633Z App feature event (Operation: appBecameInactive)
2026-08-14T06:01:47.633Z App lifecycle changed (Phase: Inactive)
2026-08-14T06:01:48.704Z App feature event (Surface: 724858956, Operation: surfaceFocused)
2026-08-14T06:01:48.773Z Composer activation changed (Composer active: Yes, First responder: None, Keyboard height: 0 points, Terminal input focused: No)
2026-08-14T06:01:48.827Z Composer appeared
2026-08-14T06:01:48.854Z [   23.381] composer.toggle active=true keyboardHeight=0 occInBounds=0 barHidden=false barY=0 barH=36 boundsH=700
2026-08-14T06:01:48.854Z App feature event (Operation: pairedMacStoreOpened)
2026-08-14T06:01:48.863Z App feature event (Surface: 576666603, Operation: chatSessionListLoadStarted)
2026-08-14T06:01:48.863Z App feature event (Surface: 298194608, Operation: browserListRefreshStarted)
2026-08-14T06:01:48.863Z App feature event (Surface: 576666603, Operation: workspaceOpenStarted)
2026-08-14T06:01:48.863Z App feature event (Surface: 2600813340, Operation: computerSelected)
2026-08-14T06:01:48.863Z App feature event (Surface: 2600813340, Operation: computerSwitchStarted)
2026-08-14T06:01:48.865Z [   23.392] surface.layout bounds=402x700 window=false
2026-08-14T06:01:48.865Z App feature event (Surface: 1670764774, Operation: chatEventStreamStarted)
2026-08-14T06:01:48.865Z App feature event (Surface: 1670764774, Operation: chatHistoryLoadStarted)
2026-08-14T06:01:48.879Z App feature event (Operation: appForegrounded)
2026-08-14T06:01:48.879Z App lifecycle changed (Phase: Active)
2026-08-14T06:01:48.880Z App feature event (Operation: authRevalidationStarted)
2026-08-14T06:01:48.889Z [   23.392] surface.occlusion visible=false window=false hidden=false alpha=1.0
2026-08-14T06:01:48.889Z [   23.407] changes.hint eval ws=167FAC98 capable=true files=-1 dismissed=false shown=false
2026-08-14T06:01:48.890Z [   23.416] surface.didMoveToWindow window=true
2026-08-14T06:01:48.890Z App feature event (Surface: 2600813340, Operation: capabilitySnapshotReceived, Count: 0)
2026-08-14T06:01:48.890Z App feature event (Surface: 2600813340, Operation: capabilitySnapshotReceived, Count: 48)
2026-08-14T06:01:48.890Z App feature event (Surface: 2600813340, Operation: computerSwitchSucceeded, Duration: 27 ms)
2026-08-14T06:01:48.890Z App feature event (Surface: 576666603, Operation: workspaceOpenSucceeded, Duration: 27 ms, Count: 1)
2026-08-14T06:01:48.906Z [   23.416] surface.occlusion visible=true window=true hidden=false alpha=1.0
2026-08-14T06:01:48.906Z App feature event (Surface: 2600813340, Operation: notificationFeedLoadStarted)
2026-08-14T06:01:48.906Z App feature event (Surface: 576666603, Operation: chatSessionListLoadStarted)
2026-08-14T06:01:48.906Z App feature event (Surface: 576666603, Operation: chatSessionListLoadFailed, Failure: Cancelled, Duration: 43 ms)
2026-08-14T06:01:48.913Z [   23.437] surface.layout bounds=440x836 window=true
2026-08-14T06:01:48.914Z App feature event (Surface: 1670764774, Operation: chatEventStreamStarted)
2026-08-14T06:01:48.914Z App feature event (Surface: 1670764774, Operation: chatHistoryLoadStarted)
2026-08-14T06:01:48.914Z App feature event (Surface: 3645337289, Operation: pairedMacBackupRefreshStarted)
2026-08-14T06:01:48.914Z [   23.437] surface.occlusion visible=true window=true hidden=false alpha=1.0
2026-08-14T06:01:48.914Z App feature event (Surface: 3690340672, Operation: notificationFeedLoadStarted)
2026-08-14T06:01:48.914Z [   23.459] surface.layout bounds=440x836 window=true
2026-08-14T06:01:48.914Z [   23.460] surface.occlusion visible=true window=true hidden=false alpha=1.0
2026-08-14T06:01:48.914Z App feature event (Surface: 741838744, Operation: pairedMacRestoreStarted)
2026-08-14T06:01:48.914Z [   23.462] runtime.tick
2026-08-14T06:01:48.914Z [   23.462] scroll.bar total=17 offset=0 len=17
2026-08-14T06:01:48.914Z [   23.482] tick.alive win=true suspended=false renderInFlight=false needsDraw=true contents=false surf=0x0 sinceOutput=-1ms
2026-08-14T06:01:48.914Z [   23.496] surface.layout bounds=440x836 window=true
2026-08-14T06:01:48.914Z [   23.496] surface.occlusion visible=true window=true hidden=false alpha=1.0
2026-08-14T06:01:48.914Z [   23.498] geom container=440x714 scale=3.0 cellPx=18x35 natural=72x61 eff=nil pinned=nil renderRect=440x714@0
2026-08-14T06:01:48.914Z [   23.498] zoom.autofit.deferred kbAnim=0 pendingReport=0 awaitingEcho=0 reportGrid=72x61 lastReported=nil
2026-08-14T06:01:48.914Z [   23.498] runtime.tick
2026-08-14T06:01:48.914Z [   23.498] scroll.bar total=61 offset=0 len=61
2026-08-14T06:01:48.914Z [   23.498] runtime.tick
2026-08-14T06:01:48.914Z [   23.498] macupdate.hint caps=48 version=nil hint=nil
2026-08-14T06:01:48.914Z [   23.511] surface.layout bounds=440x836 window=true
2026-08-14T06:01:48.914Z [   23.511] surface.occlusion visible=true window=true hidden=false alpha=1.0
2026-08-14T06:01:48.914Z [   23.514] geom container=440x714 scale=3.0 cellPx=18x35 natural=72x61 eff=nil pinned=nil renderRect=440x714@0
2026-08-14T06:01:48.914Z [   23.514] zoom.autofit.deferred kbAnim=0 pendingReport=1 awaitingEcho=0 reportGrid=72x61 lastReported=72x61
2026-08-14T06:01:48.914Z [   23.514] runtime.tick
2026-08-14T06:01:48.914Z App feature event (Surface: 3628705415, Operation: pairedMacBackupWriteStarted)
2026-08-14T06:01:48.915Z [   23.524] geom container=440x714 scale=3.0 cellPx=18x35 natural=72x61 eff=nil pinned=nil renderRect=440x714@0
2026-08-14T06:01:48.916Z [   23.524] zoom.autofit.deferred kbAnim=0 pendingReport=1 awaitingEcho=0 reportGrid=72x61 lastReported=72x61
2026-08-14T06:01:48.925Z App feature event (Surface: 298194608, Operation: browserListRefreshFailed, Failure: Protocol violation, Duration: 62 ms)
2026-08-14T06:01:49.015Z App feature event (Surface: 724858956, Operation: terminalViewportChanged, Count: 4392)
2026-08-14T06:01:49.015Z App feature event (Surface: 724858956, Operation: terminalMounted)
2026-08-14T06:01:49.015Z App feature event (Surface: 724858956, Operation: terminalReplayStarted)
2026-08-14T06:01:49.016Z [   23.623] zoom.report grid=72x61 id=1
2026-08-14T06:01:49.016Z [   23.624] CMUX_REPLAY stale_request_failed surface=F78CA8FE-6177-4A0D-AA0A-77537A4F29E6
2026-08-14T06:01:49.059Z App feature event (Surface: 2600813340, Operation: pairedMacStoreWriteStarted)
2026-08-14T06:01:49.059Z App feature event (Surface: 1670764774, Operation: chatHistoryLoadFailed, Failure: Protocol violation)
2026-08-14T06:01:49.060Z App feature event (Surface: 3690340672, Operation: notificationFeedLoadSucceeded, Duration: 145 ms, Count: 0)
2026-08-14T06:01:49.060Z App feature event (Surface: 2600813340, Operation: notificationFeedLoadSucceeded, Duration: 153 ms, Count: 0)
2026-08-14T06:01:49.060Z [   23.667] macupdate.hint caps=48 version=0.64.22 hint=nil
2026-08-14T06:01:49.060Z App feature event (Surface: 298194608, Operation: browserListRefreshStarted)
2026-08-14T06:01:49.060Z App feature event (Surface: 1670764774, Operation: chatHistoryLoadStarted)
2026-08-14T06:01:49.073Z App feature event (Surface: 724858956, Operation: terminalArtifactListLoaded, Duration: 57 ms, Count: 0)
2026-08-14T06:01:49.123Z App feature event (Surface: 724858956, Operation: terminalReplayStarted)
2026-08-14T06:01:49.123Z App feature event (Surface: 724858956, Operation: terminalViewportReportSucceeded, Count: 4392)
2026-08-14T06:01:49.124Z App feature event (Surface: 298194608, Operation: browserListRefreshSucceeded, Duration: 63 ms, Count: 0)
2026-08-14T06:01:49.124Z [   23.727] surface.layout bounds=440x802 window=true
2026-08-14T06:01:49.124Z App feature event (Surface: 1670764774, Operation: chatHistoryLoadFailed, Failure: Protocol violation)
2026-08-14T06:01:49.126Z [   23.727] surface.occlusion visible=true window=true hidden=false alpha=1.0
2026-08-14T06:01:49.126Z App feature event (Surface: 1670764774, Operation: chatHistoryLoadStarted)
2026-08-14T06:01:49.126Z [   23.731] geom container=440x714 scale=3.0 cellPx=18x35 natural=72x61 eff=nil pinned=nil renderRect=440x714@0
2026-08-14T06:01:49.126Z [   23.731] zoom.autofit.deferred kbAnim=0 pendingReport=0 awaitingEcho=1 reportGrid=72x61 lastReported=72x61
2026-08-14T06:01:49.126Z [   23.731] terminal.output.viewport_resync surface=F78CA8FE-6177-4A0D-AA0A-77537A4F29E6 grid=72x61
2026-08-14T06:01:49.126Z [   23.732] runtime.tick
2026-08-14T06:01:49.126Z [   23.732] geom.deferShrink container=440x396 applied=440x714
2026-08-14T06:01:49.126Z [   23.734] surface.layout bounds=440x802 window=true
2026-08-14T06:01:49.126Z [   23.734] surface.occlusion visible=true window=true hidden=false alpha=1.0
2026-08-14T06:01:49.126Z [   23.734] geom container=440x396 scale=3.0 cellPx=18x35 natural=72x61 eff=nil pinned=nil renderRect=440x714@-284
2026-08-14T06:01:49.126Z [   23.734] zoom.autofit.deferred kbAnim=0 pendingReport=0 awaitingEcho=0 reportGrid=72x33 lastReported=72x61
2026-08-14T06:01:49.126Z [   23.734] runtime.tick
2026-08-14T06:01:49.140Z [   23.748] geom.deferShrink container=440x396 applied=440x714
2026-08-14T06:01:49.141Z [   23.749] geom container=440x396 scale=3.0 cellPx=18x35 natural=72x61 eff=nil pinned=nil renderRect=440x714@0
2026-08-14T06:01:49.141Z [   23.749] zoom.autofit.deferred kbAnim=0 pendingReport=1 awaitingEcho=0 reportGrid=72x33 lastReported=72x33
2026-08-14T06:01:49.156Z App feature event (Operation: changesSummaryLoadStarted, Count: 2)
2026-08-14T06:01:49.252Z App feature event (Surface: 724858956, Operation: terminalThemeChanged)
2026-08-14T06:01:49.252Z App feature event (Surface: 724858956, Operation: terminalAlternateScreenChanged, Count: 0)
2026-08-14T06:01:49.252Z App feature event (Surface: 724858956, Operation: terminalReplaySucceeded, Duration: 128 ms, Count: 37)
2026-08-14T06:01:49.255Z [   23.860] CMUX_REPLAY render_grid surface=F78CA8FE-6177-4A0D-AA0A-77537A4F29E6 spans=37 seq=13103
2026-08-14T06:01:49.255Z App feature event (Surface: 1670764774, Operation: chatHistoryLoadFailed, Failure: Protocol violation)
2026-08-14T06:01:49.256Z App feature event (Surface: 1670764774, Operation: chatHistoryLoadStarted)
2026-08-14T06:01:49.258Z [   23.865] zoom.report grid=72x33 id=2
2026-08-14T06:01:49.258Z App feature event (Surface: 724858956, Operation: terminalViewportChanged, Count: 2376)
2026-08-14T06:01:49.294Z [   23.902] verified_replay.freeze transaction=1 contents=true
2026-08-14T06:01:49.294Z [   23.902] zoom.applyViewSize eff=nil->72x61
2026-08-14T06:01:49.294Z [   23.902] geom.deferShrink container=440x396 applied=440x714
2026-08-14T06:01:49.294Z [   23.902] geom container=440x396 scale=3.0 cellPx=18x35 natural=72x61 eff=72x61 pinned=nil renderRect=440x714@0
2026-08-14T06:01:49.294Z [   23.902] zoom.autofit.deferred kbAnim=0 pendingReport=0 awaitingEcho=1 reportGrid=72x33 lastReported=72x33
2026-08-14T06:01:49.294Z [   23.902] runtime.tick
2026-08-14T06:01:49.294Z [   23.902] runtime.tick
2026-08-14T06:01:49.294Z [   23.902] runtime.tick
2026-08-14T06:01:49.294Z [   23.902] runtime.tick
2026-08-14T06:01:49.294Z [   23.902] runtime.tick
2026-08-14T06:01:49.294Z [   23.903] runtime.tick
2026-08-14T06:01:49.295Z [   23.903] surface.layers reason=processOutput host=CAMetalLayer bounds=(0.0, 0.0, 440.0, 802.0) frame=(0.0, 0.0, 440.0, 802.0) contentsScale=3.0 children=[0:CALayer bounds=(0.0, 0.0, 440.0, 396.0) frame=(0.0, 0.0, 440.0, 396.0) hidden=true contents=false scale=1.0 | 1:CALayer bounds=(0.0, 499650.0, 440.0, 802.0) frame=(0.0, 0.0, 440.0, 802.0) hidden=false contents=false scale=1.0 | 2:CALayer bounds=(0.0, 0.0, 440.0, 1.0) frame=(0.0, 0.0, 440.0, 1.0) hidden=false contents=false scale=1.0 | 3:CALayer bounds=(0.0, 0.0, 440.0, 802.0) frame=(0.0, 0.0, 440.0, 802.0) hidden=false contents=false scale=1.0] fallbackHidden=true fallbackChars=0
2026-08-14T06:01:49.309Z [   23.915] surface.layout bounds=440x802 window=true
2026-08-14T06:01:49.309Z [   23.915] surface.occlusion visible=true window=true hidden=false alpha=1.0
2026-08-14T06:01:49.309Z [   23.917] runtime.tick
2026-08-14T06:01:49.318Z App feature event (Surface: 724858956, Operation: terminalArtifactListLoaded, Duration: 59 ms, Count: 0)
2026-08-14T06:01:49.318Z App feature event (Surface: 724858956, Operation: terminalReplayStarted)
2026-08-14T06:01:49.318Z [   23.926] terminal.output.viewport_resync surface=F78CA8FE-6177-4A0D-AA0A-77537A4F29E6 grid=72x33
2026-08-14T06:01:49.318Z App feature event (Surface: 724858956, Operation: terminalViewportReportSucceeded, Count: 2376)
2026-08-14T06:01:49.318Z [   23.926] zoom.applyViewSize eff=72x61->72x33
2026-08-14T06:01:49.323Z App feature event (Surface: 1670764774, Operation: chatHistoryLoadFailed, Failure: Protocol violation)
2026-08-14T06:01:49.339Z App feature event (Surface: 1670764774, Operation: chatHistoryLoadStarted)
2026-08-14T06:01:49.339Z [   23.947] geom container=440x396 scale=3.0 cellPx=18x36 natural=72x33 eff=72x33 pinned=nil renderRect=440x396@0
2026-08-14T06:01:49.339Z [   23.947] zoom.autofit.deferred kbAnim=0 pendingReport=0 awaitingEcho=0 reportGrid=72x33 lastReported=72x33
2026-08-14T06:01:49.341Z [   23.949] surface.layout bounds=440x802 window=true
2026-08-14T06:01:49.341Z [   23.949] surface.occlusion visible=true window=true hidden=false alpha=1.0
2026-08-14T06:01:49.357Z [   23.966] geom container=440x396 scale=3.0 cellPx=18x36 natural=72x33 eff=72x33 pinned=nil renderRect=440x396@0
2026-08-14T06:01:49.358Z [   23.966] zoom.autofit.deferred kbAnim=0 pendingReport=1 awaitingEcho=0 reportGrid=72x33 lastReported=72x33
2026-08-14T06:01:49.364Z App feature event (Surface: 576666603, Operation: chatSessionListLoadSucceeded, Duration: 457 ms, Count: 1)
2026-08-14T06:01:49.394Z App feature event (Surface: 724858956, Operation: terminalArtifactListLoaded, Duration: 75 ms, Count: 0)
2026-08-14T06:01:49.394Z App feature event (Surface: 724858956, Operation: terminalReplaySucceeded, Duration: 76 ms, Count: 37)
2026-08-14T06:01:49.394Z [   24.002] CMUX_REPLAY render_grid surface=F78CA8FE-6177-4A0D-AA0A-77537A4F29E6 spans=37 seq=13103
2026-08-14T06:01:49.394Z [   24.002] runtime.tick
2026-08-14T06:01:49.394Z [   24.002] runtime.tick
2026-08-14T06:01:49.394Z [   24.002] runtime.tick
2026-08-14T06:01:49.394Z [   24.002] runtime.tick
2026-08-14T06:01:49.395Z [   24.002] runtime.tick
2026-08-14T06:01:49.395Z [   24.003] runtime.tick
2026-08-14T06:01:49.395Z [   24.003] scroll.bar total=33 offset=0 len=33
2026-08-14T06:01:49.400Z App feature event (Surface: 1670764774, Operation: chatHistoryLoadFailed, Failure: Protocol violation)
2026-08-14T06:01:49.400Z App feature event (Surface: 1670764774, Operation: chatHistoryLoadStarted)
2026-08-14T06:01:49.429Z [   24.037] verified_replay.reveal transaction=2
2026-08-14T06:01:49.429Z [   24.037] terminal.output.replay_barrier_cleared surface=F78CA8FE-6177-4A0D-AA0A-77537A4F29E6
2026-08-14T06:01:49.446Z [   24.054] surface.layout bounds=440x802 window=true
2026-08-14T06:01:49.446Z [   24.054] surface.occlusion visible=true window=true hidden=false alpha=1.0
2026-08-14T06:01:49.446Z [   24.054] runtime.tick
2026-08-14T06:01:49.450Z App feature event (Surface: 724858956, Operation: terminalArtifactListLoaded, Duration: 55 ms, Count: 0)
2026-08-14T06:01:49.462Z [   24.070] zoom.report grid=72x33 id=3
2026-08-14T06:01:49.462Z App feature event (Operation: changesSummaryLoadSucceeded, Duration: 306 ms, Count: 2)
2026-08-14T06:01:49.462Z App feature event (Surface: 1670764774, Operation: chatHistoryLoadFailed, Failure: Protocol violation)
2026-08-14T06:01:49.462Z [   24.070] geom container=440x396 scale=3.0 cellPx=18x36 natural=72x33 eff=72x33 pinned=nil renderRect=440x396@0
2026-08-14T06:01:49.462Z App feature event (Surface: 1670764774, Operation: chatHistoryLoadStarted)
2026-08-14T06:01:49.462Z [   24.070] zoom.autofit.deferred kbAnim=0 pendingReport=0 awaitingEcho=1 reportGrid=72x33 lastReported=72x33
2026-08-14T06:01:49.462Z [   24.070] changes.summary ok requested=2 summaries=2 chips=0 sample=- reqSample=167FAC98
2026-08-14T06:01:49.534Z [   24.139] surface.layout bounds=440x802 window=true
2026-08-14T06:01:49.534Z [   24.139] surface.occlusion visible=true window=true hidden=false alpha=1.0
2026-08-14T06:01:49.534Z [   24.142] runtime.tick
2026-08-14T06:01:49.546Z [   24.154] geom container=440x396 scale=3.0 cellPx=18x36 natural=72x33 eff=72x33 pinned=nil renderRect=440x396@0
2026-08-14T06:01:49.546Z [   24.154] zoom.autofit.deferred kbAnim=0 pendingReport=0 awaitingEcho=1 reportGrid=72x33 lastReported=72x33
2026-08-14T06:01:49.565Z App feature event (Surface: 724858956, Operation: terminalViewportReportSucceeded, Count: 2376)
2026-08-14T06:01:49.565Z App feature event (Surface: 724858956, Operation: terminalArtifactListLoaded, Duration: 114 ms, Count: 0)
2026-08-14T06:01:49.571Z App feature event (Surface: 1670764774, Operation: chatHistoryLoadFailed, Failure: Protocol violation)
2026-08-14T06:01:49.574Z App feature event (Surface: 1670764774, Operation: chatHistoryLoadStarted)
2026-08-14T06:01:49.581Z [   24.190] geom container=440x396 scale=3.0 cellPx=18x36 natural=72x33 eff=72x33 pinned=nil renderRect=440x396@0
2026-08-14T06:01:49.626Z App feature event (Surface: 724858956, Operation: terminalArtifactListLoaded, Duration: 55 ms, Count: 0)
2026-08-14T06:01:49.659Z App feature event (Surface: 1670764774, Operation: chatHistoryLoadFailed, Failure: Protocol violation)
2026-08-14T06:01:49.660Z App feature event (Surface: 1670764774, Operation: chatHistoryLoadStarted)
2026-08-14T06:01:49.761Z App feature event (Surface: 1670764774, Operation: chatHistoryLoadFailed, Failure: Protocol violation)
2026-08-14T06:01:49.761Z App feature event (Surface: 1670764774, Operation: chatHistoryLoadStarted)
2026-08-14T06:01:49.821Z App feature event (Surface: 1670764774, Operation: chatHistoryLoadFailed, Failure: Protocol violation)
2026-08-14T06:01:49.821Z App feature event (Surface: 1670764774, Operation: chatHistoryLoadStarted)
2026-08-14T06:01:49.833Z App feature event (Surface: 3628705415, Operation: pairedMacBackupWriteSucceeded)
2026-08-14T06:01:49.834Z App feature event (Surface: 3690340672, Operation: pairedMacBackupWriteStarted)
2026-08-14T06:01:49.865Z App feature event (Surface: 741838744, Operation: pairedMacRestoreSucceeded, Count: 0)
2026-08-14T06:01:49.865Z App feature event (Surface: 741838744, Operation: pairedMacBackupRefreshSucceeded, Count: 0)
2026-08-14T06:01:49.889Z App feature event (Surface: 1670764774, Operation: chatHistoryLoadFailed, Failure: Protocol violation)
2026-08-14T06:01:49.889Z App feature event (Surface: 1670764774, Operation: chatHistoryLoadStarted)
2026-08-14T06:01:49.897Z App feature event (Surface: 3690340672, Operation: pairedMacBackupWriteSucceeded)
2026-08-14T06:01:49.900Z App feature event (Surface: 3628705415, Operation: pairedMacBackupWriteStarted)
2026-08-14T06:01:49.955Z App feature event (Surface: 1670764774, Operation: chatHistoryLoadFailed, Failure: Protocol violation)
2026-08-14T06:01:49.955Z App feature event (Surface: 1670764774, Operation: chatHistoryLoadStarted)
2026-08-14T06:01:49.955Z App feature event (Surface: 3628705415, Operation: pairedMacBackupWriteSucceeded)
2026-08-14T06:01:49.957Z App feature event (Surface: 2600813340, Operation: pairedMacStoreWriteSucceeded, Duration: 897 ms)
2026-08-14T06:01:49.957Z App feature event (Surface: 2600813340, Operation: computerRoutesUpdated, Duration: 897 ms, Count: 1)
2026-08-14T06:01:49.958Z [   24.566] sync.transport=render_grid
2026-08-14T06:01:49.958Z App feature event (Surface: 2600813340, Operation: notificationFeedLoadStarted)
2026-08-14T06:01:50.002Z [   24.566] terminal.output.replay_barrier_cleared_workspace_not_found surface=33CE8C50-813F-4841-9EDE-EC9FAB3941D7
2026-08-14T06:01:50.031Z App feature event (Operation: authRevalidationSucceeded)
2026-08-14T06:01:50.085Z App feature event (Operation: terminalStreamSubscribed, Count: 16)
2026-08-14T06:01:50.085Z App feature event (Surface: 2600813340, Operation: workspaceStateSyncStarted)
2026-08-14T06:01:50.085Z [   24.693] sync.subscribe_ok topics=16 transport=renderGrid
2026-08-14T06:01:50.104Z App feature event (Surface: 2600813340, Operation: notificationFeedLoadSucceeded, Duration: 145 ms, Count: 0)
2026-08-14T06:01:50.108Z App feature event (Surface: 1670764774, Operation: chatHistoryLoadFailed, Failure: Protocol violation)
2026-08-14T06:01:50.108Z App feature event (Surface: 1670764774, Operation: chatHistoryLoadStarted)
2026-08-14T06:01:50.160Z App feature event (Surface: 2600813340, Operation: workspaceStateSyncSucceeded, Count: 1)
2026-08-14T06:01:50.160Z App feature event (Operation: notificationBadgeReconciled, Count: 0)
2026-08-14T06:01:50.160Z App feature event (Operation: notificationBadgeReconciled, Duration: 75 ms, Count: 0)
2026-08-14T06:01:50.198Z [   24.768] notif.reconcile delivered=0 handled=0 unread=0
2026-08-14T06:01:50.198Z App feature event (Surface: 1670764774, Operation: chatHistoryLoadFailed, Failure: Protocol violation)
2026-08-14T06:01:50.198Z App feature event (Surface: 1670764774, Operation: chatHistoryLoadStarted)
2026-08-14T06:01:50.336Z App feature event (Surface: 1670764774, Operation: chatHistoryLoadFailed, Failure: Protocol violation)
2026-08-14T06:01:50.343Z App feature event (Surface: 1670764774, Operation: chatHistoryLoadStarted)
2026-08-14T06:01:50.396Z [   25.004] runtime.tick
2026-08-14T06:01:50.415Z App feature event (Surface: 1670764774, Operation: chatHistoryLoadFailed, Failure: Protocol violation)
2026-08-14T06:01:50.421Z App feature event (Surface: 1670764774, Operation: chatHistoryLoadStarted)
2026-08-14T06:01:50.421Z App feature event (Operation: changesSummaryLoadStarted, Count: 1)
2026-08-14T06:01:50.421Z App feature event (Operation: changesSummaryLoadSucceeded, Duration: 0 ms, Count: 0)
2026-08-14T06:01:50.431Z App feature event (Surface: 724858956, Operation: terminalOutputReceived, Count: 6893)
2026-08-14T06:01:50.431Z App feature event (Surface: 724858956, Operation: terminalThemeChanged)
2026-08-14T06:01:50.466Z App feature event (Surface: 724858956, Operation: terminalReplayStarted)
2026-08-14T06:01:50.466Z [   25.074] verified_replay.freeze transaction=3 contents=true
2026-08-14T06:01:50.466Z [   25.074] terminal.output.reset surface=F78CA8FE-6177-4A0D-AA0A-77537A4F29E6
2026-08-14T06:01:50.481Z [   25.087] surface.layout bounds=440x802 window=true
2026-08-14T06:01:50.481Z [   25.087] surface.occlusion visible=true window=true hidden=false alpha=1.0
2026-08-14T06:01:50.481Z [   25.089] runtime.tick
2026-08-14T06:01:50.487Z App feature event (Surface: 1670764774, Operation: chatHistoryLoadFailed, Failure: Protocol violation)
2026-08-14T06:01:50.487Z App feature event (Surface: 1670764774, Operation: chatHistoryLoadStarted)
2026-08-14T06:01:50.495Z [   25.103] geom container=440x396 scale=3.0 cellPx=18x36 natural=72x33 eff=72x33 pinned=nil renderRect=440x396@0
2026-08-14T06:01:50.605Z App feature event (Surface: 724858956, Operation: terminalThemeChanged)
2026-08-14T06:01:50.606Z App feature event (Surface: 724858956, Operation: terminalReplaySucceeded, Duration: 139 ms, Count: 36)
2026-08-14T06:01:50.606Z [   25.213] CMUX_REPLAY render_grid surface=F78CA8FE-6177-4A0D-AA0A-77537A4F29E6 spans=36 seq=13151
2026-08-14T06:01:50.621Z App feature event (Surface: 1670764774, Operation: chatHistoryLoadFailed, Failure: Protocol violation)
2026-08-14T06:01:50.624Z App feature event (Surface: 1670764774, Operation: chatHistoryLoadStarted)
2026-08-14T06:01:50.624Z [   25.232] runtime.tick
2026-08-14T06:01:50.625Z [   25.232] runtime.tick
2026-08-14T06:01:50.625Z [   25.232] runtime.tick
2026-08-14T06:01:50.625Z [   25.232] runtime.tick
2026-08-14T06:01:50.625Z [   25.232] runtime.tick
2026-08-14T06:01:50.625Z [   25.232] surface.layers reason=processOutput host=CAMetalLayer bounds=(0.0, 0.0, 440.0, 802.0) frame=(0.0, 0.0, 440.0, 802.0) contentsScale=3.0 children=[0:CALayer bounds=(0.0, 0.0, 440.0, 396.0) frame=(0.0, 0.0, 440.0, 396.0) hidden=true contents=false scale=1.0 | 1:CALayer bounds=(0.0, 499650.0, 440.0, 802.0) frame=(0.0, 0.0, 440.0, 802.0) hidden=false contents=false scale=1.0 | 2:CALayer bounds=(0.0, 0.0, 440.0, 1.0) frame=(0.0, 0.0, 440.0, 1.0) hidden=false contents=false scale=1.0 | 3:CALayer bounds=(0.0, 0.0, 440.0, 802.0) frame=(0.0, 0.0, 440.0, 802.0) hidden=false contents=false scale=1.0] fallbackHidden=true fallbackChars=0
2026-08-14T06:01:50.662Z [   25.270] verified_replay.reveal transaction=4
2026-08-14T06:01:50.662Z [   25.271] terminal.output.replay_barrier_cleared surface=F78CA8FE-6177-4A0D-AA0A-77537A4F29E6
2026-08-14T06:01:50.679Z [   25.287] surface.layout bounds=440x802 window=true
2026-08-14T06:01:50.679Z [   25.287] surface.occlusion visible=true window=true hidden=false alpha=1.0
2026-08-14T06:01:50.679Z [   25.288] runtime.tick
2026-08-14T06:01:50.694Z App feature event (Surface: 1670764774, Operation: chatHistoryLoadFailed, Failure: Protocol violation)
2026-08-14T06:01:50.694Z App feature event (Surface: 1670764774, Operation: chatHistoryLoadStarted)
2026-08-14T06:01:50.695Z [   25.303] geom container=440x396 scale=3.0 cellPx=18x36 natural=72x33 eff=72x33 pinned=nil renderRect=440x396@0
2026-08-14T06:01:50.816Z App feature event (Surface: 1670764774, Operation: chatHistoryLoadFailed, Failure: Protocol violation)
2026-08-14T06:01:50.816Z App feature event (Surface: 1670764774, Operation: chatHistoryLoadStarted)
2026-08-14T06:01:50.825Z App feature event (Surface: 724858956, Operation: terminalArtifactListLoaded, Duration: 79 ms, Count: 0)
2026-08-14T06:01:50.878Z [   25.486] tick.alive win=true suspended=false renderInFlight=false needsDraw=false contents=true surf=440x396 sinceOutput=253ms
2026-08-14T06:01:50.881Z App feature event (Surface: 1670764774, Operation: chatHistoryLoadFailed, Failure: Protocol violation)
2026-08-14T06:01:50.881Z App feature event (Surface: 1670764774, Operation: chatHistoryLoadStarted)
2026-08-14T06:01:50.955Z App feature event (Surface: 1670764774, Operation: chatHistoryLoadFailed, Failure: Protocol violation)
2026-08-14T06:01:50.955Z App feature event (Surface: 1670764774, Operation: chatHistoryLoadStarted)
2026-08-14T06:01:51.134Z App feature event (Surface: 1670764774, Operation: chatHistoryLoadFailed, Failure: Protocol violation)
2026-08-14T06:01:51.135Z App feature event (Surface: 1670764774, Operation: chatHistoryLoadStarted)
2026-08-14T06:01:51.193Z App feature event (Surface: 1670764774, Operation: chatHistoryLoadFailed, Failure: Protocol violation)
2026-08-14T06:01:51.193Z App feature event (Surface: 1670764774, Operation: chatHistoryLoadStarted)
2026-08-14T06:01:51.337Z App feature event (Surface: 1670764774, Operation: chatHistoryLoadFailed, Failure: Protocol violation)
2026-08-14T06:01:51.337Z App feature event (Surface: 1670764774, Operation: chatHistoryLoadStarted)
2026-08-14T06:01:51.427Z App feature event (Surface: 1670764774, Operation: chatHistoryLoadFailed, Failure: Protocol violation)
2026-08-14T06:01:51.427Z App feature event (Surface: 1670764774, Operation: chatHistoryLoadStarted)
2026-08-14T06:01:51.500Z App feature event (Surface: 1670764774, Operation: chatHistoryLoadFailed, Failure: Protocol violation)
2026-08-14T06:01:51.500Z App feature event (Surface: 1670764774, Operation: chatHistoryLoadStarted)
2026-08-14T06:01:51.623Z [   26.231] runtime.tick
2026-08-14T06:01:51.649Z App feature event (Surface: 1670764774, Operation: chatHistoryLoadFailed, Failure: Protocol violation)
2026-08-14T06:01:51.650Z App feature event (Surface: 1670764774, Operation: chatHistoryLoadStarted)
2026-08-14T06:01:51.710Z App feature event (Surface: 1670764774, Operation: chatHistoryLoadFailed, Failure: Protocol violation)
2026-08-14T06:01:51.710Z App feature event (Surface: 1670764774, Operation: chatHistoryLoadStarted)
2026-08-14T06:01:51.772Z App feature event (Surface: 1670764774, Operation: chatHistoryLoadFailed, Failure: Protocol violation)
2026-08-14T06:01:51.772Z App feature event (Surface: 1670764774, Operation: chatHistoryLoadStarted)
2026-08-14T06:01:51.857Z App feature event (Surface: 1670764774, Operation: chatHistoryLoadFailed, Failure: Protocol violation)
2026-08-14T06:01:51.857Z App feature event (Surface: 1670764774, Operation: chatHistoryLoadStarted)
2026-08-14T06:01:51.925Z App feature event (Surface: 1670764774, Operation: chatHistoryLoadFailed, Failure: Protocol violation)
2026-08-14T06:01:51.925Z App feature event (Surface: 1670764774, Operation: chatHistoryLoadStarted)
2026-08-14T06:01:51.984Z App feature event (Surface: 1670764774, Operation: chatHistoryLoadFailed, Failure: Protocol violation)
2026-08-14T06:01:51.984Z App feature event (Surface: 1670764774, Operation: chatHistoryLoadStarted)
2026-08-14T06:01:52.048Z App feature event (Surface: 1670764774, Operation: chatHistoryLoadFailed, Failure: Protocol violation)
2026-08-14T06:01:52.048Z App feature event (Surface: 1670764774, Operation: chatHistoryLoadStarted)
2026-08-14T06:01:52.175Z App feature event (Surface: 1670764774, Operation: chatHistoryLoadFailed, Failure: Protocol violation)
2026-08-14T06:01:52.175Z App feature event (Surface: 1670764774, Operation: chatHistoryLoadStarted)
2026-08-14T06:01:52.245Z App feature event (Surface: 1670764774, Operation: chatHistoryLoadFailed, Failure: Protocol violation)
2026-08-14T06:01:52.245Z App feature event (Surface: 1670764774, Operation: chatHistoryLoadStarted)
2026-08-14T06:01:52.372Z App feature event (Surface: 1670764774, Operation: chatHistoryLoadFailed, Failure: Protocol violation)
2026-08-14T06:01:52.372Z App feature event (Surface: 1670764774, Operation: chatHistoryLoadStarted)
2026-08-14T06:01:52.443Z App feature event (Surface: 1670764774, Operation: chatHistoryLoadFailed, Failure: Protocol violation)
2026-08-14T06:01:52.444Z App feature event (Surface: 1670764774, Operation: chatHistoryLoadStarted)
2026-08-14T06:01:52.511Z App feature event (Surface: 1670764774, Operation: chatHistoryLoadFailed, Failure: Protocol violation)
2026-08-14T06:01:52.512Z App feature event (Surface: 1670764774, Operation: chatHistoryLoadStarted)
2026-08-14T06:01:52.575Z App feature event (Surface: 1670764774, Operation: chatHistoryLoadFailed, Failure: Protocol violation)
2026-08-14T06:01:52.575Z App feature event (Surface: 1670764774, Operation: chatHistoryLoadStarted)
2026-08-14T06:01:52.895Z [   27.503] tick.alive win=true suspended=false renderInFlight=false needsDraw=false contents=true surf=440x396 sinceOutput=2270ms
2026-08-14T06:01:52.940Z App feature event (Surface: 1670764774, Operation: chatHistoryLoadFailed, Failure: Protocol violation)
2026-08-14T06:01:52.940Z App feature event (Surface: 1670764774, Operation: chatHistoryLoadStarted)
2026-08-14T06:01:53.032Z App feature event (Surface: 1670764774, Operation: chatHistoryLoadFailed, Failure: Protocol violation)
2026-08-14T06:01:53.032Z App feature event (Surface: 1670764774, Operation: chatHistoryLoadStarted)
2026-08-14T06:01:53.101Z App feature event (Surface: 1670764774, Operation: chatHistoryLoadFailed, Failure: Protocol violation)
2026-08-14T06:01:53.102Z App feature event (Surface: 1670764774, Operation: chatHistoryLoadStarted)
2026-08-14T06:01:53.291Z App feature event (Surface: 1670764774, Operation: chatHistoryLoadFailed, Failure: Protocol violation)
2026-08-14T06:01:53.291Z App feature event (Surface: 1670764774, Operation: chatHistoryLoadStarted)
2026-08-14T06:01:53.350Z App feature event (Surface: 1670764774, Operation: chatHistoryLoadFailed, Failure: Protocol violation)
2026-08-14T06:01:53.350Z App feature event (Surface: 1670764774, Operation: chatHistoryLoadStarted)
2026-08-14T06:01:53.431Z App feature event (Surface: 1670764774, Operation: chatHistoryLoadFailed, Failure: Protocol violation)
2026-08-14T06:01:53.431Z App feature event (Surface: 1670764774, Operation: chatHistoryLoadStarted)
2026-08-14T06:01:53.493Z App feature event (Surface: 1670764774, Operation: chatHistoryLoadFailed, Failure: Protocol violation)
2026-08-14T06:01:53.493Z App feature event (Surface: 1670764774, Operation: chatHistoryLoadStarted)
2026-08-14T06:01:53.562Z App feature event (Surface: 1670764774, Operation: chatHistoryLoadFailed, Failure: Protocol violation)
2026-08-14T06:01:53.562Z App feature event (Surface: 1670764774, Operation: chatHistoryLoadStarted)
2026-08-14T06:01:53.626Z App feature event (Surface: 1670764774, Operation: chatHistoryLoadFailed, Failure: Protocol violation)
2026-08-14T06:01:53.626Z App feature event (Surface: 1670764774, Operation: chatHistoryLoadStarted)
2026-08-14T06:01:53.789Z App feature event (Surface: 1670764774, Operation: chatHistoryLoadFailed, Failure: Protocol violation)
2026-08-14T06:01:53.789Z App feature event (Surface: 1670764774, Operation: chatHistoryLoadStarted)
2026-08-14T06:01:53.955Z App feature event (Surface: 1670764774, Operation: chatHistoryLoadFailed, Failure: Protocol violation)
2026-08-14T06:01:53.955Z App feature event (Surface: 1670764774, Operation: chatHistoryLoadStarted)
2026-08-14T06:01:54.073Z App feature event (Surface: 1670764774, Operation: chatHistoryLoadFailed, Failure: Protocol violation)
2026-08-14T06:01:54.073Z App feature event (Surface: 1670764774, Operation: chatHistoryLoadStarted)
2026-08-14T06:01:54.136Z App feature event (Surface: 1670764774, Operation: chatHistoryLoadFailed, Failure: Protocol violation)
2026-08-14T06:01:54.136Z App feature event (Surface: 1670764774, Operation: chatHistoryLoadStarted)
2026-08-14T06:01:54.271Z App feature event (Surface: 1670764774, Operation: chatHistoryLoadFailed, Failure: Protocol violation)
2026-08-14T06:01:54.271Z App feature event (Surface: 1670764774, Operation: chatHistoryLoadStarted)
2026-08-14T06:01:54.340Z App feature event (Surface: 1670764774, Operation: chatHistoryLoadFailed, Failure: Protocol violation)
2026-08-14T06:01:54.340Z App feature event (Surface: 1670764774, Operation: chatHistoryLoadStarted)
2026-08-14T06:01:54.474Z App feature event (Surface: 1670764774, Operation: chatHistoryLoadFailed, Failure: Protocol violation)
2026-08-14T06:01:54.474Z App feature event (Surface: 1670764774, Operation: chatHistoryLoadStarted)
2026-08-14T06:01:54.544Z App feature event (Surface: 1670764774, Operation: chatHistoryLoadFailed, Failure: Protocol violation)
2026-08-14T06:01:54.544Z App feature event (Surface: 1670764774, Operation: chatHistoryLoadStarted)
2026-08-14T06:01:54.608Z App feature event (Surface: 1670764774, Operation: chatHistoryLoadFailed, Failure: Protocol violation)
2026-08-14T06:01:54.608Z App feature event (Surface: 1670764774, Operation: chatHistoryLoadStarted)
2026-08-14T06:01:54.670Z App feature event (Surface: 1670764774, Operation: chatHistoryLoadFailed, Failure: Protocol violation)
2026-08-14T06:01:54.670Z App feature event (Surface: 1670764774, Operation: chatHistoryLoadStarted)
2026-08-14T06:01:54.799Z App feature event (Surface: 1670764774, Operation: chatHistoryLoadFailed, Failure: Protocol violation)
2026-08-14T06:01:54.799Z App feature event (Surface: 1670764774, Operation: chatHistoryLoadStarted)
2026-08-14T06:01:54.858Z App feature event (Surface: 1670764774, Operation: chatHistoryLoadFailed, Failure: Protocol violation)
2026-08-14T06:01:54.858Z App feature event (Surface: 1670764774, Operation: chatHistoryLoadStarted)
2026-08-14T06:01:54.895Z [   29.503] tick.alive win=true suspended=false renderInFlight=false needsDraw=false contents=true surf=440x396 sinceOutput=4270ms
2026-08-14T06:01:55.008Z App feature event (Surface: 1670764774, Operation: chatHistoryLoadFailed, Failure: Protocol violation)
2026-08-14T06:01:55.008Z App feature event (Surface: 1670764774, Operation: chatHistoryLoadStarted)
2026-08-14T06:01:55.067Z App feature event (Surface: 1670764774, Operation: chatHistoryLoadFailed, Failure: Protocol violation)
2026-08-14T06:01:55.067Z App feature event (Surface: 1670764774, Operation: chatHistoryLoadStarted)
2026-08-14T06:01:55.132Z App feature event (Surface: 1670764774, Operation: chatHistoryLoadFailed, Failure: Protocol violation)
2026-08-14T06:01:55.132Z App feature event (Surface: 1670764774, Operation: chatHistoryLoadStarted)
2026-08-14T06:01:55.203Z App feature event (Surface: 1670764774, Operation: chatHistoryLoadFailed, Failure: Protocol violation)
2026-08-14T06:01:55.203Z App feature event (Surface: 1670764774, Operation: chatHistoryLoadStarted)
2026-08-14T06:01:55.324Z App feature event (Surface: 1670764774, Operation: chatHistoryLoadFailed, Failure: Protocol violation)
2026-08-14T06:01:55.324Z App feature event (Surface: 1670764774, Operation: chatHistoryLoadStarted)
2026-08-14T06:01:55.387Z App feature event (Surface: 1670764774, Operation: chatHistoryLoadFailed, Failure: Protocol violation)
2026-08-14T06:01:55.387Z App feature event (Surface: 1670764774, Operation: chatHistoryLoadStarted)
2026-08-14T06:01:55.527Z App feature event (Surface: 1670764774, Operation: chatHistoryLoadFailed, Failure: Protocol violation)
2026-08-14T06:01:55.527Z App feature event (Surface: 1670764774, Operation: chatHistoryLoadStarted)
2026-08-14T06:01:55.616Z App feature event (Surface: 1670764774, Operation: chatHistoryLoadFailed, Failure: Protocol violation)
2026-08-14T06:01:55.616Z App feature event (Surface: 1670764774, Operation: chatHistoryLoadStarted)
2026-08-14T06:01:55.682Z App feature event (Surface: 1670764774, Operation: chatHistoryLoadFailed, Failure: Protocol violation)
2026-08-14T06:01:55.683Z App feature event (Surface: 1670764774, Operation: chatHistoryLoadStarted)
2026-08-14T06:01:55.745Z App feature event (Surface: 1670764774, Operation: chatHistoryLoadFailed, Failure: Protocol violation)
2026-08-14T06:01:55.746Z App feature event (Surface: 1670764774, Operation: chatHistoryLoadStarted)
2026-08-14T06:01:55.854Z App feature event (Surface: 1670764774, Operation: chatHistoryLoadFailed, Failure: Protocol violation)
2026-08-14T06:01:55.854Z App feature event (Surface: 1670764774, Operation: chatHistoryLoadStarted)
2026-08-14T06:01:55.925Z App feature event (Surface: 1670764774, Operation: chatHistoryLoadFailed, Failure: Protocol violation)
2026-08-14T06:01:55.925Z App feature event (Surface: 1670764774, Operation: chatHistoryLoadStarted)
2026-08-14T06:01:56.068Z App feature event (Surface: 1670764774, Operation: chatHistoryLoadFailed, Failure: Protocol violation)
2026-08-14T06:01:56.068Z App feature event (Surface: 1670764774, Operation: chatHistoryLoadStarted)
2026-08-14T06:01:56.134Z App feature event (Surface: 1670764774, Operation: chatHistoryLoadFailed, Failure: Protocol violation)
2026-08-14T06:01:56.135Z App feature event (Surface: 1670764774, Operation: chatHistoryLoadStarted)
2026-08-14T06:01:56.196Z App feature event (Surface: 1670764774, Operation: chatHistoryLoadFailed, Failure: Protocol violation)
2026-08-14T06:01:56.196Z App feature event (Surface: 1670764774, Operation: chatHistoryLoadStarted)
2026-08-14T06:01:56.262Z App feature event (Surface: 1670764774, Operation: chatHistoryLoadFailed, Failure: Protocol violation)
2026-08-14T06:01:56.262Z App feature event (Surface: 1670764774, Operation: chatHistoryLoadStarted)
2026-08-14T06:01:56.377Z App feature event (Surface: 1670764774, Operation: chatHistoryLoadFailed, Failure: Protocol violation)
2026-08-14T06:01:56.377Z App feature event (Surface: 1670764774, Operation: chatHistoryLoadStarted)
2026-08-14T06:01:56.459Z App feature event (Surface: 1670764774, Operation: chatHistoryLoadFailed, Failure: Protocol violation)
2026-08-14T06:01:56.460Z App feature event (Surface: 1670764774, Operation: chatHistoryLoadStarted)
2026-08-14T06:01:56.571Z App feature event (Surface: 1670764774, Operation: chatHistoryLoadFailed, Failure: Protocol violation)
2026-08-14T06:01:56.571Z App feature event (Surface: 1670764774, Operation: chatHistoryLoadStarted)
2026-08-14T06:01:56.691Z App feature event (Surface: 1670764774, Operation: chatHistoryLoadFailed, Failure: Protocol violation)
2026-08-14T06:01:56.691Z App feature event (Surface: 1670764774, Operation: chatHistoryLoadStarted)
2026-08-14T06:01:56.751Z App feature event (Surface: 1670764774, Operation: chatHistoryLoadFailed, Failure: Protocol violation)
2026-08-14T06:01:56.751Z App feature event (Surface: 1670764774, Operation: chatHistoryLoadStarted)
2026-08-14T06:01:56.814Z App feature event (Surface: 1670764774, Operation: chatHistoryLoadFailed, Failure: Protocol violation)
2026-08-14T06:01:56.814Z App feature event (Surface: 1670764774, Operation: chatHistoryLoadStarted)
2026-08-14T06:01:56.896Z [   31.503] tick.alive win=true suspended=false renderInFlight=false needsDraw=false contents=true surf=440x396 sinceOutput=6270ms
2026-08-14T06:01:56.901Z App feature event (Surface: 1670764774, Operation: chatHistoryLoadFailed, Failure: Protocol violation)
2026-08-14T06:01:56.901Z App feature event (Surface: 1670764774, Operation: chatHistoryLoadStarted)
2026-08-14T06:01:56.964Z App feature event (Surface: 1670764774, Operation: chatHistoryLoadFailed, Failure: Protocol violation)
2026-08-14T06:01:56.964Z App feature event (Surface: 1670764774, Operation: chatHistoryLoadStarted)
2026-08-14T06:01:57.093Z App feature event (Surface: 1670764774, Operation: chatHistoryLoadFailed, Failure: Protocol violation)
2026-08-14T06:01:57.094Z App feature event (Surface: 1670764774, Operation: chatHistoryLoadStarted)
2026-08-14T06:01:57.152Z App feature event (Surface: 1670764774, Operation: chatHistoryLoadFailed, Failure: Protocol violation)
2026-08-14T06:01:57.152Z App feature event (Surface: 1670764774, Operation: chatHistoryLoadStarted)
2026-08-14T06:01:57.236Z App feature event (Surface: 1670764774, Operation: chatHistoryLoadFailed, Failure: Protocol violation)
2026-08-14T06:01:57.237Z App feature event (Surface: 1670764774, Operation: chatHistoryLoadStarted)
2026-08-14T06:01:57.294Z App feature event (Surface: 1670764774, Operation: chatHistoryLoadFailed, Failure: Protocol violation)
2026-08-14T06:01:57.294Z App feature event (Surface: 1670764774, Operation: chatHistoryLoadStarted)
2026-08-14T06:01:57.425Z App feature event (Surface: 1670764774, Operation: chatHistoryLoadFailed, Failure: Protocol violation)
2026-08-14T06:01:57.426Z App feature event (Surface: 1670764774, Operation: chatHistoryLoadStarted)
2026-08-14T06:01:57.490Z App feature event (Surface: 1670764774, Operation: chatHistoryLoadFailed, Failure: Protocol violation)
2026-08-14T06:01:57.490Z App feature event (Surface: 1670764774, Operation: chatHistoryLoadStarted)
2026-08-14T06:01:57.622Z App feature event (Surface: 1670764774, Operation: chatHistoryLoadFailed, Failure: Protocol violation)
2026-08-14T06:01:57.623Z App feature event (Surface: 1670764774, Operation: chatHistoryLoadStarted)
2026-08-14T06:01:57.690Z App feature event (Surface: 1670764774, Operation: chatHistoryLoadFailed, Failure: Protocol violation)
2026-08-14T06:01:57.690Z App feature event (Surface: 1670764774, Operation: chatHistoryLoadStarted)
2026-08-14T06:01:57.757Z App feature event (Surface: 1670764774, Operation: chatHistoryLoadFailed, Failure: Protocol violation)
2026-08-14T06:01:57.757Z App feature event (Surface: 1670764774, Operation: chatHistoryLoadStarted)
2026-08-14T06:01:57.826Z App feature event (Surface: 1670764774, Operation: chatHistoryLoadFailed, Failure: Protocol violation)
2026-08-14T06:01:57.826Z App feature event (Surface: 1670764774, Operation: chatHistoryLoadStarted)
2026-08-14T06:01:57.964Z App feature event (Surface: 1670764774, Operation: chatHistoryLoadFailed, Failure: Protocol violation)
2026-08-14T06:01:57.964Z App feature event (Surface: 1670764774, Operation: chatHistoryLoadStarted)
2026-08-14T06:01:58.048Z App feature event (Surface: 1670764774, Operation: chatHistoryLoadFailed, Failure: Protocol violation)
2026-08-14T06:01:58.048Z App feature event (Surface: 1670764774, Operation: chatHistoryLoadStarted)
2026-08-14T06:01:58.181Z App feature event (Surface: 1670764774, Operation: chatHistoryLoadFailed, Failure: Protocol violation)
2026-08-14T06:01:58.181Z App feature event (Surface: 1670764774, Operation: chatHistoryLoadStarted)
2026-08-14T06:01:58.245Z App feature event (Surface: 1670764774, Operation: chatHistoryLoadFailed, Failure: Protocol violation)
2026-08-14T06:01:58.246Z App feature event (Surface: 1670764774, Operation: chatHistoryLoadStarted)
2026-08-14T06:01:58.309Z App feature event (Surface: 1670764774, Operation: chatHistoryLoadFailed, Failure: Protocol violation)
2026-08-14T06:01:58.309Z App feature event (Surface: 1670764774, Operation: chatHistoryLoadStarted)
2026-08-14T06:01:58.367Z App feature event (Surface: 1670764774, Operation: chatHistoryLoadFailed, Failure: Protocol violation)
2026-08-14T06:01:58.367Z App feature event (Surface: 1670764774, Operation: chatHistoryLoadStarted)
2026-08-14T06:01:58.476Z App feature event (Surface: 1670764774, Operation: chatHistoryLoadFailed, Failure: Protocol violation)
2026-08-14T06:01:58.476Z App feature event (Surface: 1670764774, Operation: chatHistoryLoadStarted)
2026-08-14T06:01:58.537Z App feature event (Surface: 1670764774, Operation: chatHistoryLoadFailed, Failure: Protocol violation)
2026-08-14T06:01:58.537Z App feature event (Surface: 1670764774, Operation: chatHistoryLoadStarted)
2026-08-14T06:01:58.666Z App feature event (Surface: 1670764774, Operation: chatHistoryLoadFailed, Failure: Protocol violation)
2026-08-14T06:01:58.666Z App feature event (Surface: 1670764774, Operation: chatHistoryLoadStarted)
2026-08-14T06:01:58.735Z App feature event (Surface: 1670764774, Operation: chatHistoryLoadFailed, Failure: Protocol violation)
2026-08-14T06:01:58.736Z App feature event (Surface: 1670764774, Operation: chatHistoryLoadStarted)
2026-08-14T06:01:58.797Z App feature event (Surface: 1670764774, Operation: chatHistoryLoadFailed, Failure: Protocol violation)
2026-08-14T06:01:58.797Z App feature event (Surface: 1670764774, Operation: chatHistoryLoadStarted)
2026-08-14T06:01:58.880Z App feature event (Surface: 1670764774, Operation: chatHistoryLoadFailed, Failure: Protocol violation)
2026-08-14T06:01:58.880Z App feature event (Surface: 1670764774, Operation: chatHistoryLoadStarted)
2026-08-14T06:01:58.896Z [   33.504] tick.alive win=true suspended=false renderInFlight=false needsDraw=false contents=true surf=440x396 sinceOutput=8271ms
2026-08-14T06:01:59.048Z App feature event (Surface: 1670764774, Operation: chatHistoryLoadFailed, Failure: Protocol violation)
2026-08-14T06:01:59.048Z App feature event (Surface: 1670764774, Operation: chatHistoryLoadStarted)
2026-08-14T06:01:59.113Z App feature event (Surface: 1670764774, Operation: chatHistoryLoadFailed, Failure: Protocol violation)
2026-08-14T06:01:59.113Z App feature event (Surface: 1670764774, Operation: chatHistoryLoadStarted)
2026-08-14T06:01:59.205Z App feature event (Surface: 1670764774, Operation: chatHistoryLoadFailed, Failure: Protocol violation)
2026-08-14T06:01:59.205Z App feature event (Surface: 1670764774, Operation: chatHistoryLoadStarted)
2026-08-14T06:01:59.266Z App feature event (Surface: 1670764774, Operation: chatHistoryLoadFailed, Failure: Protocol violation)
2026-08-14T06:01:59.266Z App feature event (Surface: 1670764774, Operation: chatHistoryLoadStarted)
2026-08-14T06:01:59.334Z App feature event (Surface: 1670764774, Operation: chatHistoryLoadFailed, Failure: Protocol violation)
2026-08-14T06:01:59.334Z App feature event (Surface: 1670764774, Operation: chatHistoryLoadStarted)
2026-08-14T06:01:59.397Z App feature event (Surface: 1670764774, Operation: chatHistoryLoadFailed, Failure: Protocol violation)
2026-08-14T06:01:59.397Z App feature event (Surface: 1670764774, Operation: chatHistoryLoadStarted)
2026-08-14T06:01:59.528Z App feature event (Surface: 1670764774, Operation: chatHistoryLoadFailed, Failure: Protocol violation)
2026-08-14T06:01:59.528Z App feature event (Surface: 1670764774, Operation: chatHistoryLoadStarted)
2026-08-14T06:01:59.594Z App feature event (Surface: 1670764774, Operation: chatHistoryLoadFailed, Failure: Protocol violation)
2026-08-14T06:01:59.594Z App feature event (Surface: 1670764774, Operation: chatHistoryLoadStarted)
2026-08-14T06:01:59.733Z App feature event (Surface: 1670764774, Operation: chatHistoryLoadFailed, Failure: Protocol violation)
2026-08-14T06:01:59.733Z App feature event (Surface: 1670764774, Operation: chatHistoryLoadStarted)
2026-08-14T06:01:59.793Z App feature event (Surface: 1670764774, Operation: chatHistoryLoadFailed, Failure: Protocol violation)
2026-08-14T06:01:59.793Z App feature event (Surface: 1670764774, Operation: chatHistoryLoadStarted)
2026-08-14T06:01:59.862Z App feature event (Surface: 1670764774, Operation: chatHistoryLoadFailed, Failure: Protocol violation)
2026-08-14T06:01:59.862Z App feature event (Surface: 1670764774, Operation: chatHistoryLoadStarted)
2026-08-14T06:01:59.932Z App feature event (Surface: 1670764774, Operation: chatHistoryLoadFailed, Failure: Protocol violation)
2026-08-14T06:01:59.932Z App feature event (Surface: 1670764774, Operation: chatHistoryLoadStarted)
2026-08-14T06:02:00.045Z App feature event (Surface: 1670764774, Operation: chatHistoryLoadFailed, Failure: Protocol violation)
2026-08-14T06:02:00.045Z App feature event (Surface: 1670764774, Operation: chatHistoryLoadStarted)
2026-08-14T06:02:00.107Z App feature event (Surface: 1670764774, Operation: chatHistoryLoadFailed, Failure: Protocol violation)
2026-08-14T06:02:00.107Z App feature event (Surface: 1670764774, Operation: chatHistoryLoadStarted)
2026-08-14T06:02:00.243Z App feature event (Surface: 1670764774, Operation: chatHistoryLoadFailed, Failure: Protocol violation)
2026-08-14T06:02:00.243Z App feature event (Surface: 1670764774, Operation: chatHistoryLoadStarted)
2026-08-14T06:02:00.311Z App feature event (Surface: 1670764774, Operation: chatHistoryLoadFailed, Failure: Protocol violation)
2026-08-14T06:02:00.311Z App feature event (Surface: 1670764774, Operation: chatHistoryLoadStarted)
2026-08-14T06:02:00.376Z App feature event (Surface: 1670764774, Operation: chatHistoryLoadFailed, Failure: Protocol violation)
2026-08-14T06:02:00.376Z App feature event (Surface: 1670764774, Operation: chatHistoryLoadStarted)
2026-08-14T06:02:00.439Z App feature event (Surface: 1670764774, Operation: chatHistoryLoadFailed, Failure: Protocol violation)
2026-08-14T06:02:00.439Z App feature event (Surface: 1670764774, Operation: chatHistoryLoadStarted)
2026-08-14T06:02:00.633Z App feature event (Surface: 1670764774, Operation: chatHistoryLoadFailed, Failure: Protocol violation)
2026-08-14T06:02:00.633Z App feature event (Surface: 1670764774, Operation: chatHistoryLoadStarted)
2026-08-14T06:02:00.796Z App feature event (Surface: 1670764774, Operation: chatHistoryLoadFailed, Failure: Protocol violation)
2026-08-14T06:02:00.796Z App feature event (Surface: 1670764774, Operation: chatHistoryLoadStarted)
2026-08-14T06:02:00.896Z [   35.504] tick.alive win=true suspended=false renderInFlight=false needsDraw=false contents=true surf=440x396 sinceOutput=10271ms
2026-08-14T06:02:00.958Z App feature event (Surface: 1670764774, Operation: chatHistoryLoadFailed, Failure: Protocol violation)
2026-08-14T06:02:00.958Z App feature event (Surface: 1670764774, Operation: chatHistoryLoadStarted)
2026-08-14T06:02:01.091Z App feature event (Surface: 1670764774, Operation: chatHistoryLoadFailed, Failure: Protocol violation)
2026-08-14T06:02:01.091Z App feature event (Surface: 1670764774, Operation: chatHistoryLoadStarted)
2026-08-14T06:02:01.157Z App feature event (Surface: 1670764774, Operation: chatHistoryLoadFailed, Failure: Protocol violation)
2026-08-14T06:02:01.157Z App feature event (Surface: 1670764774, Operation: chatHistoryLoadStarted)
2026-08-14T06:02:01.297Z App feature event (Surface: 1670764774, Operation: chatHistoryLoadFailed, Failure: Protocol violation)
2026-08-14T06:02:01.297Z App feature event (Surface: 1670764774, Operation: chatHistoryLoadStarted)
2026-08-14T06:02:01.361Z App feature event (Surface: 1670764774, Operation: chatHistoryLoadFailed, Failure: Protocol violation)
2026-08-14T06:02:01.361Z App feature event (Surface: 1670764774, Operation: chatHistoryLoadStarted)
2026-08-14T06:02:01.428Z App feature event (Surface: 1670764774, Operation: chatHistoryLoadFailed, Failure: Protocol violation)
2026-08-14T06:02:01.428Z App feature event (Surface: 1670764774, Operation: chatHistoryLoadStarted)
2026-08-14T06:02:01.491Z App feature event (Surface: 1670764774, Operation: chatHistoryLoadFailed, Failure: Protocol violation)
2026-08-14T06:02:01.491Z App feature event (Surface: 1670764774, Operation: chatHistoryLoadStarted)
2026-08-14T06:02:01.498Z [   36.106] sync.liveness probe_ok silentMs=11008
2026-08-14T06:02:01.651Z App feature event (Surface: 1670764774, Operation: chatHistoryLoadFailed, Failure: Protocol violation)
2026-08-14T06:02:01.651Z App feature event (Surface: 1670764774, Operation: chatHistoryLoadStarted)
2026-08-14T06:02:01.820Z App feature event (Surface: 1670764774, Operation: chatHistoryLoadFailed, Failure: Protocol violation)
2026-08-14T06:02:01.820Z App feature event (Surface: 1670764774, Operation: chatHistoryLoadStarted)
2026-08-14T06:02:01.950Z App feature event (Surface: 1670764774, Operation: chatHistoryLoadFailed, Failure: Protocol violation)
2026-08-14T06:02:01.950Z App feature event (Surface: 1670764774, Operation: chatHistoryLoadStarted)
2026-08-14T06:02:02.142Z App feature event (Surface: 1670764774, Operation: chatHistoryLoadFailed, Failure: Protocol violation)
2026-08-14T06:02:02.142Z App feature event (Surface: 1670764774, Operation: chatHistoryLoadStarted)
2026-08-14T06:02:02.203Z App feature event (Surface: 1670764774, Operation: chatHistoryLoadFailed, Failure: Protocol violation)
2026-08-14T06:02:02.203Z App feature event (Surface: 1670764774, Operation: chatHistoryLoadStarted)
2026-08-14T06:02:02.337Z App feature event (Surface: 1670764774, Operation: chatHistoryLoadFailed, Failure: Protocol violation)
2026-08-14T06:02:02.337Z App feature event (Surface: 1670764774, Operation: chatHistoryLoadStarted)
2026-08-14T06:02:02.457Z App feature event (Surface: 1670764774, Operation: chatHistoryLoadFailed, Failure: Protocol violation)
2026-08-14T06:02:02.457Z App feature event (Surface: 1670764774, Operation: chatHistoryLoadStarted)
2026-08-14T06:02:02.557Z App feature event (Surface: 1670764774, Operation: chatHistoryLoadFailed, Failure: Protocol violation)
2026-08-14T06:02:02.557Z App feature event (Surface: 1670764774, Operation: chatHistoryLoadStarted)
2026-08-14T06:02:02.671Z App feature event (Surface: 1670764774, Operation: chatHistoryLoadFailed, Failure: Protocol violation)
2026-08-14T06:02:02.672Z App feature event (Surface: 1670764774, Operation: chatHistoryLoadStarted)
2026-08-14T06:02:02.860Z App feature event (Surface: 1670764774, Operation: chatHistoryLoadFailed, Failure: Protocol violation)
2026-08-14T06:02:02.860Z App feature event (Surface: 1670764774, Operation: chatHistoryLoadStarted)
2026-08-14T06:02:02.896Z [   37.504] tick.alive win=true suspended=false renderInFlight=false needsDraw=false contents=true surf=440x396 sinceOutput=12271ms
2026-08-14T06:02:02.929Z App feature event (Surface: 1670764774, Operation: chatHistoryLoadFailed, Failure: Protocol violation)
2026-08-14T06:02:02.930Z App feature event (Surface: 1670764774, Operation: chatHistoryLoadStarted)
2026-08-14T06:02:02.993Z App feature event (Surface: 1670764774, Operation: chatHistoryLoadFailed, Failure: Protocol violation)
2026-08-14T06:02:02.993Z App feature event (Surface: 1670764774, Operation: chatHistoryLoadStarted)
2026-08-14T06:02:03.088Z App feature event (Surface: 1670764774, Operation: chatHistoryLoadFailed, Failure: Protocol violation)
2026-08-14T06:02:03.088Z App feature event (Surface: 1670764774, Operation: chatHistoryLoadStarted)
2026-08-14T06:02:03.256Z App feature event (Surface: 1670764774, Operation: chatHistoryLoadFailed, Failure: Protocol violation)
2026-08-14T06:02:03.256Z App feature event (Surface: 1670764774, Operation: chatHistoryLoadStarted)
2026-08-14T06:02:03.393Z App feature event (Surface: 1670764774, Operation: chatHistoryLoadFailed, Failure: Protocol violation)
2026-08-14T06:02:03.393Z App feature event (Surface: 1670764774, Operation: chatHistoryLoadStarted)
2026-08-14T06:02:03.452Z App feature event (Surface: 1670764774, Operation: chatHistoryLoadFailed, Failure: Protocol violation)
2026-08-14T06:02:03.452Z App feature event (Surface: 1670764774, Operation: chatHistoryLoadStarted)
2026-08-14T06:02:03.519Z App feature event (Surface: 1670764774, Operation: chatHistoryLoadFailed, Failure: Protocol violation)
2026-08-14T06:02:03.519Z App feature event (Surface: 1670764774, Operation: chatHistoryLoadStarted)
2026-08-14T06:02:03.592Z App feature event (Surface: 1670764774, Operation: chatHistoryLoadFailed, Failure: Protocol violation)
2026-08-14T06:02:03.592Z App feature event (Surface: 1670764774, Operation: chatHistoryLoadStarted)
2026-08-14T06:02:03.728Z App feature event (Surface: 1670764774, Operation: chatHistoryLoadFailed, Failure: Protocol violation)
2026-08-14T06:02:03.728Z App feature event (Surface: 1670764774, Operation: chatHistoryLoadStarted)
2026-08-14T06:02:03.789Z App feature event (Surface: 1670764774, Operation: chatHistoryLoadFailed, Failure: Protocol violation)
2026-08-14T06:02:03.789Z App feature event (Surface: 1670764774, Operation: chatHistoryLoadStarted)
2026-08-14T06:02:03.919Z App feature event (Surface: 1670764774, Operation: chatHistoryLoadFailed, Failure: Protocol violation)
2026-08-14T06:02:03.919Z App feature event (Surface: 1670764774, Operation: chatHistoryLoadStarted)
2026-08-14T06:02:03.980Z App feature event (Surface: 1670764774, Operation: chatHistoryLoadFailed, Failure: Protocol violation)
2026-08-14T06:02:03.980Z App feature event (Surface: 1670764774, Operation: chatHistoryLoadStarted)
2026-08-14T06:02:04.044Z App feature event (Surface: 1670764774, Operation: chatHistoryLoadFailed, Failure: Protocol violation)
2026-08-14T06:02:04.045Z App feature event (Surface: 1670764774, Operation: chatHistoryLoadStarted)
2026-08-14T06:02:04.111Z App feature event (Surface: 1670764774, Operation: chatHistoryLoadFailed, Failure: Protocol violation)
2026-08-14T06:02:04.111Z App feature event (Surface: 1670764774, Operation: chatHistoryLoadStarted)
2026-08-14T06:02:04.242Z App feature event (Surface: 1670764774, Operation: chatHistoryLoadFailed, Failure: Protocol violation)
2026-08-14T06:02:04.242Z App feature event (Surface: 1670764774, Operation: chatHistoryLoadStarted)
2026-08-14T06:02:04.306Z App feature event (Surface: 1670764774, Operation: chatHistoryLoadFailed, Failure: Protocol violation)
2026-08-14T06:02:04.306Z App feature event (Surface: 1670764774, Operation: chatHistoryLoadStarted)
2026-08-14T06:02:04.438Z App feature event (Surface: 1670764774, Operation: chatHistoryLoadFailed, Failure: Protocol violation)
2026-08-14T06:02:04.439Z App feature event (Surface: 1670764774, Operation: chatHistoryLoadStarted)
2026-08-14T06:02:04.498Z App feature event (Surface: 1670764774, Operation: chatHistoryLoadFailed, Failure: Protocol violation)
2026-08-14T06:02:04.498Z App feature event (Surface: 1670764774, Operation: chatHistoryLoadStarted)
2026-08-14T06:02:04.557Z App feature event (Surface: 1670764774, Operation: chatHistoryLoadFailed, Failure: Protocol violation)
2026-08-14T06:02:04.557Z App feature event (Surface: 1670764774, Operation: chatHistoryLoadStarted)
2026-08-14T06:02:04.614Z App feature event (Surface: 1670764774, Operation: chatHistoryLoadFailed, Failure: Protocol violation)
2026-08-14T06:02:04.614Z App feature event (Surface: 1670764774, Operation: chatHistoryLoadStarted)
2026-08-14T06:02:04.670Z App feature event (Surface: 1670764774, Operation: chatHistoryLoadFailed, Failure: Protocol violation)
2026-08-14T06:02:04.670Z App feature event (Surface: 1670764774, Operation: chatHistoryLoadStarted)
2026-08-14T06:02:04.757Z App feature event (Operation: changesSummaryLoadStarted, Count: 2)
2026-08-14T06:02:04.768Z App feature event (Surface: 1670764774, Operation: chatHistoryLoadFailed, Failure: Protocol violation)
2026-08-14T06:02:04.768Z App feature event (Surface: 1670764774, Operation: chatHistoryLoadStarted)
2026-08-14T06:02:04.832Z App feature event (Surface: 1670764774, Operation: chatHistoryLoadFailed, Failure: Protocol violation)
2026-08-14T06:02:04.832Z App feature event (Surface: 1670764774, Operation: chatHistoryLoadStarted)
2026-08-14T06:02:04.896Z [   39.504] tick.alive win=true suspended=false renderInFlight=false needsDraw=false contents=true surf=440x396 sinceOutput=14271ms
2026-08-14T06:02:04.964Z App feature event (Surface: 1670764774, Operation: chatHistoryLoadFailed, Failure: Protocol violation)
2026-08-14T06:02:04.964Z App feature event (Surface: 1670764774, Operation: chatHistoryLoadStarted)
2026-08-14T06:02:05.023Z App feature event (Surface: 1670764774, Operation: chatHistoryLoadFailed, Failure: Protocol violation)
2026-08-14T06:02:05.023Z App feature event (Surface: 1670764774, Operation: chatHistoryLoadStarted)
2026-08-14T06:02:05.088Z App feature event (Surface: 1670764774, Operation: chatHistoryLoadFailed, Failure: Protocol violation)
2026-08-14T06:02:05.089Z App feature event (Surface: 1670764774, Operation: chatHistoryLoadStarted)
2026-08-14T06:02:05.156Z App feature event (Surface: 1670764774, Operation: chatHistoryLoadFailed, Failure: Protocol violation)
2026-08-14T06:02:05.156Z App feature event (Surface: 1670764774, Operation: chatHistoryLoadStarted)
2026-08-14T06:02:05.297Z App feature event (Surface: 1670764774, Operation: chatHistoryLoadFailed, Failure: Protocol violation)
2026-08-14T06:02:05.297Z App feature event (Surface: 1670764774, Operation: chatHistoryLoadStarted)
2026-08-14T06:02:05.377Z App feature event (Surface: 1670764774, Operation: chatHistoryLoadFailed, Failure: Protocol violation)
2026-08-14T06:02:05.377Z App feature event (Surface: 1670764774, Operation: chatHistoryLoadStarted)
2026-08-14T06:02:05.508Z App feature event (Surface: 1670764774, Operation: chatHistoryLoadFailed, Failure: Protocol violation)
2026-08-14T06:02:05.508Z App feature event (Surface: 1670764774, Operation: chatHistoryLoadStarted)
2026-08-14T06:02:05.577Z App feature event (Surface: 1670764774, Operation: chatHistoryLoadFailed, Failure: Protocol violation)
2026-08-14T06:02:05.577Z App feature event (Surface: 1670764774, Operation: chatHistoryLoadStarted)
2026-08-14T06:02:05.638Z App feature event (Surface: 1670764774, Operation: chatHistoryLoadFailed, Failure: Protocol violation)
2026-08-14T06:02:05.638Z App feature event (Surface: 1670764774, Operation: chatHistoryLoadStarted)
2026-08-14T06:02:05.708Z App feature event (Surface: 1670764774, Operation: chatHistoryLoadFailed, Failure: Protocol violation)
2026-08-14T06:02:05.708Z App feature event (Surface: 1670764774, Operation: chatHistoryLoadStarted)
2026-08-14T06:02:05.805Z App feature event (Operation: changesSummaryLoadSucceeded, Duration: 1.048 seconds, Count: 2)
2026-08-14T06:02:05.805Z [   40.413] changes.summary ok requested=2 summaries=2 chips=0 sample=- reqSample=167FAC98
2026-08-14T06:02:05.820Z App feature event (Surface: 1670764774, Operation: chatHistoryLoadFailed, Failure: Protocol violation)
2026-08-14T06:02:05.820Z App feature event (Surface: 1670764774, Operation: chatHistoryLoadStarted)
2026-08-14T06:02:05.908Z App feature event (Surface: 1670764774, Operation: chatHistoryLoadFailed, Failure: Protocol violation)
2026-08-14T06:02:05.908Z App feature event (Surface: 1670764774, Operation: chatHistoryLoadStarted)
2026-08-14T06:02:06.020Z App feature event (Surface: 1670764774, Operation: chatHistoryLoadFailed, Failure: Protocol violation)
2026-08-14T06:02:06.020Z App feature event (Surface: 1670764774, Operation: chatHistoryLoadStarted)
2026-08-14T06:02:06.088Z App feature event (Surface: 1670764774, Operation: chatHistoryLoadFailed, Failure: Protocol violation)
2026-08-14T06:02:06.088Z App feature event (Surface: 1670764774, Operation: chatHistoryLoadStarted)
2026-08-14T06:02:06.149Z App feature event (Surface: 1670764774, Operation: chatHistoryLoadFailed, Failure: Protocol violation)
2026-08-14T06:02:06.149Z App feature event (Surface: 1670764774, Operation: chatHistoryLoadStarted)
2026-08-14T06:02:06.212Z App feature event (Surface: 1670764774, Operation: chatHistoryLoadFailed, Failure: Protocol violation)
2026-08-14T06:02:06.213Z App feature event (Surface: 1670764774, Operation: chatHistoryLoadStarted)
2026-08-14T06:02:06.353Z App feature event (Surface: 1670764774, Operation: chatHistoryLoadFailed, Failure: Protocol violation)
2026-08-14T06:02:06.353Z App feature event (Surface: 1670764774, Operation: chatHistoryLoadStarted)
2026-08-14T06:02:06.538Z App feature event (Surface: 1670764774, Operation: chatHistoryLoadFailed, Failure: Protocol violation)
2026-08-14T06:02:06.538Z App feature event (Surface: 1670764774, Operation: chatHistoryLoadStarted)
2026-08-14T06:02:06.603Z App feature event (Surface: 1670764774, Operation: chatHistoryLoadFailed, Failure: Protocol violation)
2026-08-14T06:02:06.603Z App feature event (Surface: 1670764774, Operation: chatHistoryLoadStarted)
2026-08-14T06:02:06.665Z App feature event (Surface: 1670764774, Operation: chatHistoryLoadFailed, Failure: Protocol violation)
2026-08-14T06:02:06.666Z App feature event (Surface: 1670764774, Operation: chatHistoryLoadStarted)
2026-08-14T06:02:06.727Z App feature event (Surface: 1670764774, Operation: chatHistoryLoadFailed, Failure: Protocol violation)
2026-08-14T06:02:06.727Z App feature event (Surface: 1670764774, Operation: chatHistoryLoadStarted)
2026-08-14T06:02:06.854Z App feature event (Surface: 1670764774, Operation: chatHistoryLoadFailed, Failure: Protocol violation)
2026-08-14T06:02:06.854Z App feature event (Surface: 1670764774, Operation: chatHistoryLoadStarted)
2026-08-14T06:02:06.896Z [   41.504] tick.alive win=true suspended=false renderInFlight=false needsDraw=false contents=true surf=440x396 sinceOutput=16271ms
2026-08-14T06:02:06.916Z App feature event (Surface: 1670764774, Operation: chatHistoryLoadFailed, Failure: Protocol violation)
2026-08-14T06:02:06.916Z App feature event (Surface: 1670764774, Operation: chatHistoryLoadStarted)
2026-08-14T06:02:06.974Z App feature event (Surface: 1670764774, Operation: chatHistoryLoadFailed, Failure: Protocol violation)
2026-08-14T06:02:06.974Z App feature event (Surface: 1670764774, Operation: chatHistoryLoadStarted)
2026-08-14T06:02:07.065Z App feature event (Surface: 1670764774, Operation: chatHistoryLoadFailed, Failure: Protocol violation)
2026-08-14T06:02:07.065Z App feature event (Surface: 1670764774, Operation: chatHistoryLoadStarted)
2026-08-14T06:02:07.138Z App feature event (Surface: 1670764774, Operation: chatHistoryLoadFailed, Failure: Protocol violation)
2026-08-14T06:02:07.138Z App feature event (Surface: 1670764774, Operation: chatHistoryLoadStarted)
2026-08-14T06:02:07.203Z App feature event (Surface: 1670764774, Operation: chatHistoryLoadFailed, Failure: Protocol violation)
2026-08-14T06:02:07.203Z App feature event (Surface: 1670764774, Operation: chatHistoryLoadStarted)
2026-08-14T06:02:07.264Z App feature event (Surface: 1670764774, Operation: chatHistoryLoadFailed, Failure: Protocol violation)
2026-08-14T06:02:07.264Z App feature event (Surface: 1670764774, Operation: chatHistoryLoadStarted)
2026-08-14T06:02:07.386Z App feature event (Surface: 1670764774, Operation: chatHistoryLoadFailed, Failure: Protocol violation)
2026-08-14T06:02:07.386Z App feature event (Surface: 1670764774, Operation: chatHistoryLoadStarted)
2026-08-14T06:02:07.447Z App feature event (Surface: 1670764774, Operation: chatHistoryLoadFailed, Failure: Protocol violation)
2026-08-14T06:02:07.447Z App feature event (Surface: 1670764774, Operation: chatHistoryLoadStarted)
2026-08-14T06:02:07.580Z App feature event (Surface: 1670764774, Operation: chatHistoryLoadFailed, Failure: Protocol violation)
2026-08-14T06:02:07.581Z App feature event (Surface: 1670764774, Operation: chatHistoryLoadStarted)
2026-08-14T06:02:07.673Z App feature event (Surface: 1670764774, Operation: chatHistoryLoadFailed, Failure: Protocol violation)
2026-08-14T06:02:07.673Z App feature event (Surface: 1670764774, Operation: chatHistoryLoadStarted)
2026-08-14T06:02:07.732Z App feature event (Surface: 1670764774, Operation: chatHistoryLoadFailed, Failure: Protocol violation)
2026-08-14T06:02:07.732Z App feature event (Surface: 1670764774, Operation: chatHistoryLoadStarted)
2026-08-14T06:02:07.793Z App feature event (Surface: 1670764774, Operation: chatHistoryLoadFailed, Failure: Protocol violation)
2026-08-14T06:02:07.793Z App feature event (Surface: 1670764774, Operation: chatHistoryLoadStarted)
2026-08-14T06:02:07.912Z App feature event (Surface: 1670764774, Operation: chatHistoryLoadFailed, Failure: Protocol violation)
2026-08-14T06:02:07.912Z App feature event (Surface: 1670764774, Operation: chatHistoryLoadStarted)
2026-08-14T06:02:07.973Z App feature event (Surface: 1670764774, Operation: chatHistoryLoadFailed, Failure: Protocol violation)
2026-08-14T06:02:07.973Z App feature event (Surface: 1670764774, Operation: chatHistoryLoadStarted)
2026-08-14T06:02:08.106Z App feature event (Surface: 1670764774, Operation: chatHistoryLoadFailed, Failure: Protocol violation)
2026-08-14T06:02:08.107Z App feature event (Surface: 1670764774, Operation: chatHistoryLoadStarted)
2026-08-14T06:02:08.173Z App feature event (Surface: 1670764774, Operation: chatHistoryLoadFailed, Failure: Protocol violation)
2026-08-14T06:02:08.173Z App feature event (Surface: 1670764774, Operation: chatHistoryLoadStarted)
2026-08-14T06:02:08.247Z App feature event (Surface: 1670764774, Operation: chatHistoryLoadFailed, Failure: Protocol violation)
2026-08-14T06:02:08.247Z App feature event (Surface: 1670764774, Operation: chatHistoryLoadStarted)
2026-08-14T06:02:08.310Z App feature event (Surface: 1670764774, Operation: chatHistoryLoadFailed, Failure: Protocol violation)
2026-08-14T06:02:08.310Z App feature event (Surface: 1670764774, Operation: chatHistoryLoadStarted)
2026-08-14T06:02:08.436Z App feature event (Surface: 1670764774, Operation: chatHistoryLoadFailed, Failure: Protocol violation)
2026-08-14T06:02:08.436Z App feature event (Surface: 1670764774, Operation: chatHistoryLoadStarted)
2026-08-14T06:02:08.510Z App feature event (Surface: 1670764774, Operation: chatHistoryLoadFailed, Failure: Protocol violation)
2026-08-14T06:02:08.510Z App feature event (Surface: 1670764774, Operation: chatHistoryLoadStarted)
2026-08-14T06:02:08.645Z App feature event (Surface: 1670764774, Operation: chatHistoryLoadFailed, Failure: Protocol violation)
2026-08-14T06:02:08.645Z App feature event (Surface: 1670764774, Operation: chatHistoryLoadStarted)
2026-08-14T06:02:08.721Z App feature event (Surface: 1670764774, Operation: chatHistoryLoadFailed, Failure: Protocol violation)
2026-08-14T06:02:08.721Z App feature event (Surface: 1670764774, Operation: chatHistoryLoadStarted)
2026-08-14T06:02:08.794Z App feature event (Surface: 1670764774, Operation: chatHistoryLoadFailed, Failure: Protocol violation)
2026-08-14T06:02:08.794Z App feature event (Surface: 1670764774, Operation: chatHistoryLoadStarted)
2026-08-14T06:02:08.876Z App feature event (Surface: 1670764774, Operation: chatHistoryLoadFailed, Failure: Protocol violation)
2026-08-14T06:02:08.876Z App feature event (Surface: 1670764774, Operation: chatHistoryLoadStarted)
2026-08-14T06:02:08.897Z [   43.505] tick.alive win=true suspended=false renderInFlight=false needsDraw=false contents=true surf=440x396 sinceOutput=18271ms
2026-08-14T06:02:08.958Z App feature event (Surface: 1670764774, Operation: chatHistoryLoadFailed, Failure: Protocol violation)
2026-08-14T06:02:08.959Z App feature event (Surface: 1670764774, Operation: chatHistoryLoadStarted)
2026-08-14T06:02:09.021Z App feature event (Surface: 1670764774, Operation: chatHistoryLoadFailed, Failure: Protocol violation)
2026-08-14T06:02:09.021Z App feature event (Surface: 1670764774, Operation: chatHistoryLoadStarted)
2026-08-14T06:02:09.151Z App feature event (Surface: 1670764774, Operation: chatHistoryLoadFailed, Failure: Protocol violation)
2026-08-14T06:02:09.151Z App feature event (Surface: 1670764774, Operation: chatHistoryLoadStarted)
2026-08-14T06:02:09.213Z App feature event (Surface: 1670764774, Operation: chatHistoryLoadFailed, Failure: Protocol violation)
2026-08-14T06:02:09.213Z App feature event (Surface: 1670764774, Operation: chatHistoryLoadStarted)
2026-08-14T06:02:09.274Z App feature event (Surface: 1670764774, Operation: chatHistoryLoadFailed, Failure: Protocol violation)
2026-08-14T06:02:09.274Z App feature event (Surface: 1670764774, Operation: chatHistoryLoadStarted)
2026-08-14T06:02:09.349Z App feature event (Surface: 1670764774, Operation: chatHistoryLoadFailed, Failure: Protocol violation)
2026-08-14T06:02:09.349Z App feature event (Surface: 1670764774, Operation: chatHistoryLoadStarted)
2026-08-14T06:02:09.480Z App feature event (Surface: 1670764774, Operation: chatHistoryLoadFailed, Failure: Protocol violation)
2026-08-14T06:02:09.480Z App feature event (Surface: 1670764774, Operation: chatHistoryLoadStarted)
2026-08-14T06:02:09.545Z App feature event (Surface: 1670764774, Operation: chatHistoryLoadFailed, Failure: Protocol violation)
2026-08-14T06:02:09.545Z App feature event (Surface: 1670764774, Operation: chatHistoryLoadStarted)
2026-08-14T06:02:09.705Z App feature event (Surface: 1670764774, Operation: chatHistoryLoadFailed, Failure: Protocol violation)
2026-08-14T06:02:09.705Z App feature event (Surface: 1670764774, Operation: chatHistoryLoadStarted)
2026-08-14T06:02:09.823Z App feature event (Surface: 1670764774, Operation: chatHistoryLoadFailed, Failure: Protocol violation)
2026-08-14T06:02:09.823Z App feature event (Surface: 1670764774, Operation: chatHistoryLoadStarted)
2026-08-14T06:02:09.888Z App feature event (Surface: 1670764774, Operation: chatHistoryLoadFailed, Failure: Protocol violation)
2026-08-14T06:02:09.888Z App feature event (Surface: 1670764774, Operation: chatHistoryLoadStarted)
2026-08-14T06:02:10.017Z App feature event (Surface: 1670764774, Operation: chatHistoryLoadFailed, Failure: Protocol violation)
2026-08-14T06:02:10.017Z App feature event (Surface: 1670764774, Operation: chatHistoryLoadStarted)
2026-08-14T06:02:10.087Z App feature event (Surface: 1670764774, Operation: chatHistoryLoadFailed, Failure: Protocol violation)
2026-08-14T06:02:10.087Z App feature event (Surface: 1670764774, Operation: chatHistoryLoadStarted)
2026-08-14T06:02:10.204Z App feature event (Surface: 1670764774, Operation: chatHistoryLoadFailed, Failure: Protocol violation)
2026-08-14T06:02:10.204Z App feature event (Surface: 1670764774, Operation: chatHistoryLoadStarted)
2026-08-14T06:02:10.270Z App feature event (Surface: 1670764774, Operation: chatHistoryLoadFailed, Failure: Protocol violation)
2026-08-14T06:02:10.270Z App feature event (Surface: 1670764774, Operation: chatHistoryLoadStarted)
2026-08-14T06:02:10.334Z App feature event (Surface: 1670764774, Operation: chatHistoryLoadFailed, Failure: Protocol violation)
2026-08-14T06:02:10.334Z App feature event (Surface: 1670764774, Operation: chatHistoryLoadStarted)
2026-08-14T06:02:10.409Z App feature event (Surface: 1670764774, Operation: chatHistoryLoadFailed, Failure: Protocol violation)
2026-08-14T06:02:10.409Z App feature event (Surface: 1670764774, Operation: chatHistoryLoadStarted)
2026-08-14T06:02:10.544Z App feature event (Surface: 1670764774, Operation: chatHistoryLoadFailed, Failure: Protocol violation)
2026-08-14T06:02:10.544Z App feature event (Surface: 1670764774, Operation: chatHistoryLoadStarted)
2026-08-14T06:02:10.607Z App feature event (Surface: 1670764774, Operation: chatHistoryLoadFailed, Failure: Protocol violation)
2026-08-14T06:02:10.607Z App feature event (Surface: 1670764774, Operation: chatHistoryLoadStarted)
2026-08-14T06:02:10.775Z App feature event (Surface: 1670764774, Operation: chatHistoryLoadFailed, Failure: Protocol violation)
2026-08-14T06:02:10.775Z App feature event (Surface: 1670764774, Operation: chatHistoryLoadStarted)
2026-08-14T06:02:10.847Z App feature event (Surface: 1670764774, Operation: chatHistoryLoadFailed, Failure: Protocol violation)
2026-08-14T06:02:10.847Z App feature event (Surface: 1670764774, Operation: chatHistoryLoadStarted)
2026-08-14T06:02:10.897Z [   45.505] tick.alive win=true suspended=false renderInFlight=false needsDraw=false contents=true surf=440x396 sinceOutput=20272ms
2026-08-14T06:02:10.913Z App feature event (Surface: 1670764774, Operation: chatHistoryLoadFailed, Failure: Protocol violation)
2026-08-14T06:02:10.913Z App feature event (Surface: 1670764774, Operation: chatHistoryLoadStarted)
2026-08-14T06:02:10.974Z App feature event (Surface: 1670764774, Operation: chatHistoryLoadFailed, Failure: Protocol violation)
2026-08-14T06:02:10.974Z App feature event (Surface: 1670764774, Operation: chatHistoryLoadStarted)
2026-08-14T06:02:11.119Z App feature event (Surface: 1670764774, Operation: chatHistoryLoadFailed, Failure: Protocol violation)
2026-08-14T06:02:11.120Z App feature event (Surface: 1670764774, Operation: chatHistoryLoadStarted)
2026-08-14T06:02:11.332Z App feature event (Surface: 1670764774, Operation: chatHistoryLoadFailed, Failure: Protocol violation)
2026-08-14T06:02:11.332Z App feature event (Surface: 1670764774, Operation: chatHistoryLoadStarted)
2026-08-14T06:02:11.392Z App feature event (Surface: 1670764774, Operation: chatHistoryLoadFailed, Failure: Protocol violation)
2026-08-14T06:02:11.392Z App feature event (Surface: 1670764774, Operation: chatHistoryLoadStarted)
2026-08-14T06:02:11.452Z App feature event (Surface: 1670764774, Operation: chatHistoryLoadFailed, Failure: Protocol violation)
2026-08-14T06:02:11.453Z App feature event (Surface: 1670764774, Operation: chatHistoryLoadStarted)
2026-08-14T06:02:11.453Z [   46.061] sync.liveness probe_ok silentMs=9893
2026-08-14T06:02:11.583Z App feature event (Surface: 1670764774, Operation: chatHistoryLoadFailed, Failure: Protocol violation)
2026-08-14T06:02:11.583Z App feature event (Surface: 1670764774, Operation: chatHistoryLoadStarted)
2026-08-14T06:02:11.663Z App feature event (Surface: 1670764774, Operation: chatHistoryLoadFailed, Failure: Protocol violation)
2026-08-14T06:02:11.663Z App feature event (Surface: 1670764774, Operation: chatHistoryLoadStarted)
2026-08-14T06:02:11.804Z App feature event (Surface: 1670764774, Operation: chatHistoryLoadFailed, Failure: Protocol violation)
2026-08-14T06:02:11.805Z App feature event (Surface: 1670764774, Operation: chatHistoryLoadStarted)
2026-08-14T06:02:11.881Z App feature event (Surface: 1670764774, Operation: chatHistoryLoadFailed, Failure: Protocol violation)
2026-08-14T06:02:11.881Z App feature event (Surface: 1670764774, Operation: chatHistoryLoadStarted)
2026-08-14T06:02:11.956Z App feature event (Surface: 1670764774, Operation: chatHistoryLoadFailed, Failure: Protocol violation)
2026-08-14T06:02:11.957Z App feature event (Surface: 1670764774, Operation: chatHistoryLoadStarted)
2026-08-14T06:02:12.021Z App feature event (Surface: 1670764774, Operation: chatHistoryLoadFailed, Failure: Protocol violation)
2026-08-14T06:02:12.021Z App feature event (Surface: 1670764774, Operation: chatHistoryLoadStarted)
2026-08-14T06:02:12.112Z App feature event (Surface: 1670764774, Operation: chatHistoryLoadFailed, Failure: Protocol violation)
2026-08-14T06:02:12.113Z App feature event (Surface: 1670764774, Operation: chatHistoryLoadStarted)
2026-08-14T06:02:12.171Z App feature event (Surface: 1670764774, Operation: chatHistoryLoadFailed, Failure: Protocol violation)
2026-08-14T06:02:12.171Z App feature event (Surface: 1670764774, Operation: chatHistoryLoadStarted)
2026-08-14T06:02:12.304Z App feature event (Surface: 1670764774, Operation: chatHistoryLoadFailed, Failure: Protocol violation)
2026-08-14T06:02:12.304Z App feature event (Surface: 1670764774, Operation: chatHistoryLoadStarted)
2026-08-14T06:02:12.369Z App feature event (Surface: 1670764774, Operation: chatHistoryLoadFailed, Failure: Protocol violation)
2026-08-14T06:02:12.369Z App feature event (Surface: 1670764774, Operation: chatHistoryLoadStarted)
2026-08-14T06:02:12.445Z App feature event (Surface: 1670764774, Operation: chatHistoryLoadFailed, Failure: Protocol violation)
2026-08-14T06:02:12.445Z App feature event (Surface: 1670764774, Operation: chatHistoryLoadStarted)
2026-08-14T06:02:12.516Z App feature event (Surface: 1670764774, Operation: chatHistoryLoadFailed, Failure: Protocol violation)
2026-08-14T06:02:12.516Z App feature event (Surface: 1670764774, Operation: chatHistoryLoadStarted)
2026-08-14T06:02:12.635Z App feature event (Surface: 1670764774, Operation: chatHistoryLoadFailed, Failure: Protocol violation)
2026-08-14T06:02:12.635Z App feature event (Surface: 1670764774, Operation: chatHistoryLoadStarted)
2026-08-14T06:02:12.727Z App feature event (Surface: 1670764774, Operation: chatHistoryLoadFailed, Failure: Protocol violation)
2026-08-14T06:02:12.727Z App feature event (Surface: 1670764774, Operation: chatHistoryLoadStarted)
2026-08-14T06:02:12.832Z App feature event (Surface: 1670764774, Operation: chatHistoryLoadFailed, Failure: Protocol violation)
2026-08-14T06:02:12.832Z App feature event (Surface: 1670764774, Operation: chatHistoryLoadStarted)
2026-08-14T06:02:12.897Z [   47.505] tick.alive win=true suspended=false renderInFlight=false needsDraw=false contents=true surf=440x396 sinceOutput=22272ms
2026-08-14T06:02:12.921Z App feature event (Surface: 1670764774, Operation: chatHistoryLoadFailed, Failure: Protocol violation)
2026-08-14T06:02:12.921Z App feature event (Surface: 1670764774, Operation: chatHistoryLoadStarted)
2026-08-14T06:02:12.987Z App feature event (Surface: 1670764774, Operation: chatHistoryLoadFailed, Failure: Protocol violation)
2026-08-14T06:02:12.987Z App feature event (Surface: 1670764774, Operation: chatHistoryLoadStarted)
2026-08-14T06:02:13.071Z App feature event (Surface: 1670764774, Operation: chatHistoryLoadFailed, Failure: Protocol violation)
2026-08-14T06:02:13.071Z App feature event (Surface: 1670764774, Operation: chatHistoryLoadStarted)
2026-08-14T06:02:13.156Z App feature event (Surface: 1670764774, Operation: chatHistoryLoadFailed, Failure: Protocol violation)
2026-08-14T06:02:13.156Z App feature event (Surface: 1670764774, Operation: chatHistoryLoadStarted)
2026-08-14T06:02:13.223Z App feature event (Surface: 1670764774, Operation: chatHistoryLoadFailed, Failure: Protocol violation)
2026-08-14T06:02:13.223Z App feature event (Surface: 1670764774, Operation: chatHistoryLoadStarted)
2026-08-14T06:02:13.353Z App feature event (Surface: 1670764774, Operation: chatHistoryLoadFailed, Failure: Protocol violation)
2026-08-14T06:02:13.354Z App feature event (Surface: 1670764774, Operation: chatHistoryLoadStarted)
2026-08-14T06:02:13.413Z App feature event (Surface: 1670764774, Operation: chatHistoryLoadFailed, Failure: Protocol violation)
2026-08-14T06:02:13.413Z App feature event (Surface: 1670764774, Operation: chatHistoryLoadStarted)
2026-08-14T06:02:13.498Z App feature event (Surface: 1670764774, Operation: chatHistoryLoadFailed, Failure: Protocol violation)
2026-08-14T06:02:13.498Z App feature event (Surface: 1670764774, Operation: chatHistoryLoadStarted)
2026-08-14T06:02:13.560Z App feature event (Surface: 1670764774, Operation: chatHistoryLoadFailed, Failure: Protocol violation)
2026-08-14T06:02:13.560Z App feature event (Surface: 1670764774, Operation: chatHistoryLoadStarted)
2026-08-14T06:02:13.682Z App feature event (Surface: 1670764774, Operation: chatHistoryLoadFailed, Failure: Protocol violation)
2026-08-14T06:02:13.682Z App feature event (Surface: 1670764774, Operation: chatHistoryLoadStarted)
2026-08-14T06:02:13.740Z App feature event (Surface: 1670764774, Operation: chatHistoryLoadFailed, Failure: Protocol violation)
2026-08-14T06:02:13.741Z App feature event (Surface: 1670764774, Operation: chatHistoryLoadStarted)
2026-08-14T06:02:13.873Z App feature event (Surface: 1670764774, Operation: chatHistoryLoadFailed, Failure: Protocol violation)
2026-08-14T06:02:13.874Z App feature event (Surface: 1670764774, Operation: chatHistoryLoadStarted)
2026-08-14T06:02:13.946Z App feature event (Surface: 1670764774, Operation: chatHistoryLoadFailed, Failure: Protocol violation)
2026-08-14T06:02:13.946Z App feature event (Surface: 1670764774, Operation: chatHistoryLoadStarted)
2026-08-14T06:02:14.020Z App feature event (Surface: 1670764774, Operation: chatHistoryLoadFailed, Failure: Protocol violation)
2026-08-14T06:02:14.021Z App feature event (Surface: 1670764774, Operation: chatHistoryLoadStarted)
2026-08-14T06:02:14.091Z App feature event (Surface: 1670764774, Operation: chatHistoryLoadFailed, Failure: Protocol violation)
2026-08-14T06:02:14.091Z App feature event (Surface: 1670764774, Operation: chatHistoryLoadStarted)
2026-08-14T06:02:14.393Z App feature event (Surface: 1670764774, Operation: chatHistoryLoadFailed, Failure: Protocol violation)
2026-08-14T06:02:14.393Z App feature event (Surface: 1670764774, Operation: chatHistoryLoadStarted)
2026-08-14T06:02:14.452Z App feature event (Surface: 1670764774, Operation: chatHistoryLoadFailed, Failure: Protocol violation)
2026-08-14T06:02:14.452Z App feature event (Surface: 1670764774, Operation: chatHistoryLoadStarted)
2026-08-14T06:02:14.542Z App feature event (Surface: 1670764774, Operation: chatHistoryLoadFailed, Failure: Protocol violation)
2026-08-14T06:02:14.542Z App feature event (Surface: 1670764774, Operation: chatHistoryLoadStarted)
2026-08-14T06:02:14.605Z App feature event (Surface: 1670764774, Operation: chatHistoryLoadFailed, Failure: Protocol violation)
2026-08-14T06:02:14.605Z App feature event (Surface: 1670764774, Operation: chatHistoryLoadStarted)
2026-08-14T06:02:14.736Z App feature event (Surface: 1670764774, Operation: chatHistoryLoadFailed, Failure: Protocol violation)
2026-08-14T06:02:14.736Z App feature event (Surface: 1670764774, Operation: chatHistoryLoadStarted)
2026-08-14T06:02:14.810Z App feature event (Surface: 1670764774, Operation: chatHistoryLoadFailed, Failure: Protocol violation)
2026-08-14T06:02:14.810Z App feature event (Surface: 1670764774, Operation: chatHistoryLoadStarted)
2026-08-14T06:02:14.897Z [   49.505] tick.alive win=true suspended=false renderInFlight=false needsDraw=false contents=true surf=440x396 sinceOutput=24272ms
2026-08-14T06:02:14.933Z App feature event (Surface: 1670764774, Operation: chatHistoryLoadFailed, Failure: Protocol violation)
2026-08-14T06:02:14.933Z App feature event (Surface: 1670764774, Operation: chatHistoryLoadStarted)
2026-08-14T06:02:15.009Z App feature event (Surface: 1670764774, Operation: chatHistoryLoadFailed, Failure: Protocol violation)
2026-08-14T06:02:15.010Z App feature event (Surface: 1670764774, Operation: chatHistoryLoadStarted)
2026-08-14T06:02:15.103Z App feature event (Surface: 1670764774, Operation: chatHistoryLoadFailed, Failure: Protocol violation)
2026-08-14T06:02:15.103Z App feature event (Surface: 1670764774, Operation: chatHistoryLoadStarted)
2026-08-14T06:02:15.241Z App feature event (Surface: 1670764774, Operation: chatHistoryLoadFailed, Failure: Protocol violation)
2026-08-14T06:02:15.242Z App feature event (Surface: 1670764774, Operation: chatHistoryLoadStarted)
2026-08-14T06:02:15.312Z App feature event (Surface: 1670764774, Operation: chatHistoryLoadFailed, Failure: Protocol violation)
2026-08-14T06:02:15.312Z App feature event (Surface: 1670764774, Operation: chatHistoryLoadStarted)
2026-08-14T06:02:15.441Z App feature event (Surface: 1670764774, Operation: chatHistoryLoadFailed, Failure: Protocol violation)
2026-08-14T06:02:15.441Z App feature event (Surface: 1670764774, Operation: chatHistoryLoadStarted)
2026-08-14T06:02:15.500Z App feature event (Surface: 1670764774, Operation: chatHistoryLoadFailed, Failure: Protocol violation)
2026-08-14T06:02:15.500Z App feature event (Surface: 1670764774, Operation: chatHistoryLoadStarted)
2026-08-14T06:02:15.561Z App feature event (Surface: 1670764774, Operation: chatHistoryLoadFailed, Failure: Protocol violation)
2026-08-14T06:02:15.561Z App feature event (Surface: 1670764774, Operation: chatHistoryLoadStarted)
2026-08-14T06:02:15.622Z App feature event (Surface: 1670764774, Operation: chatHistoryLoadFailed, Failure: Protocol violation)
2026-08-14T06:02:15.622Z App feature event (Surface: 1670764774, Operation: chatHistoryLoadStarted)
2026-08-14T06:02:15.688Z App feature event (Surface: 1670764774, Operation: chatHistoryLoadFailed, Failure: Protocol violation)
2026-08-14T06:02:15.688Z App feature event (Surface: 1670764774, Operation: chatHistoryLoadStarted)
2026-08-14T06:02:15.782Z App feature event (Surface: 1670764774, Operation: chatHistoryLoadFailed, Failure: Protocol violation)
2026-08-14T06:02:15.782Z App feature event (Surface: 1670764774, Operation: chatHistoryLoadStarted)
2026-08-14T06:02:15.847Z App feature event (Surface: 1670764774, Operation: chatHistoryLoadFailed, Failure: Protocol violation)
2026-08-14T06:02:15.847Z App feature event (Surface: 1670764774, Operation: chatHistoryLoadStarted)
2026-08-14T06:02:15.977Z App feature event (Surface: 1670764774, Operation: chatHistoryLoadFailed, Failure: Protocol violation)
2026-08-14T06:02:15.977Z App feature event (Surface: 1670764774, Operation: chatHistoryLoadStarted)
2026-08-14T06:02:16.047Z App feature event (Surface: 1670764774, Operation: chatHistoryLoadFailed, Failure: Protocol violation)
2026-08-14T06:02:16.047Z App feature event (Surface: 1670764774, Operation: chatHistoryLoadStarted)
2026-08-14T06:02:16.112Z App feature event (Surface: 1670764774, Operation: chatHistoryLoadFailed, Failure: Protocol violation)
2026-08-14T06:02:16.112Z App feature event (Surface: 1670764774, Operation: chatHistoryLoadStarted)
2026-08-14T06:02:16.177Z App feature event (Surface: 1670764774, Operation: chatHistoryLoadFailed, Failure: Protocol violation)
2026-08-14T06:02:16.177Z App feature event (Surface: 1670764774, Operation: chatHistoryLoadStarted)
2026-08-14T06:02:16.302Z App feature event (Surface: 1670764774, Operation: chatHistoryLoadFailed, Failure: Protocol violation)
2026-08-14T06:02:16.302Z App feature event (Surface: 1670764774, Operation: chatHistoryLoadStarted)
2026-08-14T06:02:16.492Z App feature event (Surface: 1670764774, Operation: chatHistoryLoadFailed, Failure: Protocol violation)
2026-08-14T06:02:16.492Z App feature event (Surface: 1670764774, Operation: chatHistoryLoadStarted)
2026-08-14T06:02:16.567Z App feature event (Surface: 1670764774, Operation: chatHistoryLoadFailed, Failure: Protocol violation)
2026-08-14T06:02:16.567Z App feature event (Surface: 1670764774, Operation: chatHistoryLoadStarted)
2026-08-14T06:02:16.628Z App feature event (Surface: 1670764774, Operation: chatHistoryLoadFailed, Failure: Protocol violation)
2026-08-14T06:02:16.628Z App feature event (Surface: 1670764774, Operation: chatHistoryLoadStarted)
2026-08-14T06:02:16.704Z App feature event (Surface: 1670764774, Operation: chatHistoryLoadFailed, Failure: Protocol violation)
2026-08-14T06:02:16.704Z App feature event (Surface: 1670764774, Operation: chatHistoryLoadStarted)
2026-08-14T06:02:16.871Z App feature event (Surface: 1670764774, Operation: chatHistoryLoadFailed, Failure: Protocol violation)
2026-08-14T06:02:16.871Z App feature event (Surface: 1670764774, Operation: chatHistoryLoadStarted)
2026-08-14T06:02:16.897Z [   51.505] tick.alive win=true suspended=false renderInFlight=false needsDraw=false contents=true surf=440x396 sinceOutput=26272ms
2026-08-14T06:02:17.015Z App feature event (Surface: 1670764774, Operation: chatHistoryLoadFailed, Failure: Protocol violation)
2026-08-14T06:02:17.015Z App feature event (Surface: 1670764774, Operation: chatHistoryLoadStarted)
2026-08-14T06:02:17.071Z App feature event (Surface: 1670764774, Operation: chatHistoryLoadFailed, Failure: Protocol violation)
2026-08-14T06:02:17.071Z App feature event (Surface: 1670764774, Operation: chatHistoryLoadStarted)
2026-08-14T06:02:17.137Z App feature event (Surface: 1670764774, Operation: chatHistoryLoadFailed, Failure: Protocol violation)
2026-08-14T06:02:17.137Z App feature event (Surface: 1670764774, Operation: chatHistoryLoadStarted)
2026-08-14T06:02:17.195Z App feature event (Surface: 1670764774, Operation: chatHistoryLoadFailed, Failure: Protocol violation)
2026-08-14T06:02:17.195Z App feature event (Surface: 1670764774, Operation: chatHistoryLoadStarted)
2026-08-14T06:02:17.258Z App feature event (Surface: 1670764774, Operation: chatHistoryLoadFailed, Failure: Protocol violation)
2026-08-14T06:02:17.258Z App feature event (Surface: 1670764774, Operation: chatHistoryLoadStarted)
2026-08-14T06:02:17.356Z App feature event (Surface: 1670764774, Operation: chatHistoryLoadFailed, Failure: Protocol violation)
2026-08-14T06:02:17.357Z App feature event (Surface: 1670764774, Operation: chatHistoryLoadStarted)
2026-08-14T06:02:17.422Z App feature event (Surface: 1670764774, Operation: chatHistoryLoadFailed, Failure: Protocol violation)
2026-08-14T06:02:17.422Z App feature event (Surface: 1670764774, Operation: chatHistoryLoadStarted)
2026-08-14T06:02:17.545Z App feature event (Surface: 1670764774, Operation: chatHistoryLoadFailed, Failure: Protocol violation)
2026-08-14T06:02:17.545Z App feature event (Surface: 1670764774, Operation: chatHistoryLoadStarted)
2026-08-14T06:02:17.614Z App feature event (Surface: 1670764774, Operation: chatHistoryLoadFailed, Failure: Protocol violation)
2026-08-14T06:02:17.614Z App feature event (Surface: 1670764774, Operation: chatHistoryLoadStarted)
2026-08-14T06:02:17.714Z App feature event (Surface: 1670764774, Operation: chatHistoryLoadFailed, Failure: Protocol violation)
2026-08-14T06:02:17.714Z App feature event (Surface: 1670764774, Operation: chatHistoryLoadStarted)
2026-08-14T06:02:17.777Z App feature event (Surface: 1670764774, Operation: chatHistoryLoadFailed, Failure: Protocol violation)
2026-08-14T06:02:17.777Z App feature event (Surface: 1670764774, Operation: chatHistoryLoadStarted)
2026-08-14T06:02:17.885Z App feature event (Surface: 1670764774, Operation: chatHistoryLoadFailed, Failure: Protocol violation)
2026-08-14T06:02:17.885Z App feature event (Surface: 1670764774, Operation: chatHistoryLoadStarted)
2026-08-14T06:02:17.956Z App feature event (Surface: 1670764774, Operation: chatHistoryLoadFailed, Failure: Protocol violation)
2026-08-14T06:02:17.957Z App feature event (Surface: 1670764774, Operation: chatHistoryLoadStarted)
2026-08-14T06:02:18.074Z App feature event (Surface: 1670764774, Operation: chatHistoryLoadFailed, Failure: Protocol violation)
2026-08-14T06:02:18.074Z App feature event (Surface: 1670764774, Operation: chatHistoryLoadStarted)
2026-08-14T06:02:18.137Z App feature event (Surface: 1670764774, Operation: chatHistoryLoadFailed, Failure: Protocol violation)
2026-08-14T06:02:18.137Z App feature event (Surface: 1670764774, Operation: chatHistoryLoadStarted)
2026-08-14T06:02:18.206Z App feature event (Surface: 1670764774, Operation: chatHistoryLoadFailed, Failure: Protocol violation)
2026-08-14T06:02:18.206Z App feature event (Surface: 1670764774, Operation: chatHistoryLoadStarted)
2026-08-14T06:02:18.270Z App feature event (Surface: 1670764774, Operation: chatHistoryLoadFailed, Failure: Protocol violation)
2026-08-14T06:02:18.270Z App feature event (Surface: 1670764774, Operation: chatHistoryLoadStarted)
2026-08-14T06:02:18.408Z App feature event (Surface: 1670764774, Operation: chatHistoryLoadFailed, Failure: Protocol violation)
2026-08-14T06:02:18.408Z App feature event (Surface: 1670764774, Operation: chatHistoryLoadStarted)
2026-08-14T06:02:18.511Z App feature event (Surface: 1670764774, Operation: chatHistoryLoadFailed, Failure: Protocol violation)
2026-08-14T06:02:18.511Z App feature event (Surface: 1670764774, Operation: chatHistoryLoadStarted)
2026-08-14T06:02:18.605Z App feature event (Surface: 1670764774, Operation: chatHistoryLoadFailed, Failure: Protocol violation)
2026-08-14T06:02:18.605Z App feature event (Surface: 1670764774, Operation: chatHistoryLoadStarted)
2026-08-14T06:02:18.666Z App feature event (Surface: 1670764774, Operation: chatHistoryLoadFailed, Failure: Protocol violation)
2026-08-14T06:02:18.666Z App feature event (Surface: 1670764774, Operation: chatHistoryLoadStarted)
2026-08-14T06:02:18.743Z App feature event (Surface: 1670764774, Operation: chatHistoryLoadFailed, Failure: Protocol violation)
2026-08-14T06:02:18.743Z App feature event (Surface: 1670764774, Operation: chatHistoryLoadStarted)
2026-08-14T06:02:18.833Z App feature event (Surface: 1670764774, Operation: chatHistoryLoadFailed, Failure: Protocol violation)
2026-08-14T06:02:18.833Z App feature event (Surface: 1670764774, Operation: chatHistoryLoadStarted)
2026-08-14T06:02:18.898Z [   53.505] tick.alive win=true suspended=false renderInFlight=false needsDraw=false contents=true surf=440x396 sinceOutput=28272ms
2026-08-14T06:02:18.919Z App feature event (Surface: 1670764774, Operation: chatHistoryLoadFailed, Failure: Protocol violation)
2026-08-14T06:02:18.919Z App feature event (Surface: 1670764774, Operation: chatHistoryLoadStarted)
2026-08-14T06:02:19.016Z App feature event (Surface: 1670764774, Operation: chatHistoryLoadFailed, Failure: Protocol violation)
2026-08-14T06:02:19.016Z App feature event (Surface: 1670764774, Operation: chatHistoryLoadStarted)
2026-08-14T06:02:19.170Z App feature event (Surface: 1670764774, Operation: chatHistoryLoadFailed, Failure: Protocol violation)
2026-08-14T06:02:19.170Z App feature event (Surface: 1670764774, Operation: chatHistoryLoadStarted)
2026-08-14T06:02:19.239Z App feature event (Surface: 1670764774, Operation: chatHistoryLoadFailed, Failure: Protocol violation)
2026-08-14T06:02:19.239Z App feature event (Surface: 1670764774, Operation: chatHistoryLoadStarted)
2026-08-14T06:02:19.326Z App feature event (Surface: 1670764774, Operation: chatHistoryLoadFailed, Failure: Protocol violation)
2026-08-14T06:02:19.326Z App feature event (Surface: 1670764774, Operation: chatHistoryLoadStarted)
2026-08-14T06:02:19.443Z App feature event (Surface: 1670764774, Operation: chatHistoryLoadFailed, Failure: Protocol violation)
2026-08-14T06:02:19.443Z App feature event (Surface: 1670764774, Operation: chatHistoryLoadStarted)
2026-08-14T06:02:19.502Z App feature event (Surface: 1670764774, Operation: chatHistoryLoadFailed, Failure: Protocol violation)
2026-08-14T06:02:19.502Z App feature event (Surface: 1670764774, Operation: chatHistoryLoadStarted)
2026-08-14T06:02:19.563Z App feature event (Surface: 1670764774, Operation: chatHistoryLoadFailed, Failure: Protocol violation)
2026-08-14T06:02:19.563Z App feature event (Surface: 1670764774, Operation: chatHistoryLoadStarted)
2026-08-14T06:02:19.651Z App feature event (Surface: 1670764774, Operation: chatHistoryLoadFailed, Failure: Protocol violation)
2026-08-14T06:02:19.651Z App feature event (Surface: 1670764774, Operation: chatHistoryLoadStarted)
2026-08-14T06:02:19.720Z App feature event (Surface: 1670764774, Operation: chatHistoryLoadFailed, Failure: Protocol violation)
2026-08-14T06:02:19.721Z App feature event (Surface: 1670764774, Operation: chatHistoryLoadStarted)
2026-08-14T06:02:19.792Z App feature event (Surface: 1670764774, Operation: chatHistoryLoadFailed, Failure: Protocol violation)
2026-08-14T06:02:19.792Z App feature event (Surface: 1670764774, Operation: chatHistoryLoadStarted)
2026-08-14T06:02:19.854Z App feature event (Surface: 1670764774, Operation: chatHistoryLoadFailed, Failure: Protocol violation)
2026-08-14T06:02:19.854Z App feature event (Surface: 1670764774, Operation: chatHistoryLoadStarted)
2026-08-14T06:02:19.994Z App feature event (Surface: 1670764774, Operation: chatHistoryLoadFailed, Failure: Protocol violation)
2026-08-14T06:02:19.994Z App feature event (Surface: 1670764774, Operation: chatHistoryLoadStarted)
2026-08-14T06:02:20.054Z App feature event (Surface: 1670764774, Operation: chatHistoryLoadFailed, Failure: Protocol violation)
2026-08-14T06:02:20.054Z App feature event (Surface: 1670764774, Operation: chatHistoryLoadStarted)
2026-08-14T06:02:20.170Z App feature event (Surface: 1670764774, Operation: chatHistoryLoadFailed, Failure: Protocol violation)
2026-08-14T06:02:20.170Z App feature event (Surface: 1670764774, Operation: chatHistoryLoadStarted)
2026-08-14T06:02:20.414Z App feature event (Surface: 1670764774, Operation: chatHistoryLoadFailed, Failure: Protocol violation)
2026-08-14T06:02:20.414Z App feature event (Surface: 1670764774, Operation: chatHistoryLoadStarted)
2026-08-14T06:02:20.503Z App feature event (Surface: 1670764774, Operation: chatHistoryLoadFailed, Failure: Protocol violation)
2026-08-14T06:02:20.503Z App feature event (Surface: 1670764774, Operation: chatHistoryLoadStarted)
2026-08-14T06:02:20.571Z App feature event (Surface: 1670764774, Operation: chatHistoryLoadFailed, Failure: Protocol violation)
2026-08-14T06:02:20.571Z App feature event (Surface: 1670764774, Operation: chatHistoryLoadStarted)
2026-08-14T06:02:20.713Z App feature event (Surface: 1670764774, Operation: chatHistoryLoadFailed, Failure: Protocol violation)
2026-08-14T06:02:20.713Z App feature event (Surface: 1670764774, Operation: chatHistoryLoadStarted)
2026-08-14T06:02:20.797Z App feature event (Surface: 1670764774, Operation: chatHistoryLoadFailed, Failure: Protocol violation)
2026-08-14T06:02:20.797Z App feature event (Surface: 1670764774, Operation: chatHistoryLoadStarted)
2026-08-14T06:02:20.860Z App feature event (Surface: 1670764774, Operation: chatHistoryLoadFailed, Failure: Protocol violation)
2026-08-14T06:02:20.860Z App feature event (Surface: 1670764774, Operation: chatHistoryLoadStarted)
2026-08-14T06:02:20.898Z [   55.506] tick.alive win=true suspended=false renderInFlight=false needsDraw=false contents=true surf=440x396 sinceOutput=30273ms
2026-08-14T06:02:20.918Z App feature event (Surface: 1670764774, Operation: chatHistoryLoadFailed, Failure: Protocol violation)
2026-08-14T06:02:20.918Z App feature event (Surface: 1670764774, Operation: chatHistoryLoadStarted)
2026-08-14T06:02:21.023Z App feature event (Surface: 1670764774, Operation: chatHistoryLoadFailed, Failure: Protocol violation)
2026-08-14T06:02:21.023Z App feature event (Surface: 1670764774, Operation: chatHistoryLoadStarted)
2026-08-14T06:02:21.081Z App feature event (Surface: 1670764774, Operation: chatHistoryLoadFailed, Failure: Protocol violation)
2026-08-14T06:02:21.081Z App feature event (Surface: 1670764774, Operation: chatHistoryLoadStarted)
2026-08-14T06:02:21.221Z App feature event (Surface: 1670764774, Operation: chatHistoryLoadFailed, Failure: Protocol violation)
2026-08-14T06:02:21.221Z App feature event (Surface: 1670764774, Operation: chatHistoryLoadStarted)
2026-08-14T06:02:21.364Z App feature event (Surface: 1670764774, Operation: chatHistoryLoadFailed, Failure: Protocol violation)
2026-08-14T06:02:21.364Z App feature event (Surface: 1670764774, Operation: chatHistoryLoadStarted)
2026-08-14T06:02:21.423Z App feature event (Surface: 1670764774, Operation: chatHistoryLoadFailed, Failure: Protocol violation)
2026-08-14T06:02:21.423Z App feature event (Surface: 1670764774, Operation: chatHistoryLoadStarted)
2026-08-14T06:02:21.550Z App feature event (Surface: 1670764774, Operation: chatHistoryLoadFailed, Failure: Protocol violation)
2026-08-14T06:02:21.550Z App feature event (Surface: 1670764774, Operation: chatHistoryLoadStarted)
2026-08-14T06:02:21.550Z [   56.158] sync.liveness probe_ok silentMs=9971
2026-08-14T06:02:21.610Z App feature event (Surface: 1670764774, Operation: chatHistoryLoadFailed, Failure: Protocol violation)
2026-08-14T06:02:21.610Z App feature event (Surface: 1670764774, Operation: chatHistoryLoadStarted)
2026-08-14T06:02:21.742Z App feature event (Surface: 1670764774, Operation: chatHistoryLoadFailed, Failure: Protocol violation)
2026-08-14T06:02:21.742Z App feature event (Surface: 1670764774, Operation: chatHistoryLoadStarted)
2026-08-14T06:02:21.821Z App feature event (Surface: 1670764774, Operation: chatHistoryLoadFailed, Failure: Protocol violation)
2026-08-14T06:02:21.822Z App feature event (Surface: 1670764774, Operation: chatHistoryLoadStarted)
2026-08-14T06:02:21.887Z App feature event (Surface: 1670764774, Operation: chatHistoryLoadFailed, Failure: Protocol violation)
2026-08-14T06:02:21.888Z App feature event (Surface: 1670764774, Operation: chatHistoryLoadStarted)
2026-08-14T06:02:22.063Z App feature event (Surface: 1670764774, Operation: chatHistoryLoadFailed, Failure: Protocol violation)
2026-08-14T06:02:22.063Z App feature event (Surface: 1670764774, Operation: chatHistoryLoadStarted)
2026-08-14T06:02:22.124Z App feature event (Surface: 1670764774, Operation: chatHistoryLoadFailed, Failure: Protocol violation)
2026-08-14T06:02:22.124Z App feature event (Surface: 1670764774, Operation: chatHistoryLoadStarted)
2026-08-14T06:02:22.269Z App feature event (Surface: 1670764774, Operation: chatHistoryLoadFailed, Failure: Protocol violation)
2026-08-14T06:02:22.269Z App feature event (Surface: 1670764774, Operation: chatHistoryLoadStarted)
2026-08-14T06:02:22.328Z App feature event (Surface: 1670764774, Operation: chatHistoryLoadFailed, Failure: Protocol violation)
2026-08-14T06:02:22.328Z App feature event (Surface: 1670764774, Operation: chatHistoryLoadStarted)
2026-08-14T06:02:22.392Z App feature event (Surface: 1670764774, Operation: chatHistoryLoadFailed, Failure: Protocol violation)
2026-08-14T06:02:22.392Z App feature event (Surface: 1670764774, Operation: chatHistoryLoadStarted)
2026-08-14T06:02:22.477Z App feature event (Surface: 1670764774, Operation: chatHistoryLoadFailed, Failure: Protocol violation)
2026-08-14T06:02:22.478Z App feature event (Surface: 1670764774, Operation: chatHistoryLoadStarted)
2026-08-14T06:02:22.592Z App feature event (Surface: 1670764774, Operation: chatHistoryLoadFailed, Failure: Protocol violation)
2026-08-14T06:02:22.592Z App feature event (Surface: 1670764774, Operation: chatHistoryLoadStarted)
2026-08-14T06:02:22.656Z App feature event (Surface: 1670764774, Operation: chatHistoryLoadFailed, Failure: Protocol violation)
2026-08-14T06:02:22.656Z App feature event (Surface: 1670764774, Operation: chatHistoryLoadStarted)
2026-08-14T06:02:22.790Z App feature event (Surface: 1670764774, Operation: chatHistoryLoadFailed, Failure: Protocol violation)
2026-08-14T06:02:22.790Z App feature event (Surface: 1670764774, Operation: chatHistoryLoadStarted)
2026-08-14T06:02:22.849Z App feature event (Surface: 1670764774, Operation: chatHistoryLoadFailed, Failure: Protocol violation)
2026-08-14T06:02:22.849Z App feature event (Surface: 1670764774, Operation: chatHistoryLoadStarted)
2026-08-14T06:02:22.898Z [   57.506] tick.alive win=true suspended=false renderInFlight=false needsDraw=false contents=true surf=440x396 sinceOutput=32273ms
2026-08-14T06:02:23.013Z App feature event (Surface: 1670764774, Operation: chatHistoryLoadFailed, Failure: Protocol violation)
2026-08-14T06:02:23.014Z App feature event (Surface: 1670764774, Operation: chatHistoryLoadStarted)
2026-08-14T06:02:23.112Z App feature event (Surface: 1670764774, Operation: chatHistoryLoadFailed, Failure: Protocol violation)
2026-08-14T06:02:23.112Z App feature event (Surface: 1670764774, Operation: chatHistoryLoadStarted)
2026-08-14T06:02:23.314Z App feature event (Surface: 1670764774, Operation: chatHistoryLoadFailed, Failure: Protocol violation)
2026-08-14T06:02:23.314Z App feature event (Surface: 1670764774, Operation: chatHistoryLoadStarted)
2026-08-14T06:02:23.376Z App feature event (Surface: 1670764774, Operation: chatHistoryLoadFailed, Failure: Protocol violation)
2026-08-14T06:02:23.376Z App feature event (Surface: 1670764774, Operation: chatHistoryLoadStarted)
2026-08-14T06:02:23.456Z App feature event (Surface: 1670764774, Operation: chatHistoryLoadFailed, Failure: Protocol violation)
2026-08-14T06:02:23.456Z App feature event (Surface: 1670764774, Operation: chatHistoryLoadStarted)
2026-08-14T06:02:23.692Z App feature event (Surface: 1670764774, Operation: chatHistoryLoadFailed, Failure: Protocol violation)
2026-08-14T06:02:23.692Z App feature event (Surface: 1670764774, Operation: chatHistoryLoadStarted)
2026-08-14T06:02:23.750Z App feature event (Surface: 1670764774, Operation: chatHistoryLoadFailed, Failure: Protocol violation)
2026-08-14T06:02:23.750Z App feature event (Surface: 1670764774, Operation: chatHistoryLoadStarted)
2026-08-14T06:02:23.896Z App feature event (Surface: 1670764774, Operation: chatHistoryLoadFailed, Failure: Protocol violation)
2026-08-14T06:02:23.897Z App feature event (Surface: 1670764774, Operation: chatHistoryLoadStarted)
2026-08-14T06:02:23.957Z App feature event (Surface: 1670764774, Operation: chatHistoryLoadFailed, Failure: Protocol violation)
2026-08-14T06:02:23.957Z App feature event (Surface: 1670764774, Operation: chatHistoryLoadStarted)
2026-08-14T06:02:24.031Z App feature event (Surface: 1670764774, Operation: chatHistoryLoadFailed, Failure: Protocol violation)
2026-08-14T06:02:24.031Z App feature event (Surface: 1670764774, Operation: chatHistoryLoadStarted)
2026-08-14T06:02:24.159Z App feature event (Surface: 1670764774, Operation: chatHistoryLoadFailed, Failure: Protocol violation)
2026-08-14T06:02:24.160Z App feature event (Surface: 1670764774, Operation: chatHistoryLoadStarted)
2026-08-14T06:02:24.228Z App feature event (Surface: 1670764774, Operation: chatHistoryLoadFailed, Failure: Protocol violation)
2026-08-14T06:02:24.228Z App feature event (Surface: 1670764774, Operation: chatHistoryLoadStarted)
2026-08-14T06:02:24.363Z App feature event (Surface: 1670764774, Operation: chatHistoryLoadFailed, Failure: Protocol violation)
2026-08-14T06:02:24.363Z App feature event (Surface: 1670764774, Operation: chatHistoryLoadStarted)
2026-08-14T06:02:24.544Z App feature event (Surface: 1670764774, Operation: chatHistoryLoadFailed, Failure: Protocol violation)
2026-08-14T06:02:24.544Z App feature event (Surface: 1670764774, Operation: chatHistoryLoadStarted)
2026-08-14T06:02:24.688Z App feature event (Surface: 1670764774, Operation: chatHistoryLoadFailed, Failure: Protocol violation)
2026-08-14T06:02:24.688Z App feature event (Surface: 1670764774, Operation: chatHistoryLoadStarted)
2026-08-14T06:02:24.780Z App feature event (Surface: 1670764774, Operation: chatHistoryLoadFailed, Failure: Protocol violation)
2026-08-14T06:02:24.780Z App feature event (Surface: 1670764774, Operation: chatHistoryLoadStarted)
2026-08-14T06:02:24.889Z App feature event (Surface: 1670764774, Operation: chatHistoryLoadFailed, Failure: Protocol violation)
2026-08-14T06:02:24.889Z App feature event (Surface: 1670764774, Operation: chatHistoryLoadStarted)
2026-08-14T06:02:24.900Z [   59.506] tick.alive win=true suspended=false renderInFlight=false needsDraw=false contents=true surf=440x396 sinceOutput=34273ms
2026-08-14T06:02:25.031Z App feature event (Surface: 1670764774, Operation: chatHistoryLoadFailed, Failure: Protocol violation)
2026-08-14T06:02:25.031Z App feature event (Surface: 1670764774, Operation: chatHistoryLoadStarted)
2026-08-14T06:02:25.091Z App feature event (Surface: 1670764774, Operation: chatHistoryLoadFailed, Failure: Protocol violation)
2026-08-14T06:02:25.091Z App feature event (Surface: 1670764774, Operation: chatHistoryLoadStarted)
2026-08-14T06:02:25.234Z App feature event (Surface: 1670764774, Operation: chatHistoryLoadFailed, Failure: Protocol violation)
2026-08-14T06:02:25.234Z App feature event (Surface: 1670764774, Operation: chatHistoryLoadStarted)
2026-08-14T06:02:25.408Z App feature event (Surface: 1670764774, Operation: chatHistoryLoadFailed, Failure: Protocol violation)
2026-08-14T06:02:25.408Z App feature event (Surface: 1670764774, Operation: chatHistoryLoadStarted)
2026-08-14T06:02:25.474Z App feature event (Surface: 1670764774, Operation: chatHistoryLoadFailed, Failure: Protocol violation)
2026-08-14T06:02:25.474Z App feature event (Surface: 1670764774, Operation: chatHistoryLoadStarted)
2026-08-14T06:02:25.577Z App feature event (Surface: 1670764774, Operation: chatHistoryLoadFailed, Failure: Protocol violation)
2026-08-14T06:02:25.577Z App feature event (Surface: 1670764774, Operation: chatHistoryLoadStarted)
2026-08-14T06:02:25.643Z App feature event (Surface: 1670764774, Operation: chatHistoryLoadFailed, Failure: Protocol violation)
2026-08-14T06:02:25.643Z App feature event (Surface: 1670764774, Operation: chatHistoryLoadStarted)
2026-08-14T06:02:25.796Z App feature event (Surface: 1670764774, Operation: chatHistoryLoadFailed, Failure: Protocol violation)
2026-08-14T06:02:25.796Z App feature event (Surface: 1670764774, Operation: chatHistoryLoadStarted)
2026-08-14T06:02:25.940Z App feature event (Surface: 1670764774, Operation: chatHistoryLoadFailed, Failure: Protocol violation)
2026-08-14T06:02:25.940Z App feature event (Surface: 1670764774, Operation: chatHistoryLoadStarted)
2026-08-14T06:02:26.002Z App feature event (Surface: 1670764774, Operation: chatHistoryLoadFailed, Failure: Protocol violation)
2026-08-14T06:02:26.003Z App feature event (Surface: 1670764774, Operation: chatHistoryLoadStarted)
2026-08-14T06:02:26.068Z App feature event (Surface: 1670764774, Operation: chatHistoryLoadFailed, Failure: Protocol violation)
2026-08-14T06:02:26.068Z App feature event (Surface: 1670764774, Operation: chatHistoryLoadStarted)
2026-08-14T06:02:26.127Z App feature event (Surface: 1670764774, Operation: chatHistoryLoadFailed, Failure: Protocol violation)
2026-08-14T06:02:26.127Z App feature event (Surface: 1670764774, Operation: chatHistoryLoadStarted)
2026-08-14T06:02:26.258Z App feature event (Surface: 1670764774, Operation: chatHistoryLoadFailed, Failure: Protocol violation)
2026-08-14T06:02:26.258Z App feature event (Surface: 1670764774, Operation: chatHistoryLoadStarted)
2026-08-14T06:02:26.316Z App feature event (Surface: 1670764774, Operation: chatHistoryLoadFailed, Failure: Protocol violation)
2026-08-14T06:02:26.316Z App feature event (Surface: 1670764774, Operation: chatHistoryLoadStarted)
2026-08-14T06:02:26.459Z App feature event (Surface: 1670764774, Operation: chatHistoryLoadFailed, Failure: Protocol violation)
2026-08-14T06:02:26.459Z App feature event (Surface: 1670764774, Operation: chatHistoryLoadStarted)
2026-08-14T06:02:26.524Z App feature event (Surface: 1670764774, Operation: chatHistoryLoadFailed, Failure: Protocol violation)
2026-08-14T06:02:26.524Z App feature event (Surface: 1670764774, Operation: chatHistoryLoadStarted)
2026-08-14T06:02:26.602Z App feature event (Surface: 1670764774, Operation: chatHistoryLoadFailed, Failure: Protocol violation)
2026-08-14T06:02:26.602Z App feature event (Surface: 1670764774, Operation: chatHistoryLoadStarted)
2026-08-14T06:02:26.660Z App feature event (Surface: 1670764774, Operation: chatHistoryLoadFailed, Failure: Protocol violation)
2026-08-14T06:02:26.660Z App feature event (Surface: 1670764774, Operation: chatHistoryLoadStarted)
2026-08-14T06:02:26.795Z App feature event (Surface: 1670764774, Operation: chatHistoryLoadFailed, Failure: Protocol violation)
2026-08-14T06:02:26.795Z App feature event (Surface: 1670764774, Operation: chatHistoryLoadStarted)
2026-08-14T06:02:26.853Z App feature event (Surface: 1670764774, Operation: chatHistoryLoadFailed, Failure: Protocol violation)
2026-08-14T06:02:26.853Z App feature event (Surface: 1670764774, Operation: chatHistoryLoadStarted)
2026-08-14T06:02:26.898Z [   61.506] tick.alive win=true suspended=false renderInFlight=false needsDraw=false contents=true surf=440x396 sinceOutput=36273ms
2026-08-14T06:02:27.001Z App feature event (Surface: 1670764774, Operation: chatHistoryLoadFailed, Failure: Protocol violation)
2026-08-14T06:02:27.001Z App feature event (Surface: 1670764774, Operation: chatHistoryLoadStarted)
2026-08-14T06:02:27.073Z App feature event (Surface: 1670764774, Operation: chatHistoryLoadFailed, Failure: Protocol violation)
2026-08-14T06:02:27.073Z App feature event (Surface: 1670764774, Operation: chatHistoryLoadStarted)
2026-08-14T06:02:27.166Z App feature event (Surface: 1670764774, Operation: chatHistoryLoadFailed, Failure: Protocol violation)
2026-08-14T06:02:27.167Z App feature event (Surface: 1670764774, Operation: chatHistoryLoadStarted)
2026-08-14T06:02:27.313Z App feature event (Surface: 1670764774, Operation: chatHistoryLoadFailed, Failure: Protocol violation)
2026-08-14T06:02:27.313Z App feature event (Surface: 1670764774, Operation: chatHistoryLoadStarted)
2026-08-14T06:02:27.386Z App feature event (Surface: 1670764774, Operation: chatHistoryLoadFailed, Failure: Protocol violation)
2026-08-14T06:02:27.386Z App feature event (Surface: 1670764774, Operation: chatHistoryLoadStarted)
2026-08-14T06:02:27.506Z App feature event (Surface: 1670764774, Operation: chatHistoryLoadFailed, Failure: Protocol violation)
2026-08-14T06:02:27.506Z App feature event (Surface: 1670764774, Operation: chatHistoryLoadStarted)
2026-08-14T06:02:27.580Z App feature event (Surface: 1670764774, Operation: chatHistoryLoadFailed, Failure: Protocol violation)
2026-08-14T06:02:27.580Z App feature event (Surface: 1670764774, Operation: chatHistoryLoadStarted)
2026-08-14T06:02:27.645Z App feature event (Surface: 1670764774, Operation: chatHistoryLoadFailed, Failure: Protocol violation)
2026-08-14T06:02:27.645Z App feature event (Surface: 1670764774, Operation: chatHistoryLoadStarted)
2026-08-14T06:02:27.719Z App feature event (Surface: 1670764774, Operation: chatHistoryLoadFailed, Failure: Protocol violation)
2026-08-14T06:02:27.719Z App feature event (Surface: 1670764774, Operation: chatHistoryLoadStarted)
2026-08-14T06:02:27.836Z App feature event (Surface: 1670764774, Operation: chatHistoryLoadFailed, Failure: Protocol violation)
2026-08-14T06:02:27.836Z App feature event (Surface: 1670764774, Operation: chatHistoryLoadStarted)
2026-08-14T06:02:27.905Z App feature event (Surface: 1670764774, Operation: chatHistoryLoadFailed, Failure: Protocol violation)
2026-08-14T06:02:27.905Z App feature event (Surface: 1670764774, Operation: chatHistoryLoadStarted)
2026-08-14T06:02:28.035Z App feature event (Surface: 1670764774, Operation: chatHistoryLoadFailed, Failure: Protocol violation)
2026-08-14T06:02:28.035Z App feature event (Surface: 1670764774, Operation: chatHistoryLoadStarted)
2026-08-14T06:02:28.139Z App feature event (Surface: 1670764774, Operation: chatHistoryLoadFailed, Failure: Protocol violation)
2026-08-14T06:02:28.139Z App feature event (Surface: 1670764774, Operation: chatHistoryLoadStarted)
2026-08-14T06:02:28.207Z App feature event (Surface: 1670764774, Operation: chatHistoryLoadFailed, Failure: Protocol violation)
2026-08-14T06:02:28.207Z App feature event (Surface: 1670764774, Operation: chatHistoryLoadStarted)
2026-08-14T06:02:28.281Z App feature event (Surface: 1670764774, Operation: chatHistoryLoadFailed, Failure: Protocol violation)
2026-08-14T06:02:28.281Z App feature event (Surface: 1670764774, Operation: chatHistoryLoadStarted)
2026-08-14T06:02:28.365Z App feature event (Surface: 1670764774, Operation: chatHistoryLoadFailed, Failure: Protocol violation)
2026-08-14T06:02:28.365Z App feature event (Surface: 1670764774, Operation: chatHistoryLoadStarted)
2026-08-14T06:02:28.433Z App feature event (Surface: 1670764774, Operation: chatHistoryLoadFailed, Failure: Protocol violation)
2026-08-14T06:02:28.433Z App feature event (Surface: 1670764774, Operation: chatHistoryLoadStarted)
2026-08-14T06:02:28.559Z App feature event (Surface: 1670764774, Operation: chatHistoryLoadFailed, Failure: Protocol violation)
2026-08-14T06:02:28.559Z App feature event (Surface: 1670764774, Operation: chatHistoryLoadStarted)
2026-08-14T06:02:28.619Z App feature event (Surface: 1670764774, Operation: chatHistoryLoadFailed, Failure: Protocol violation)
2026-08-14T06:02:28.619Z App feature event (Surface: 1670764774, Operation: chatHistoryLoadStarted)
2026-08-14T06:02:28.683Z App feature event (Surface: 1670764774, Operation: chatHistoryLoadFailed, Failure: Protocol violation)
2026-08-14T06:02:28.683Z App feature event (Surface: 1670764774, Operation: chatHistoryLoadStarted)
2026-08-14T06:02:28.742Z App feature event (Surface: 1670764774, Operation: chatHistoryLoadFailed, Failure: Protocol violation)
2026-08-14T06:02:28.742Z App feature event (Surface: 1670764774, Operation: chatHistoryLoadStarted)
2026-08-14T06:02:28.802Z App feature event (Surface: 1670764774, Operation: chatHistoryLoadFailed, Failure: Protocol violation)
2026-08-14T06:02:28.802Z App feature event (Surface: 1670764774, Operation: chatHistoryLoadStarted)
2026-08-14T06:02:28.892Z App feature event (Surface: 1670764774, Operation: chatHistoryLoadFailed, Failure: Protocol violation)
2026-08-14T06:02:28.892Z App feature event (Surface: 1670764774, Operation: chatHistoryLoadStarted)
2026-08-14T06:02:28.898Z [   63.506] tick.alive win=true suspended=false renderInFlight=false needsDraw=false contents=true surf=440x396 sinceOutput=38273ms
2026-08-14T06:02:28.957Z App feature event (Surface: 1670764774, Operation: chatHistoryLoadFailed, Failure: Protocol violation)
2026-08-14T06:02:28.957Z App feature event (Surface: 1670764774, Operation: chatHistoryLoadStarted)
2026-08-14T06:02:29.088Z App feature event (Surface: 1670764774, Operation: chatHistoryLoadFailed, Failure: Protocol violation)
2026-08-14T06:02:29.088Z App feature event (Surface: 1670764774, Operation: chatHistoryLoadStarted)
2026-08-14T06:02:29.184Z App feature event (Surface: 1670764774, Operation: chatHistoryLoadFailed, Failure: Protocol violation)
2026-08-14T06:02:29.184Z App feature event (Surface: 1670764774, Operation: chatHistoryLoadStarted)
2026-08-14T06:02:29.300Z App feature event (Surface: 1670764774, Operation: chatHistoryLoadFailed, Failure: Protocol violation)
2026-08-14T06:02:29.301Z App feature event (Surface: 1670764774, Operation: chatHistoryLoadStarted)
2026-08-14T06:02:29.408Z App feature event (Surface: 1670764774, Operation: chatHistoryLoadFailed, Failure: Protocol violation)
2026-08-14T06:02:29.409Z App feature event (Surface: 1670764774, Operation: chatHistoryLoadStarted)
2026-08-14T06:02:29.475Z App feature event (Surface: 1670764774, Operation: chatHistoryLoadFailed, Failure: Protocol violation)
2026-08-14T06:02:29.475Z App feature event (Surface: 1670764774, Operation: chatHistoryLoadStarted)
2026-08-14T06:02:29.616Z App feature event (Surface: 1670764774, Operation: chatHistoryLoadFailed, Failure: Protocol violation)
2026-08-14T06:02:29.616Z App feature event (Surface: 1670764774, Operation: chatHistoryLoadStarted)
2026-08-14T06:02:29.683Z App feature event (Surface: 1670764774, Operation: chatHistoryLoadFailed, Failure: Protocol violation)
2026-08-14T06:02:29.684Z App feature event (Surface: 1670764774, Operation: chatHistoryLoadStarted)
2026-08-14T06:02:29.750Z App feature event (Surface: 1670764774, Operation: chatHistoryLoadFailed, Failure: Protocol violation)
2026-08-14T06:02:29.750Z App feature event (Surface: 1670764774, Operation: chatHistoryLoadStarted)
2026-08-14T06:02:29.810Z App feature event (Surface: 1670764774, Operation: chatHistoryLoadFailed, Failure: Protocol violation)
2026-08-14T06:02:29.810Z App feature event (Surface: 1670764774, Operation: chatHistoryLoadStarted)
2026-08-14T06:02:29.947Z App feature event (Surface: 1670764774, Operation: chatHistoryLoadFailed, Failure: Protocol violation)
2026-08-14T06:02:29.947Z App feature event (Surface: 1670764774, Operation: chatHistoryLoadStarted)
2026-08-14T06:02:30.018Z App feature event (Surface: 1670764774, Operation: chatHistoryLoadFailed, Failure: Protocol violation)
2026-08-14T06:02:30.018Z App feature event (Surface: 1670764774, Operation: chatHistoryLoadStarted)
2026-08-14T06:02:30.175Z App feature event (Surface: 1670764774, Operation: chatHistoryLoadFailed, Failure: Protocol violation)
2026-08-14T06:02:30.175Z App feature event (Surface: 1670764774, Operation: chatHistoryLoadStarted)
2026-08-14T06:02:30.270Z App feature event (Surface: 1670764774, Operation: chatHistoryLoadFailed, Failure: Protocol violation)
2026-08-14T06:02:30.270Z App feature event (Surface: 1670764774, Operation: chatHistoryLoadStarted)
2026-08-14T06:02:30.331Z App feature event (Surface: 1670764774, Operation: chatHistoryLoadFailed, Failure: Protocol violation)
2026-08-14T06:02:30.331Z App feature event (Surface: 1670764774, Operation: chatHistoryLoadStarted)
2026-08-14T06:02:30.520Z App feature event (Surface: 1670764774, Operation: chatHistoryLoadFailed, Failure: Protocol violation)
2026-08-14T06:02:30.520Z App feature event (Surface: 1670764774, Operation: chatHistoryLoadStarted)
2026-08-14T06:02:30.678Z App feature event (Surface: 1670764774, Operation: chatHistoryLoadFailed, Failure: Protocol violation)
2026-08-14T06:02:30.678Z App feature event (Surface: 1670764774, Operation: chatHistoryLoadStarted)
2026-08-14T06:02:30.785Z App feature event (Surface: 1670764774, Operation: chatHistoryLoadFailed, Failure: Protocol violation)
2026-08-14T06:02:30.785Z App feature event (Surface: 1670764774, Operation: chatHistoryLoadStarted)
2026-08-14T06:02:30.848Z App feature event (Surface: 1670764774, Operation: chatHistoryLoadFailed, Failure: Protocol violation)
2026-08-14T06:02:30.849Z App feature event (Surface: 1670764774, Operation: chatHistoryLoadStarted)
2026-08-14T06:02:30.899Z [   65.507] tick.alive win=true suspended=false renderInFlight=false needsDraw=false contents=true surf=440x396 sinceOutput=40273ms
2026-08-14T06:02:30.996Z App feature event (Surface: 1670764774, Operation: chatHistoryLoadFailed, Failure: Protocol violation)
2026-08-14T06:02:30.996Z App feature event (Surface: 1670764774, Operation: chatHistoryLoadStarted)
2026-08-14T06:02:31.058Z App feature event (Surface: 1670764774, Operation: chatHistoryLoadFailed, Failure: Protocol violation)
2026-08-14T06:02:31.059Z App feature event (Surface: 1670764774, Operation: chatHistoryLoadStarted)
2026-08-14T06:02:31.187Z App feature event (Surface: 1670764774, Operation: chatHistoryLoadFailed, Failure: Protocol violation)
2026-08-14T06:02:31.187Z App feature event (Surface: 1670764774, Operation: chatHistoryLoadStarted)
2026-08-14T06:02:31.360Z App feature event (Surface: 1670764774, Operation: chatHistoryLoadFailed, Failure: Protocol violation)
2026-08-14T06:02:31.360Z App feature event (Surface: 1670764774, Operation: chatHistoryLoadStarted)
2026-08-14T06:02:31.419Z App feature event (Surface: 1670764774, Operation: chatHistoryLoadFailed, Failure: Protocol violation)
2026-08-14T06:02:31.419Z App feature event (Surface: 1670764774, Operation: chatHistoryLoadStarted)
2026-08-14T06:02:31.521Z [   66.129] sync.liveness probe_ok silentMs=9869
2026-08-14T06:02:31.700Z App feature event (Surface: 1670764774, Operation: chatHistoryLoadFailed, Failure: Protocol violation)
2026-08-14T06:02:31.701Z App feature event (Surface: 1670764774, Operation: chatHistoryLoadStarted)
2026-08-14T06:02:31.761Z App feature event (Surface: 1670764774, Operation: chatHistoryLoadFailed, Failure: Protocol violation)
2026-08-14T06:02:31.761Z App feature event (Surface: 1670764774, Operation: chatHistoryLoadStarted)
2026-08-14T06:02:31.825Z App feature event (Surface: 1670764774, Operation: chatHistoryLoadFailed, Failure: Protocol violation)
2026-08-14T06:02:31.826Z App feature event (Surface: 1670764774, Operation: chatHistoryLoadStarted)
2026-08-14T06:02:31.896Z App feature event (Surface: 1670764774, Operation: chatHistoryLoadFailed, Failure: Protocol violation)
2026-08-14T06:02:31.896Z App feature event (Surface: 1670764774, Operation: chatHistoryLoadStarted)
2026-08-14T06:02:32.026Z App feature event (Surface: 1670764774, Operation: chatHistoryLoadFailed, Failure: Protocol violation)
2026-08-14T06:02:32.027Z App feature event (Surface: 1670764774, Operation: chatHistoryLoadStarted)
2026-08-14T06:02:32.087Z App feature event (Surface: 1670764774, Operation: chatHistoryLoadFailed, Failure: Protocol violation)
2026-08-14T06:02:32.087Z App feature event (Surface: 1670764774, Operation: chatHistoryLoadStarted)
2026-08-14T06:02:32.150Z App feature event (Surface: 1670764774, Operation: chatHistoryLoadFailed, Failure: Protocol violation)
2026-08-14T06:02:32.150Z App feature event (Surface: 1670764774, Operation: chatHistoryLoadStarted)
2026-08-14T06:02:32.254Z App feature event (Surface: 1670764774, Operation: chatHistoryLoadFailed, Failure: Protocol violation)
2026-08-14T06:02:32.254Z App feature event (Surface: 1670764774, Operation: chatHistoryLoadStarted)
2026-08-14T06:02:32.314Z App feature event (Surface: 1670764774, Operation: chatHistoryLoadFailed, Failure: Protocol violation)
2026-08-14T06:02:32.315Z App feature event (Surface: 1670764774, Operation: chatHistoryLoadStarted)
2026-08-14T06:02:32.379Z App feature event (Surface: 1670764774, Operation: chatHistoryLoadFailed, Failure: Protocol violation)
2026-08-14T06:02:32.379Z App feature event (Surface: 1670764774, Operation: chatHistoryLoadStarted)
2026-08-14T06:02:32.449Z App feature event (Surface: 1670764774, Operation: chatHistoryLoadFailed, Failure: Protocol violation)
2026-08-14T06:02:32.449Z App feature event (Surface: 1670764774, Operation: chatHistoryLoadStarted)
2026-08-14T06:02:32.555Z App feature event (Surface: 1670764774, Operation: chatHistoryLoadFailed, Failure: Protocol violation)
2026-08-14T06:02:32.555Z App feature event (Surface: 1670764774, Operation: chatHistoryLoadStarted)
2026-08-14T06:02:32.615Z App feature event (Surface: 1670764774, Operation: chatHistoryLoadFailed, Failure: Protocol violation)
2026-08-14T06:02:32.615Z App feature event (Surface: 1670764774, Operation: chatHistoryLoadStarted)
2026-08-14T06:02:32.676Z App feature event (Surface: 1670764774, Operation: chatHistoryLoadFailed, Failure: Protocol violation)
2026-08-14T06:02:32.676Z App feature event (Surface: 1670764774, Operation: chatHistoryLoadStarted)
2026-08-14T06:02:32.783Z App feature event (Surface: 1670764774, Operation: chatHistoryLoadFailed, Failure: Protocol violation)
2026-08-14T06:02:32.783Z App feature event (Surface: 1670764774, Operation: chatHistoryLoadStarted)
2026-08-14T06:02:32.808Z App feature event (Operation: pairedMacStoreOpened)
2026-08-14T06:02:32.827Z App feature event (Surface: 724858956, Operation: terminalViewportClearStarted)
2026-08-14T06:02:32.848Z App feature event (Operation: appBecameInactive)
2026-08-14T06:02:32.848Z App lifecycle changed (Phase: Inactive)
2026-08-14T06:02:32.856Z [   67.463] composer.keyboardHideWhilePresented prevKeyboardHeight=318 frOwner=2 proxyIsFR=1
2026-08-14T06:02:32.856Z App feature event (Surface: 1670764774, Operation: chatHistoryLoadFailed, Failure: Protocol violation)
2026-08-14T06:02:32.874Z [   67.464] runtime.tick
2026-08-14T06:02:32.874Z App feature event (Surface: 1670764774, Operation: chatHistoryLoadStarted)
2026-08-14T06:02:32.876Z [   67.481] surface.layout bounds=440x836 window=true
2026-08-14T06:02:32.876Z [   67.481] surface.occlusion visible=true window=true hidden=false alpha=1.0
2026-08-14T06:02:32.876Z [   67.483] geom container=440x714 scale=3.0 cellPx=18x35 natural=72x61 eff=72x33 pinned=440x386 renderRect=440x386@0
2026-08-14T06:02:32.876Z [   67.483] zoom.autofit.deferred kbAnim=1 pendingReport=0 awaitingEcho=0 reportGrid=72x61 lastReported=72x33
2026-08-14T06:02:32.876Z [   67.483] geom container=440x714 scale=3.0 cellPx=18x35 natural=72x61 eff=72x33 pinned=440x386 renderRect=440x386@0
2026-08-14T06:02:32.876Z [   67.483] zoom.autofit.deferred kbAnim=1 pendingReport=1 awaitingEcho=0 reportGrid=72x61 lastReported=72x61
2026-08-14T06:02:32.876Z [   67.483] geom container=440x714 scale=3.0 cellPx=18x35 natural=72x61 eff=72x33 pinned=440x386 renderRect=440x386@0
2026-08-14T06:02:32.876Z [   67.483] zoom.autofit.deferred kbAnim=1 pendingReport=1 awaitingEcho=0 reportGrid=72x61 lastReported=72x61
2026-08-14T06:02:32.876Z [   67.483] surface.layout bounds=440x836 window=true
2026-08-14T06:02:32.876Z [   67.483] surface.occlusion visible=true window=true hidden=false alpha=1.0
2026-08-14T06:02:32.876Z [   67.484] geom container=440x714 scale=3.0 cellPx=18x35 natural=72x61 eff=72x33 pinned=440x386 renderRect=440x386@0
2026-08-14T06:02:32.876Z [   67.484] zoom.autofit.deferred kbAnim=1 pendingReport=1 awaitingEcho=0 reportGrid=72x61 lastReported=72x61
2026-08-14T06:02:32.923Z App feature event (Surface: 724858956, Operation: terminalViewportClearSucceeded)
2026-08-14T06:02:32.952Z App feature event (Surface: 724858956, Operation: terminalThemeChanged)
2026-08-14T06:02:32.952Z App feature event (Surface: 1670764774, Operation: chatHistoryLoadFailed, Failure: Protocol violation)
2026-08-14T06:02:32.956Z App feature event (Surface: 1670764774, Operation: chatHistoryLoadStarted)
2026-08-14T06:02:33.090Z App feature event (Surface: 1670764774, Operation: chatHistoryLoadFailed, Failure: Protocol violation)
2026-08-14T06:02:33.090Z App feature event (Surface: 1670764774, Operation: chatHistoryLoadStarted)
2026-08-14T06:02:33.181Z App feature event (Surface: 1670764774, Operation: chatHistoryLoadFailed, Failure: Protocol violation)
2026-08-14T06:02:33.181Z App feature event (Surface: 1670764774, Operation: chatHistoryLoadStarted)
2026-08-14T06:02:33.288Z App feature event (Surface: 1670764774, Operation: chatHistoryLoadFailed, Failure: Protocol violation)
2026-08-14T06:02:33.288Z App feature event (Surface: 1670764774, Operation: chatHistoryLoadStarted)
2026-08-14T06:02:33.367Z App feature event (Surface: 1670764774, Operation: chatHistoryLoadFailed, Failure: Protocol violation)
2026-08-14T06:02:33.367Z App feature event (Surface: 1670764774, Operation: chatHistoryLoadStarted)
2026-08-14T06:02:33.443Z App feature event (Surface: 1670764774, Operation: chatHistoryLoadFailed, Failure: Protocol violation)
2026-08-14T06:02:33.443Z App feature event (Surface: 1670764774, Operation: chatHistoryLoadStarted)
2026-08-14T06:02:33.500Z App feature event (Surface: 1670764774, Operation: chatHistoryLoadFailed, Failure: Protocol violation)
2026-08-14T06:02:33.500Z App feature event (Surface: 1670764774, Operation: chatHistoryLoadStarted)
2026-08-14T06:02:33.612Z App feature event (Surface: 1670764774, Operation: chatHistoryLoadFailed, Failure: Protocol violation)
2026-08-14T06:02:33.612Z App feature event (Surface: 1670764774, Operation: chatHistoryLoadStarted)
2026-08-14T06:02:33.669Z App feature event (Surface: 1670764774, Operation: chatHistoryLoadFailed, Failure: Protocol violation)
2026-08-14T06:02:33.669Z App feature event (Surface: 1670764774, Operation: chatHistoryLoadStarted)
2026-08-14T06:02:33.809Z App feature event (Surface: 1670764774, Operation: chatHistoryLoadFailed, Failure: Protocol violation)
2026-08-14T06:02:33.809Z App feature event (Surface: 1670764774, Operation: chatHistoryLoadStarted)
2026-08-14T06:02:33.867Z App feature event (Surface: 1670764774, Operation: chatHistoryLoadFailed, Failure: Protocol violation)
2026-08-14T06:02:33.867Z App feature event (Surface: 1670764774, Operation: chatHistoryLoadStarted)
2026-08-14T06:02:33.930Z App feature event (Surface: 1670764774, Operation: chatHistoryLoadFailed, Failure: Protocol violation)
2026-08-14T06:02:33.930Z App feature event (Surface: 1670764774, Operation: chatHistoryLoadStarted)
2026-08-14T06:02:33.992Z App feature event (Surface: 1670764774, Operation: chatHistoryLoadFailed, Failure: Protocol violation)
2026-08-14T06:02:33.992Z App feature event (Surface: 1670764774, Operation: chatHistoryLoadStarted)
2026-08-14T06:02:34.123Z App feature event (Surface: 1670764774, Operation: chatHistoryLoadFailed, Failure: Protocol violation)
2026-08-14T06:02:34.123Z App feature event (Surface: 1670764774, Operation: chatHistoryLoadStarted)
2026-08-14T06:02:34.186Z App feature event (Surface: 1670764774, Operation: chatHistoryLoadFailed, Failure: Protocol violation)
2026-08-14T06:02:34.186Z App feature event (Surface: 1670764774, Operation: chatHistoryLoadStarted)
2026-08-14T06:02:34.328Z App feature event (Surface: 1670764774, Operation: chatHistoryLoadFailed, Failure: Protocol violation)
2026-08-14T06:02:34.329Z App feature event (Surface: 1670764774, Operation: chatHistoryLoadStarted)
2026-08-14T06:02:34.391Z App feature event (Surface: 1670764774, Operation: chatHistoryLoadFailed, Failure: Protocol violation)
2026-08-14T06:02:34.392Z App feature event (Surface: 1670764774, Operation: chatHistoryLoadStarted)
2026-08-14T06:02:34.453Z App feature event (Surface: 1670764774, Operation: chatHistoryLoadFailed, Failure: Protocol violation)
2026-08-14T06:02:34.453Z App feature event (Surface: 1670764774, Operation: chatHistoryLoadStarted)
2026-08-14T06:02:34.519Z App feature event (Surface: 1670764774, Operation: chatHistoryLoadFailed, Failure: Protocol violation)
2026-08-14T06:02:34.519Z App feature event (Surface: 1670764774, Operation: chatHistoryLoadStarted)
2026-08-14T06:02:34.678Z App feature event (Surface: 1670764774, Operation: chatHistoryLoadFailed, Failure: Protocol violation)
2026-08-14T06:02:34.679Z App feature event (Surface: 1670764774, Operation: chatHistoryLoadStarted)
2026-08-14T06:02:34.751Z App feature event (Surface: 1670764774, Operation: chatHistoryLoadFailed, Failure: Protocol violation)
2026-08-14T06:02:34.751Z App feature event (Surface: 1670764774, Operation: chatHistoryLoadStarted)
2026-08-14T06:02:34.856Z App feature event (Surface: 1670764774, Operation: chatHistoryLoadFailed, Failure: Protocol violation)
2026-08-14T06:02:34.856Z App feature event (Surface: 1670764774, Operation: chatHistoryLoadStarted)
2026-08-14T06:02:34.957Z App feature event (Surface: 1670764774, Operation: chatHistoryLoadFailed, Failure: Protocol violation)
2026-08-14T06:02:34.957Z App feature event (Surface: 1670764774, Operation: chatHistoryLoadStarted)
2026-08-14T06:02:35.019Z App feature event (Surface: 1670764774, Operation: chatHistoryLoadFailed, Failure: Protocol violation)
2026-08-14T06:02:35.019Z App feature event (Surface: 1670764774, Operation: chatHistoryLoadStarted)
2026-08-14T06:02:35.083Z App feature event (Surface: 1670764774, Operation: chatHistoryLoadFailed, Failure: Protocol violation)
2026-08-14T06:02:35.083Z App feature event (Surface: 1670764774, Operation: chatHistoryLoadStarted)
2026-08-14T06:02:35.179Z App feature event (Surface: 1670764774, Operation: chatHistoryLoadFailed, Failure: Protocol violation)
2026-08-14T06:02:35.179Z App feature event (Surface: 1670764774, Operation: chatHistoryLoadStarted)
2026-08-14T06:02:35.249Z App feature event (Surface: 1670764774, Operation: chatHistoryLoadFailed, Failure: Protocol violation)
2026-08-14T06:02:35.249Z App feature event (Surface: 1670764774, Operation: chatHistoryLoadStarted)
2026-08-14T06:02:35.305Z App feature event (Operation: pairedMacStoreOpened)
2026-08-14T06:02:35.324Z App feature event (Operation: appBackgrounded)
2026-08-14T06:02:35.324Z App lifecycle changed (Phase: Background)
2026-08-14T06:02:35.502Z App feature event (Surface: 576666603, Operation: chatSessionListLoadStarted)
2026-08-14T06:02:35.503Z App feature event (Surface: 1670764774, Operation: chatHistoryLoadFailed, Failure: Cancelled)
2026-08-14T06:02:35.507Z App feature event (Surface: 1670764774, Operation: chatHistoryLoadStarted)
2026-08-14T06:02:35.507Z App feature event (Surface: 1670764774, Operation: chatHistoryLoadFailed, Failure: Cancelled)
2026-08-14T06:02:35.508Z App feature event (Surface: 1670764774, Operation: chatHistoryLoadStarted)
2026-08-14T06:02:35.508Z App feature event (Surface: 1670764774, Operation: chatHistoryLoadFailed, Failure: Cancelled)
2026-08-14T06:02:35.508Z App feature event (Surface: 1670764774, Operation: chatHistoryLoadStarted)
2026-08-14T06:02:35.508Z App feature event (Surface: 1670764774, Operation: chatHistoryLoadFailed, Failure: Cancelled)
2026-08-14T06:02:35.508Z App feature event (Surface: 1670764774, Operation: chatHistoryLoadStarted)
2026-08-14T06:02:35.508Z App feature event (Surface: 1670764774, Operation: chatHistoryLoadFailed, Failure: Cancelled)
2026-08-14T06:02:35.508Z App feature event (Surface: 1670764774, Operation: chatHistoryLoadStarted)
2026-08-14T06:02:35.508Z App feature event (Surface: 1670764774, Operation: chatHistoryLoadFailed, Failure: Cancelled)
2026-08-14T06:02:35.508Z App feature event (Surface: 1670764774, Operation: chatHistoryLoadStarted)
2026-08-14T06:02:35.508Z App feature event (Surface: 1670764774, Operation: chatHistoryLoadFailed, Failure: Cancelled)
2026-08-14T06:02:35.508Z App feature event (Surface: 1670764774, Operation: chatHistoryLoadStarted)
2026-08-14T06:02:35.508Z App feature event (Surface: 1670764774, Operation: chatHistoryLoadFailed, Failure: Cancelled)
2026-08-14T06:02:35.508Z App feature event (Surface: 1670764774, Operation: chatHistoryLoadStarted)
2026-08-14T06:02:35.508Z App feature event (Surface: 1670764774, Operation: chatHistoryLoadFailed, Failure: Cancelled)
2026-08-14T06:02:35.508Z App feature event (Surface: 1670764774, Operation: chatHistoryLoadStarted)
2026-08-14T06:02:35.508Z App feature event (Surface: 1670764774, Operation: chatHistoryLoadFailed, Failure: Cancelled)
2026-08-14T06:02:35.508Z App feature event (Surface: 1670764774, Operation: chatHistoryLoadStarted)
2026-08-14T06:02:35.508Z App feature event (Surface: 1670764774, Operation: chatHistoryLoadFailed, Failure: Cancelled)
2026-08-14T06:02:35.508Z App feature event (Surface: 1670764774, Operation: chatHistoryLoadStarted)
2026-08-14T06:02:35.508Z App feature event (Surface: 1670764774, Operation: chatHistoryLoadFailed, Failure: Cancelled)
2026-08-14T06:02:35.508Z App feature event (Surface: 1670764774, Operation: chatHistoryLoadStarted)
2026-08-14T06:02:35.508Z App feature event (Surface: 1670764774, Operation: chatHistoryLoadFailed, Failure: Cancelled)
2026-08-14T06:02:35.508Z App feature event (Surface: 1670764774, Operation: chatHistoryLoadStarted)
2026-08-14T06:02:35.508Z App feature event (Surface: 1670764774, Operation: chatHistoryLoadFailed, Failure: Cancelled)
2026-08-14T06:02:35.508Z App feature event (Surface: 1670764774, Operation: chatHistoryLoadStarted)
2026-08-14T06:02:35.508Z App feature event (Surface: 1670764774, Operation: chatHistoryLoadFailed, Failure: Cancelled)
2026-08-14T06:02:35.509Z App feature event (Surface: 1670764774, Operation: chatHistoryLoadStarted)
2026-08-14T06:02:35.509Z App feature event (Surface: 1670764774, Operation: chatHistoryLoadFailed, Failure: Cancelled)
2026-08-14T06:02:35.509Z App feature event (Surface: 1670764774, Operation: chatHistoryLoadStarted)
2026-08-14T06:02:35.509Z App feature event (Surface: 1670764774, Operation: chatHistoryLoadFailed, Failure: Cancelled)
2026-08-14T06:02:35.509Z App feature event (Surface: 1670764774, Operation: chatHistoryLoadStarted)
2026-08-14T06:02:35.509Z App feature event (Surface: 1670764774, Operation: chatHistoryLoadFailed, Failure: Cancelled)
2026-08-14T06:02:35.509Z App feature event (Surface: 1670764774, Operation: chatHistoryLoadStarted)
2026-08-14T06:02:35.509Z App feature event (Surface: 1670764774, Operation: chatHistoryLoadFailed, Failure: Cancelled)
2026-08-14T06:02:35.509Z App feature event (Surface: 1670764774, Operation: chatHistoryLoadStarted)
2026-08-14T06:02:35.509Z App feature event (Surface: 1670764774, Operation: chatHistoryLoadFailed, Failure: Cancelled)
2026-08-14T06:02:35.509Z App feature event (Surface: 1670764774, Operation: chatHistoryLoadStarted)
2026-08-14T06:02:35.509Z App feature event (Surface: 1670764774, Operation: chatHistoryLoadFailed, Failure: Cancelled)
2026-08-14T06:02:35.509Z App feature event (Surface: 1670764774, Operation: chatHistoryLoadStarted)
2026-08-14T06:02:35.509Z App feature event (Surface: 1670764774, Operation: chatHistoryLoadFailed, Failure: Cancelled)
2026-08-14T06:02:35.509Z App feature event (Surface: 1670764774, Operation: chatHistoryLoadStarted)
2026-08-14T06:02:35.509Z App feature event (Surface: 1670764774, Operation: chatHistoryLoadFailed, Failure: Cancelled)
2026-08-14T06:02:35.509Z App feature event (Surface: 1670764774, Operation: chatHistoryLoadStarted)
2026-08-14T06:02:35.509Z App feature event (Surface: 1670764774, Operation: chatHistoryLoadFailed, Failure: Cancelled)
2026-08-14T06:02:35.509Z App feature event (Surface: 1670764774, Operation: chatHistoryLoadStarted)
2026-08-14T06:02:35.509Z App feature event (Surface: 1670764774, Operation: chatHistoryLoadFailed, Failure: Cancelled)
2026-08-14T06:02:35.509Z App feature event (Surface: 1670764774, Operation: chatHistoryLoadStarted)
2026-08-14T06:02:35.509Z App feature event (Surface: 1670764774, Operation: chatHistoryLoadFailed, Failure: Cancelled)
2026-08-14T06:02:35.509Z App feature event (Surface: 1670764774, Operation: chatHistoryLoadStarted)
2026-08-14T06:02:35.510Z App feature event (Surface: 1670764774, Operation: chatHistoryLoadFailed, Failure: Cancelled)
2026-08-14T06:02:35.510Z App feature event (Surface: 1670764774, Operation: chatHistoryLoadStarted)
2026-08-14T06:02:35.510Z App feature event (Surface: 1670764774, Operation: chatHistoryLoadFailed, Failure: Cancelled)
2026-08-14T06:02:35.510Z App feature event (Surface: 1670764774, Operation: chatHistoryLoadStarted)
2026-08-14T06:02:35.510Z App feature event (Surface: 1670764774, Operation: chatHistoryLoadFailed, Failure: Cancelled)
2026-08-14T06:02:35.510Z App feature event (Surface: 1670764774, Operation: chatHistoryLoadStarted)
2026-08-14T06:02:35.510Z App feature event (Surface: 1670764774, Operation: chatHistoryLoadFailed, Failure: Cancelled)
2026-08-14T06:02:35.510Z App feature event (Surface: 1670764774, Operation: chatHistoryLoadStarted)
2026-08-14T06:02:35.510Z App feature event (Surface: 1670764774, Operation: chatHistoryLoadFailed, Failure: Cancelled)
2026-08-14T06:02:35.510Z App feature event (Surface: 1670764774, Operation: chatHistoryLoadStarted)
2026-08-14T06:02:35.510Z App feature event (Surface: 1670764774, Operation: chatHistoryLoadFailed, Failure: Cancelled)
2026-08-14T06:02:35.510Z App feature event (Surface: 1670764774, Operation: chatHistoryLoadStarted)
2026-08-14T06:02:35.510Z App feature event (Surface: 1670764774, Operation: chatHistoryLoadFailed, Failure: Cancelled)
2026-08-14T06:02:35.510Z App feature event (Surface: 1670764774, Operation: chatHistoryLoadStarted)
2026-08-14T06:02:35.510Z App feature event (Surface: 1670764774, Operation: chatHistoryLoadFailed, Failure: Cancelled)
2026-08-14T06:02:35.510Z App feature event (Surface: 1670764774, Operation: chatHistoryLoadStarted)
2026-08-14T06:02:35.510Z App feature event (Surface: 1670764774, Operation: chatHistoryLoadFailed, Failure: Cancelled)
2026-08-14T06:02:35.510Z App feature event (Surface: 1670764774, Operation: chatHistoryLoadStarted)
2026-08-14T06:02:35.510Z App feature event (Surface: 1670764774, Operation: chatHistoryLoadFailed, Failure: Cancelled)
2026-08-14T06:02:35.510Z App feature event (Surface: 1670764774, Operation: chatHistoryLoadStarted)
2026-08-14T06:02:35.510Z App feature event (Surface: 1670764774, Operation: chatHistoryLoadFailed, Failure: Cancelled)
2026-08-14T06:02:35.510Z App feature event (Surface: 1670764774, Operation: chatHistoryLoadStarted)
2026-08-14T06:02:35.510Z App feature event (Surface: 1670764774, Operation: chatHistoryLoadFailed, Failure: Cancelled)
2026-08-14T06:02:35.510Z App feature event (Surface: 1670764774, Operation: chatHistoryLoadStarted)
2026-08-14T06:02:35.510Z App feature event (Surface: 1670764774, Operation: chatHistoryLoadFailed, Failure: Cancelled)
2026-08-14T06:02:35.510Z App feature event (Surface: 1670764774, Operation: chatHistoryLoadStarted)
2026-08-14T06:02:35.510Z App feature event (Surface: 1670764774, Operation: chatHistoryLoadFailed, Failure: Cancelled)
2026-08-14T06:02:35.510Z App feature event (Surface: 1670764774, Operation: chatHistoryLoadStarted)
2026-08-14T06:02:35.511Z App feature event (Surface: 1670764774, Operation: chatHistoryLoadFailed, Failure: Cancelled)
2026-08-14T06:02:35.511Z App feature event (Surface: 1670764774, Operation: chatHistoryLoadStarted)
2026-08-14T06:02:35.511Z App feature event (Surface: 1670764774, Operation: chatHistoryLoadFailed, Failure: Cancelled)
2026-08-14T06:02:35.511Z App feature event (Surface: 1670764774, Operation: chatHistoryLoadStarted)
2026-08-14T06:02:35.511Z App feature event (Surface: 1670764774, Operation: chatHistoryLoadFailed, Failure: Cancelled)
2026-08-14T06:02:35.511Z App feature event (Surface: 1670764774, Operation: chatHistoryLoadStarted)
2026-08-14T06:02:35.511Z App feature event (Surface: 1670764774, Operation: chatHistoryLoadFailed, Failure: Cancelled)
2026-08-14T06:02:35.511Z App feature event (Surface: 1670764774, Operation: chatHistoryLoadStarted)
2026-08-14T06:02:35.511Z App feature event (Surface: 1670764774, Operation: chatHistoryLoadFailed, Failure: Cancelled)
2026-08-14T06:02:35.511Z App feature event (Surface: 1670764774, Operation: chatHistoryLoadStarted)
2026-08-14T06:02:35.511Z App feature event (Surface: 1670764774, Operation: chatHistoryLoadFailed, Failure: Cancelled)
2026-08-14T06:02:35.511Z App feature event (Surface: 1670764774, Operation: chatHistoryLoadStarted)
2026-08-14T06:02:35.511Z App feature event (Surface: 1670764774, Operation: chatHistoryLoadFailed, Failure: Cancelled)
2026-08-14T06:02:35.511Z App feature event (Surface: 1670764774, Operation: chatHistoryLoadStarted)
2026-08-14T06:02:35.511Z App feature event (Surface: 1670764774, Operation: chatHistoryLoadFailed, Failure: Cancelled)
2026-08-14T06:02:35.511Z App feature event (Surface: 1670764774, Operation: chatHistoryLoadStarted)
2026-08-14T06:02:35.511Z App feature event (Surface: 1670764774, Operation: chatHistoryLoadFailed, Failure: Cancelled)
2026-08-14T06:02:35.511Z App feature event (Surface: 1670764774, Operation: chatHistoryLoadStarted)
2026-08-14T06:02:35.511Z App feature event (Surface: 1670764774, Operation: chatHistoryLoadFailed, Failure: Cancelled)
2026-08-14T06:02:35.511Z App feature event (Surface: 1670764774, Operation: chatHistoryLoadStarted)
2026-08-14T06:02:35.511Z App feature event (Surface: 1670764774, Operation: chatHistoryLoadFailed, Failure: Cancelled)
2026-08-14T06:02:35.511Z App feature event (Surface: 1670764774, Operation: chatHistoryLoadStarted)
2026-08-14T06:02:35.511Z App feature event (Surface: 1670764774, Operation: chatHistoryLoadFailed, Failure: Cancelled)
2026-08-14T06:02:35.511Z App feature event (Surface: 1670764774, Operation: chatHistoryLoadStarted)
2026-08-14T06:02:35.511Z App feature event (Surface: 1670764774, Operation: chatHistoryLoadFailed, Failure: Cancelled)
2026-08-14T06:02:35.511Z App feature event (Surface: 1670764774, Operation: chatHistoryLoadStarted)
2026-08-14T06:02:35.511Z App feature event (Surface: 1670764774, Operation: chatHistoryLoadFailed, Failure: Cancelled)
2026-08-14T06:02:35.511Z App feature event (Surface: 1670764774, Operation: chatHistoryLoadStarted)
2026-08-14T06:02:35.512Z App feature event (Surface: 1670764774, Operation: chatHistoryLoadFailed, Failure: Cancelled)
2026-08-14T06:02:35.512Z App feature event (Surface: 1670764774, Operation: chatHistoryLoadStarted)
2026-08-14T06:02:35.512Z App feature event (Surface: 1670764774, Operation: chatHistoryLoadFailed, Failure: Cancelled)
2026-08-14T06:02:35.512Z App feature event (Surface: 1670764774, Operation: chatHistoryLoadStarted)
2026-08-14T06:02:35.512Z App feature event (Surface: 1670764774, Operation: chatHistoryLoadFailed, Failure: Cancelled)
2026-08-14T06:02:35.512Z App feature event (Surface: 1670764774, Operation: chatHistoryLoadStarted)
2026-08-14T06:02:35.512Z App feature event (Surface: 1670764774, Operation: chatHistoryLoadFailed, Failure: Cancelled)
2026-08-14T06:02:35.512Z App feature event (Surface: 1670764774, Operation: chatHistoryLoadStarted)
2026-08-14T06:02:35.512Z App feature event (Surface: 1670764774, Operation: chatHistoryLoadFailed, Failure: Cancelled)
2026-08-14T06:02:35.512Z App feature event (Surface: 1670764774, Operation: chatHistoryLoadStarted)
2026-08-14T06:02:35.512Z App feature event (Surface: 1670764774, Operation: chatHistoryLoadFailed, Failure: Cancelled)
2026-08-14T06:02:35.512Z App feature event (Surface: 1670764774, Operation: chatHistoryLoadStarted)
2026-08-14T06:02:35.512Z App feature event (Surface: 1670764774, Operation: chatHistoryLoadFailed, Failure: Cancelled)
2026-08-14T06:02:35.512Z App feature event (Surface: 1670764774, Operation: chatHistoryLoadStarted)
2026-08-14T06:02:35.512Z App feature event (Surface: 1670764774, Operation: chatHistoryLoadFailed, Failure: Cancelled)
2026-08-14T06:02:35.512Z App feature event (Surface: 1670764774, Operation: chatHistoryLoadStarted)
2026-08-14T06:02:35.512Z App feature event (Surface: 1670764774, Operation: chatHistoryLoadFailed, Failure: Cancelled)
2026-08-14T06:02:35.512Z App feature event (Surface: 1670764774, Operation: chatHistoryLoadStarted)
2026-08-14T06:02:35.512Z App feature event (Surface: 1670764774, Operation: chatHistoryLoadFailed, Failure: Cancelled)
2026-08-14T06:02:35.512Z App feature event (Surface: 1670764774, Operation: chatHistoryLoadStarted)
2026-08-14T06:02:35.512Z App feature event (Surface: 1670764774, Operation: chatHistoryLoadFailed, Failure: Cancelled)
2026-08-14T06:02:35.512Z App feature event (Surface: 1670764774, Operation: chatHistoryLoadStarted)
2026-08-14T06:02:35.512Z App feature event (Surface: 1670764774, Operation: chatHistoryLoadFailed, Failure: Cancelled)
2026-08-14T06:02:35.512Z App feature event (Surface: 1670764774, Operation: chatHistoryLoadStarted)
2026-08-14T06:02:35.512Z App feature event (Surface: 1670764774, Operation: chatHistoryLoadFailed, Failure: Cancelled)
2026-08-14T06:02:35.512Z App feature event (Surface: 1670764774, Operation: chatHistoryLoadStarted)
2026-08-14T06:02:35.512Z App feature event (Surface: 1670764774, Operation: chatHistoryLoadFailed, Failure: Cancelled)
2026-08-14T06:02:35.512Z App feature event (Surface: 1670764774, Operation: chatHistoryLoadStarted)
2026-08-14T06:02:35.513Z App feature event (Surface: 1670764774, Operation: chatHistoryLoadFailed, Failure: Cancelled)
2026-08-14T06:02:35.513Z App feature event (Surface: 1670764774, Operation: chatHistoryLoadStarted)
2026-08-14T06:02:35.513Z App feature event (Surface: 1670764774, Operation: chatHistoryLoadFailed, Failure: Cancelled)
2026-08-14T06:02:35.513Z App feature event (Surface: 1670764774, Operation: chatHistoryLoadStarted)
2026-08-14T06:02:35.513Z App feature event (Surface: 1670764774, Operation: chatHistoryLoadFailed, Failure: Cancelled)
2026-08-14T06:02:35.513Z App feature event (Surface: 1670764774, Operation: chatHistoryLoadStarted)
2026-08-14T06:02:35.513Z App feature event (Surface: 1670764774, Operation: chatHistoryLoadFailed, Failure: Cancelled)
2026-08-14T06:02:35.513Z App feature event (Surface: 1670764774, Operation: chatHistoryLoadStarted)
2026-08-14T06:02:35.513Z App feature event (Surface: 1670764774, Operation: chatHistoryLoadFailed, Failure: Cancelled)
2026-08-14T06:02:35.513Z App feature event (Surface: 1670764774, Operation: chatHistoryLoadStarted)
2026-08-14T06:02:35.513Z App feature event (Surface: 1670764774, Operation: chatHistoryLoadFailed, Failure: Cancelled)
2026-08-14T06:02:35.513Z App feature event (Surface: 1670764774, Operation: chatHistoryLoadStarted)
2026-08-14T06:02:35.513Z App feature event (Surface: 1670764774, Operation: chatHistoryLoadFailed, Failure: Cancelled)
2026-08-14T06:02:35.513Z App feature event (Surface: 1670764774, Operation: chatHistoryLoadStarted)
2026-08-14T06:02:35.513Z App feature event (Surface: 1670764774, Operation: chatHistoryLoadFailed, Failure: Cancelled)
2026-08-14T06:02:35.513Z App feature event (Surface: 1670764774, Operation: chatHistoryLoadStarted)
2026-08-14T06:02:35.513Z App feature event (Surface: 1670764774, Operation: chatHistoryLoadFailed, Failure: Cancelled)
2026-08-14T06:02:35.513Z App feature event (Surface: 1670764774, Operation: chatHistoryLoadStarted)
2026-08-14T06:02:35.513Z App feature event (Surface: 1670764774, Operation: chatHistoryLoadFailed, Failure: Cancelled)
2026-08-14T06:02:35.513Z App feature event (Surface: 1670764774, Operation: chatHistoryLoadStarted)
2026-08-14T06:02:35.513Z App feature event (Surface: 1670764774, Operation: chatHistoryLoadFailed, Failure: Cancelled)
2026-08-14T06:02:35.513Z App feature event (Surface: 1670764774, Operation: chatHistoryLoadStarted)
2026-08-14T06:02:35.513Z App feature event (Surface: 1670764774, Operation: chatHistoryLoadFailed, Failure: Cancelled)
2026-08-14T06:02:35.513Z App feature event (Surface: 1670764774, Operation: chatHistoryLoadStarted)
2026-08-14T06:02:35.513Z App feature event (Surface: 1670764774, Operation: chatHistoryLoadFailed, Failure: Cancelled)
2026-08-14T06:02:35.513Z App feature event (Surface: 1670764774, Operation: chatHistoryLoadStarted)
2026-08-14T06:02:35.513Z App feature event (Surface: 1670764774, Operation: chatHistoryLoadFailed, Failure: Cancelled)
2026-08-14T06:02:35.513Z App feature event (Surface: 1670764774, Operation: chatHistoryLoadStarted)
2026-08-14T06:02:35.513Z App feature event (Surface: 1670764774, Operation: chatHistoryLoadFailed, Failure: Cancelled)
2026-08-14T06:02:35.513Z App feature event (Surface: 1670764774, Operation: chatHistoryLoadStarted)
2026-08-14T06:02:35.513Z App feature event (Surface: 1670764774, Operation: chatHistoryLoadFailed, Failure: Cancelled)
2026-08-14T06:02:35.513Z App feature event (Surface: 1670764774, Operation: chatHistoryLoadStarted)
2026-08-14T06:02:35.513Z App feature event (Surface: 1670764774, Operation: chatHistoryLoadFailed, Failure: Cancelled)
2026-08-14T06:02:35.513Z App feature event (Surface: 1670764774, Operation: chatHistoryLoadStarted)
2026-08-14T06:02:35.514Z App feature event (Surface: 1670764774, Operation: chatHistoryLoadFailed, Failure: Cancelled)
2026-08-14T06:02:35.514Z App feature event (Surface: 1670764774, Operation: chatHistoryLoadStarted)
2026-08-14T06:02:35.514Z App feature event (Surface: 1670764774, Operation: chatHistoryLoadFailed, Failure: Cancelled)
2026-08-14T06:02:35.514Z App feature event (Surface: 1670764774, Operation: chatHistoryLoadStarted)
2026-08-14T06:02:35.514Z App feature event (Surface: 1670764774, Operation: chatHistoryLoadFailed, Failure: Cancelled)
2026-08-14T06:02:35.514Z App feature event (Surface: 1670764774, Operation: chatHistoryLoadStarted)
2026-08-14T06:02:35.514Z App feature event (Surface: 1670764774, Operation: chatHistoryLoadFailed, Failure: Cancelled)
2026-08-14T06:02:35.514Z App feature event (Surface: 1670764774, Operation: chatHistoryLoadStarted)
2026-08-14T06:02:35.514Z App feature event (Surface: 1670764774, Operation: chatHistoryLoadFailed, Failure: Cancelled)
2026-08-14T06:02:35.514Z App feature event (Surface: 1670764774, Operation: chatHistoryLoadStarted)
2026-08-14T06:02:35.514Z App feature event (Surface: 1670764774, Operation: chatHistoryLoadFailed, Failure: Cancelled)
2026-08-14T06:02:35.514Z App feature event (Surface: 1670764774, Operation: chatHistoryLoadStarted)
2026-08-14T06:02:35.514Z App feature event (Surface: 1670764774, Operation: chatHistoryLoadFailed, Failure: Cancelled)
2026-08-14T06:02:35.514Z App feature event (Surface: 1670764774, Operation: chatHistoryLoadStarted)
2026-08-14T06:02:35.514Z App feature event (Surface: 1670764774, Operation: chatHistoryLoadFailed, Failure: Cancelled)
2026-08-14T06:02:35.514Z App feature event (Surface: 1670764774, Operation: chatHistoryLoadStarted)
2026-08-14T06:02:35.514Z App feature event (Surface: 1670764774, Operation: chatHistoryLoadFailed, Failure: Cancelled)
2026-08-14T06:02:35.514Z App feature event (Surface: 1670764774, Operation: chatHistoryLoadStarted)
2026-08-14T06:02:35.514Z App feature event (Surface: 1670764774, Operation: chatHistoryLoadFailed, Failure: Cancelled)
2026-08-14T06:02:35.514Z App feature event (Surface: 1670764774, Operation: chatHistoryLoadStarted)
2026-08-14T06:02:35.514Z App feature event (Surface: 1670764774, Operation: chatHistoryLoadFailed, Failure: Cancelled)
2026-08-14T06:02:35.514Z App feature event (Surface: 1670764774, Operation: chatHistoryLoadStarted)
2026-08-14T06:02:35.514Z App feature event (Surface: 1670764774, Operation: chatHistoryLoadFailed, Failure: Cancelled)
2026-08-14T06:02:35.514Z App feature event (Surface: 1670764774, Operation: chatHistoryLoadStarted)
2026-08-14T06:02:35.514Z App feature event (Surface: 1670764774, Operation: chatHistoryLoadFailed, Failure: Cancelled)
2026-08-14T06:02:35.514Z App feature event (Surface: 1670764774, Operation: chatHistoryLoadStarted)
2026-08-14T06:02:35.515Z App feature event (Surface: 1670764774, Operation: chatHistoryLoadFailed, Failure: Cancelled)
2026-08-14T06:02:35.515Z App feature event (Surface: 1670764774, Operation: chatHistoryLoadStarted)
2026-08-14T06:02:35.515Z App feature event (Surface: 1670764774, Operation: chatHistoryLoadFailed, Failure: Cancelled)
2026-08-14T06:02:35.515Z App feature event (Surface: 1670764774, Operation: chatHistoryLoadStarted)
2026-08-14T06:02:35.515Z App feature event (Surface: 1670764774, Operation: chatHistoryLoadFailed, Failure: Cancelled)
2026-08-14T06:02:35.515Z App feature event (Surface: 1670764774, Operation: chatHistoryLoadStarted)
2026-08-14T06:02:35.515Z App feature event (Surface: 1670764774, Operation: chatHistoryLoadFailed, Failure: Cancelled)
2026-08-14T06:02:35.515Z App feature event (Surface: 1670764774, Operation: chatHistoryLoadStarted)
2026-08-14T06:02:35.515Z App feature event (Surface: 1670764774, Operation: chatHistoryLoadFailed, Failure: Cancelled)
2026-08-14T06:02:35.515Z App feature event (Surface: 1670764774, Operation: chatHistoryLoadStarted)
2026-08-14T06:02:35.515Z App feature event (Surface: 1670764774, Operation: chatHistoryLoadFailed, Failure: Cancelled)
2026-08-14T06:02:35.515Z App feature event (Surface: 1670764774, Operation: chatHistoryLoadStarted)
2026-08-14T06:02:35.515Z App feature event (Surface: 1670764774, Operation: chatHistoryLoadFailed, Failure: Cancelled)
2026-08-14T06:02:35.515Z App feature event (Surface: 1670764774, Operation: chatHistoryLoadStarted)
2026-08-14T06:02:35.515Z App feature event (Surface: 1670764774, Operation: chatHistoryLoadFailed, Failure: Cancelled)
2026-08-14T06:02:35.515Z App feature event (Surface: 1670764774, Operation: chatHistoryLoadStarted)
2026-08-14T06:02:35.515Z App feature event (Surface: 1670764774, Operation: chatHistoryLoadFailed, Failure: Cancelled)
2026-08-14T06:02:35.515Z App feature event (Surface: 1670764774, Operation: chatHistoryLoadStarted)
2026-08-14T06:02:35.515Z App feature event (Surface: 1670764774, Operation: chatHistoryLoadFailed, Failure: Cancelled)
2026-08-14T06:02:35.515Z App feature event (Surface: 1670764774, Operation: chatHistoryLoadStarted)
2026-08-14T06:02:35.515Z App feature event (Surface: 1670764774, Operation: chatHistoryLoadFailed, Failure: Cancelled)
2026-08-14T06:02:35.515Z App feature event (Surface: 1670764774, Operation: chatHistoryLoadStarted)
2026-08-14T06:02:35.515Z App feature event (Surface: 1670764774, Operation: chatHistoryLoadFailed, Failure: Cancelled)
2026-08-14T06:02:35.515Z App feature event (Surface: 1670764774, Operation: chatHistoryLoadStarted)
2026-08-14T06:02:35.515Z App feature event (Surface: 1670764774, Operation: chatHistoryLoadFailed, Failure: Cancelled)
2026-08-14T06:02:35.515Z App feature event (Surface: 1670764774, Operation: chatHistoryLoadStarted)
2026-08-14T06:02:35.515Z App feature event (Surface: 1670764774, Operation: chatHistoryLoadFailed, Failure: Cancelled)
2026-08-14T06:02:35.515Z App feature event (Surface: 1670764774, Operation: chatHistoryLoadStarted)
2026-08-14T06:02:35.515Z App feature event (Surface: 1670764774, Operation: chatHistoryLoadFailed, Failure: Cancelled)
2026-08-14T06:02:35.515Z App feature event (Surface: 1670764774, Operation: chatHistoryLoadStarted)
2026-08-14T06:02:35.515Z App feature event (Surface: 1670764774, Operation: chatHistoryLoadFailed, Failure: Cancelled)
2026-08-14T06:02:35.515Z App feature event (Surface: 1670764774, Operation: chatHistoryLoadStarted)
2026-08-14T06:02:35.515Z App feature event (Surface: 1670764774, Operation: chatHistoryLoadFailed, Failure: Cancelled)
2026-08-14T06:02:35.515Z App feature event (Surface: 1670764774, Operation: chatHistoryLoadStarted)
2026-08-14T06:02:35.515Z App feature event (Surface: 1670764774, Operation: chatHistoryLoadFailed, Failure: Cancelled)
2026-08-14T06:02:35.516Z App feature event (Surface: 1670764774, Operation: chatHistoryLoadStarted)
2026-08-14T06:02:35.516Z App feature event (Surface: 1670764774, Operation: chatHistoryLoadFailed, Failure: Cancelled)
2026-08-14T06:02:35.516Z App feature event (Surface: 1670764774, Operation: chatHistoryLoadStarted)
2026-08-14T06:02:35.516Z App feature event (Surface: 1670764774, Operation: chatHistoryLoadFailed, Failure: Cancelled)
2026-08-14T06:02:35.516Z App feature event (Surface: 1670764774, Operation: chatHistoryLoadStarted)
2026-08-14T06:02:35.516Z App feature event (Surface: 1670764774, Operation: chatHistoryLoadFailed, Failure: Cancelled)
2026-08-14T06:02:35.516Z App feature event (Surface: 1670764774, Operation: chatHistoryLoadStarted)
2026-08-14T06:02:35.516Z App feature event (Surface: 1670764774, Operation: chatHistoryLoadFailed, Failure: Cancelled)
2026-08-14T06:02:35.516Z App feature event (Surface: 1670764774, Operation: chatHistoryLoadStarted)
2026-08-14T06:02:35.516Z App feature event (Surface: 1670764774, Operation: chatHistoryLoadFailed, Failure: Cancelled)
2026-08-14T06:02:35.516Z App feature event (Surface: 1670764774, Operation: chatHistoryLoadStarted)
2026-08-14T06:02:35.516Z App feature event (Surface: 1670764774, Operation: chatHistoryLoadFailed, Failure: Cancelled)
2026-08-14T06:02:35.516Z App feature event (Surface: 1670764774, Operation: chatHistoryLoadStarted)
2026-08-14T06:02:35.516Z App feature event (Surface: 1670764774, Operation: chatHistoryLoadFailed, Failure: Cancelled)
2026-08-14T06:02:35.516Z App feature event (Surface: 1670764774, Operation: chatHistoryLoadStarted)
2026-08-14T06:02:35.516Z App feature event (Surface: 1670764774, Operation: chatHistoryLoadFailed, Failure: Cancelled)
2026-08-14T06:02:35.516Z App feature event (Surface: 1670764774, Operation: chatHistoryLoadStarted)
2026-08-14T06:02:35.516Z App feature event (Surface: 1670764774, Operation: chatHistoryLoadFailed, Failure: Cancelled)
2026-08-14T06:02:35.516Z App feature event (Surface: 1670764774, Operation: chatHistoryLoadStarted)
2026-08-14T06:02:35.516Z App feature event (Surface: 1670764774, Operation: chatHistoryLoadFailed, Failure: Cancelled)
2026-08-14T06:02:35.516Z App feature event (Surface: 1670764774, Operation: chatHistoryLoadStarted)
2026-08-14T06:02:35.516Z App feature event (Surface: 1670764774, Operation: chatHistoryLoadFailed, Failure: Cancelled)
2026-08-14T06:02:35.516Z App feature event (Surface: 1670764774, Operation: chatHistoryLoadStarted)
2026-08-14T06:02:35.516Z App feature event (Surface: 1670764774, Operation: chatHistoryLoadFailed, Failure: Cancelled)
2026-08-14T06:02:35.516Z App feature event (Surface: 1670764774, Operation: chatHistoryLoadStarted)
2026-08-14T06:02:35.516Z App feature event (Surface: 1670764774, Operation: chatHistoryLoadFailed, Failure: Cancelled)
2026-08-14T06:02:35.516Z App feature event (Surface: 1670764774, Operation: chatHistoryLoadStarted)
2026-08-14T06:02:35.516Z App feature event (Surface: 1670764774, Operation: chatHistoryLoadFailed, Failure: Cancelled)
2026-08-14T06:02:35.516Z App feature event (Surface: 1670764774, Operation: chatHistoryLoadStarted)
2026-08-14T06:02:35.516Z App feature event (Surface: 1670764774, Operation: chatHistoryLoadFailed, Failure: Cancelled)
2026-08-14T06:02:35.516Z App feature event (Surface: 1670764774, Operation: chatHistoryLoadStarted)
2026-08-14T06:02:35.516Z App feature event (Surface: 1670764774, Operation: chatHistoryLoadFailed, Failure: Cancelled)
2026-08-14T06:02:35.516Z App feature event (Surface: 1670764774, Operation: chatHistoryLoadStarted)
2026-08-14T06:02:35.516Z App feature event (Surface: 1670764774, Operation: chatHistoryLoadFailed, Failure: Cancelled)
2026-08-14T06:02:35.516Z App feature event (Surface: 1670764774, Operation: chatHistoryLoadStarted)
2026-08-14T06:02:35.517Z App feature event (Surface: 1670764774, Operation: chatHistoryLoadFailed, Failure: Cancelled)
2026-08-14T06:02:35.517Z App feature event (Surface: 1670764774, Operation: chatHistoryLoadStarted)
2026-08-14T06:02:35.517Z App feature event (Surface: 1670764774, Operation: chatHistoryLoadFailed, Failure: Cancelled)
2026-08-14T06:02:35.517Z App feature event (Surface: 1670764774, Operation: chatHistoryLoadStarted)
2026-08-14T06:02:35.517Z App feature event (Surface: 1670764774, Operation: chatHistoryLoadFailed, Failure: Cancelled)
2026-08-14T06:02:35.517Z App feature event (Surface: 1670764774, Operation: chatHistoryLoadStarted)
2026-08-14T06:02:35.517Z App feature event (Surface: 1670764774, Operation: chatHistoryLoadFailed, Failure: Cancelled)
2026-08-14T06:02:35.517Z App feature event (Surface: 1670764774, Operation: chatHistoryLoadStarted)
2026-08-14T06:02:35.517Z App feature event (Surface: 1670764774, Operation: chatHistoryLoadFailed, Failure: Cancelled)
2026-08-14T06:02:35.517Z App feature event (Surface: 1670764774, Operation: chatHistoryLoadStarted)
2026-08-14T06:02:35.517Z App feature event (Surface: 1670764774, Operation: chatHistoryLoadFailed, Failure: Cancelled)
2026-08-14T06:02:35.517Z App feature event (Surface: 1670764774, Operation: chatHistoryLoadStarted)
2026-08-14T06:02:35.517Z App feature event (Surface: 1670764774, Operation: chatHistoryLoadFailed, Failure: Cancelled)
2026-08-14T06:02:35.517Z App feature event (Surface: 1670764774, Operation: chatHistoryLoadStarted)
2026-08-14T06:02:35.517Z App feature event (Surface: 1670764774, Operation: chatHistoryLoadFailed, Failure: Cancelled)
2026-08-14T06:02:35.517Z App feature event (Surface: 1670764774, Operation: chatHistoryLoadStarted)
2026-08-14T06:02:35.517Z App feature event (Surface: 1670764774, Operation: chatHistoryLoadFailed, Failure: Cancelled)
2026-08-14T06:02:35.517Z App feature event (Surface: 1670764774, Operation: chatHistoryLoadStarted)
2026-08-14T06:02:35.517Z App feature event (Surface: 1670764774, Operation: chatHistoryLoadFailed, Failure: Cancelled)
2026-08-14T06:02:35.517Z App feature event (Surface: 1670764774, Operation: chatHistoryLoadStarted)
2026-08-14T06:02:35.517Z App feature event (Surface: 1670764774, Operation: chatHistoryLoadFailed, Failure: Cancelled)
2026-08-14T06:02:35.517Z App feature event (Surface: 1670764774, Operation: chatHistoryLoadStarted)
2026-08-14T06:02:35.517Z App feature event (Surface: 1670764774, Operation: chatHistoryLoadFailed, Failure: Cancelled)
2026-08-14T06:02:35.517Z App feature event (Surface: 1670764774, Operation: chatHistoryLoadStarted)
2026-08-14T06:02:35.517Z App feature event (Surface: 1670764774, Operation: chatHistoryLoadFailed, Failure: Cancelled)
2026-08-14T06:02:35.517Z App feature event (Surface: 1670764774, Operation: chatHistoryLoadStarted)
2026-08-14T06:02:35.517Z App feature event (Surface: 1670764774, Operation: chatHistoryLoadFailed, Failure: Cancelled)
2026-08-14T06:02:35.517Z App feature event (Surface: 1670764774, Operation: chatHistoryLoadStarted)
2026-08-14T06:02:35.517Z App feature event (Surface: 1670764774, Operation: chatHistoryLoadFailed, Failure: Cancelled)
2026-08-14T06:02:35.518Z App feature event (Surface: 1670764774, Operation: chatHistoryLoadStarted)
2026-08-14T06:02:35.518Z App feature event (Surface: 1670764774, Operation: chatHistoryLoadFailed, Failure: Cancelled)
2026-08-14T06:02:35.518Z App feature event (Surface: 1670764774, Operation: chatHistoryLoadStarted)
2026-08-14T06:02:35.518Z App feature event (Surface: 1670764774, Operation: chatHistoryLoadFailed, Failure: Cancelled)
2026-08-14T06:02:35.518Z App feature event (Surface: 1670764774, Operation: chatHistoryLoadStarted)
2026-08-14T06:02:35.518Z App feature event (Surface: 1670764774, Operation: chatHistoryLoadFailed, Failure: Cancelled)
2026-08-14T06:02:35.518Z App feature event (Surface: 1670764774, Operation: chatHistoryLoadStarted)
2026-08-14T06:02:35.518Z App feature event (Surface: 1670764774, Operation: chatHistoryLoadFailed, Failure: Cancelled)
2026-08-14T06:02:35.518Z App feature event (Surface: 1670764774, Operation: chatHistoryLoadStarted)
2026-08-14T06:02:35.518Z App feature event (Surface: 1670764774, Operation: chatHistoryLoadFailed, Failure: Cancelled)
2026-08-14T06:02:35.518Z App feature event (Surface: 1670764774, Operation: chatHistoryLoadStarted)
2026-08-14T06:02:35.518Z App feature event (Surface: 1670764774, Operation: chatHistoryLoadFailed, Failure: Cancelled)
2026-08-14T06:02:35.518Z App feature event (Surface: 1670764774, Operation: chatHistoryLoadStarted)
2026-08-14T06:02:35.518Z App feature event (Surface: 1670764774, Operation: chatHistoryLoadFailed, Failure: Cancelled)
2026-08-14T06:02:35.518Z App feature event (Surface: 1670764774, Operation: chatHistoryLoadStarted)
2026-08-14T06:02:35.518Z App feature event (Surface: 1670764774, Operation: chatHistoryLoadFailed, Failure: Cancelled)
2026-08-14T06:02:35.518Z App feature event (Surface: 1670764774, Operation: chatHistoryLoadStarted)
2026-08-14T06:02:35.518Z App feature event (Surface: 1670764774, Operation: chatHistoryLoadFailed, Failure: Cancelled)
2026-08-14T06:02:35.518Z App feature event (Surface: 1670764774, Operation: chatHistoryLoadStarted)
2026-08-14T06:02:35.518Z App feature event (Surface: 1670764774, Operation: chatHistoryLoadFailed, Failure: Cancelled)
2026-08-14T06:02:35.518Z App feature event (Surface: 1670764774, Operation: chatHistoryLoadStarted)
2026-08-14T06:02:35.518Z App feature event (Surface: 1670764774, Operation: chatHistoryLoadFailed, Failure: Cancelled)
2026-08-14T06:02:35.518Z App feature event (Surface: 1670764774, Operation: chatHistoryLoadStarted)
2026-08-14T06:02:35.518Z App feature event (Surface: 1670764774, Operation: chatHistoryLoadFailed, Failure: Cancelled)
2026-08-14T06:02:35.518Z App feature event (Surface: 1670764774, Operation: chatHistoryLoadStarted)
2026-08-14T06:02:35.518Z App feature event (Surface: 1670764774, Operation: chatHistoryLoadFailed, Failure: Cancelled)
2026-08-14T06:02:35.518Z App feature event (Surface: 1670764774, Operation: chatHistoryLoadStarted)
2026-08-14T06:02:35.518Z App feature event (Surface: 1670764774, Operation: chatHistoryLoadFailed, Failure: Cancelled)
2026-08-14T06:02:35.518Z App feature event (Surface: 1670764774, Operation: chatHistoryLoadStarted)
2026-08-14T06:02:35.518Z App feature event (Surface: 1670764774, Operation: chatHistoryLoadFailed, Failure: Cancelled)
2026-08-14T06:02:35.518Z App feature event (Surface: 1670764774, Operation: chatHistoryLoadStarted)
2026-08-14T06:02:35.519Z App feature event (Surface: 1670764774, Operation: chatHistoryLoadFailed, Failure: Cancelled)
2026-08-14T06:02:35.519Z App feature event (Surface: 1670764774, Operation: chatHistoryLoadStarted)
2026-08-14T06:02:35.519Z App feature event (Surface: 1670764774, Operation: chatHistoryLoadFailed, Failure: Cancelled)
2026-08-14T06:02:35.519Z App feature event (Surface: 1670764774, Operation: chatHistoryLoadStarted)
2026-08-14T06:02:35.519Z App feature event (Surface: 1670764774, Operation: chatHistoryLoadFailed, Failure: Cancelled)
2026-08-14T06:02:35.519Z App feature event (Surface: 1670764774, Operation: chatHistoryLoadStarted)
2026-08-14T06:02:35.519Z App feature event (Surface: 1670764774, Operation: chatHistoryLoadFailed, Failure: Cancelled)
2026-08-14T06:02:35.519Z App feature event (Surface: 1670764774, Operation: chatHistoryLoadStarted)
2026-08-14T06:02:35.519Z App feature event (Surface: 1670764774, Operation: chatHistoryLoadFailed, Failure: Cancelled)
2026-08-14T06:02:35.519Z App feature event (Surface: 1670764774, Operation: chatHistoryLoadStarted)
2026-08-14T06:02:35.519Z App feature event (Surface: 1670764774, Operation: chatHistoryLoadFailed, Failure: Cancelled)
2026-08-14T06:02:35.519Z App feature event (Surface: 1670764774, Operation: chatHistoryLoadStarted)
2026-08-14T06:02:35.519Z App feature event (Surface: 1670764774, Operation: chatHistoryLoadFailed, Failure: Cancelled)
2026-08-14T06:02:35.519Z App feature event (Surface: 1670764774, Operation: chatHistoryLoadStarted)
2026-08-14T06:02:35.519Z App feature event (Surface: 1670764774, Operation: chatHistoryLoadFailed, Failure: Cancelled)
2026-08-14T06:02:35.519Z App feature event (Surface: 1670764774, Operation: chatHistoryLoadStarted)
2026-08-14T06:02:35.519Z App feature event (Surface: 1670764774, Operation: chatHistoryLoadFailed, Failure: Cancelled)
2026-08-14T06:02:35.519Z App feature event (Surface: 1670764774, Operation: chatHistoryLoadStarted)
2026-08-14T06:02:35.519Z App feature event (Surface: 1670764774, Operation: chatHistoryLoadFailed, Failure: Cancelled)
2026-08-14T06:02:35.519Z App feature event (Surface: 1670764774, Operation: chatHistoryLoadStarted)
2026-08-14T06:02:35.519Z App feature event (Surface: 1670764774, Operation: chatHistoryLoadFailed, Failure: Cancelled)
2026-08-14T06:02:35.519Z App feature event (Surface: 1670764774, Operation: chatHistoryLoadStarted)
2026-08-14T06:02:35.519Z App feature event (Surface: 1670764774, Operation: chatHistoryLoadFailed, Failure: Cancelled)
2026-08-14T06:02:35.519Z App feature event (Surface: 1670764774, Operation: chatHistoryLoadStarted)
2026-08-14T06:02:35.519Z App feature event (Surface: 1670764774, Operation: chatHistoryLoadFailed, Failure: Cancelled)
2026-08-14T06:02:35.519Z App feature event (Surface: 1670764774, Operation: chatHistoryLoadStarted)
2026-08-14T06:02:35.519Z App feature event (Surface: 1670764774, Operation: chatHistoryLoadFailed, Failure: Cancelled)
2026-08-14T06:02:35.519Z App feature event (Surface: 1670764774, Operation: chatHistoryLoadStarted)
2026-08-14T06:02:35.519Z App feature event (Surface: 1670764774, Operation: chatHistoryLoadFailed, Failure: Cancelled)
2026-08-14T06:02:35.519Z App feature event (Surface: 1670764774, Operation: chatHistoryLoadStarted)
2026-08-14T06:02:35.519Z App feature event (Surface: 1670764774, Operation: chatHistoryLoadFailed, Failure: Cancelled)
2026-08-14T06:02:35.519Z App feature event (Surface: 1670764774, Operation: chatHistoryLoadStarted)
2026-08-14T06:02:35.519Z App feature event (Surface: 1670764774, Operation: chatHistoryLoadFailed, Failure: Cancelled)
2026-08-14T06:02:35.520Z App feature event (Surface: 1670764774, Operation: chatHistoryLoadStarted)
2026-08-14T06:02:35.520Z App feature event (Surface: 1670764774, Operation: chatHistoryLoadFailed, Failure: Cancelled)
2026-08-14T06:02:35.520Z App feature event (Surface: 1670764774, Operation: chatHistoryLoadStarted)
2026-08-14T06:02:35.520Z App feature event (Surface: 1670764774, Operation: chatHistoryLoadFailed, Failure: Cancelled)
2026-08-14T06:02:35.520Z App feature event (Surface: 1670764774, Operation: chatHistoryLoadStarted)
2026-08-14T06:02:35.520Z App feature event (Surface: 1670764774, Operation: chatHistoryLoadFailed, Failure: Cancelled)
2026-08-14T06:02:35.520Z App feature event (Surface: 1670764774, Operation: chatHistoryLoadStarted)
2026-08-14T06:02:35.520Z App feature event (Surface: 1670764774, Operation: chatHistoryLoadFailed, Failure: Cancelled)
2026-08-14T06:02:35.520Z App feature event (Surface: 1670764774, Operation: chatHistoryLoadStarted)
2026-08-14T06:02:35.520Z App feature event (Surface: 1670764774, Operation: chatHistoryLoadFailed, Failure: Cancelled)
2026-08-14T06:02:35.520Z App feature event (Surface: 1670764774, Operation: chatHistoryLoadStarted)
2026-08-14T06:02:35.520Z App feature event (Surface: 1670764774, Operation: chatHistoryLoadFailed, Failure: Cancelled)
2026-08-14T06:02:35.520Z App feature event (Surface: 1670764774, Operation: chatHistoryLoadStarted)
2026-08-14T06:02:35.520Z App feature event (Surface: 1670764774, Operation: chatHistoryLoadFailed, Failure: Cancelled)
2026-08-14T06:02:35.520Z App feature event (Surface: 1670764774, Operation: chatHistoryLoadStarted)
2026-08-14T06:02:35.520Z App feature event (Surface: 1670764774, Operation: chatHistoryLoadFailed, Failure: Cancelled)
2026-08-14T06:02:35.520Z App feature event (Surface: 1670764774, Operation: chatHistoryLoadStarted)
2026-08-14T06:02:35.520Z App feature event (Surface: 1670764774, Operation: chatHistoryLoadFailed, Failure: Cancelled)
2026-08-14T06:02:35.520Z App feature event (Surface: 1670764774, Operation: chatHistoryLoadStarted)
2026-08-14T06:02:35.520Z App feature event (Surface: 1670764774, Operation: chatHistoryLoadFailed, Failure: Cancelled)
2026-08-14T06:02:35.520Z App feature event (Surface: 1670764774, Operation: chatHistoryLoadStarted)
2026-08-14T06:02:35.520Z App feature event (Surface: 1670764774, Operation: chatHistoryLoadFailed, Failure: Cancelled)
2026-08-14T06:02:35.520Z App feature event (Surface: 1670764774, Operation: chatHistoryLoadStarted)
2026-08-14T06:02:35.520Z App feature event (Surface: 1670764774, Operation: chatHistoryLoadFailed, Failure: Cancelled)
2026-08-14T06:02:35.520Z App feature event (Surface: 1670764774, Operation: chatHistoryLoadStarted)
2026-08-14T06:02:35.520Z App feature event (Surface: 1670764774, Operation: chatHistoryLoadFailed, Failure: Cancelled)
2026-08-14T06:02:35.520Z App feature event (Surface: 1670764774, Operation: chatHistoryLoadStarted)
2026-08-14T06:02:35.520Z App feature event (Surface: 1670764774, Operation: chatHistoryLoadFailed, Failure: Cancelled)
2026-08-14T06:02:35.520Z App feature event (Surface: 1670764774, Operation: chatHistoryLoadStarted)
2026-08-14T06:02:35.520Z App feature event (Surface: 1670764774, Operation: chatHistoryLoadFailed, Failure: Cancelled)
2026-08-14T06:02:35.520Z App feature event (Surface: 1670764774, Operation: chatHistoryLoadStarted)
2026-08-14T06:02:35.520Z App feature event (Surface: 1670764774, Operation: chatHistoryLoadFailed, Failure: Cancelled)
2026-08-14T06:02:35.520Z App feature event (Surface: 1670764774, Operation: chatHistoryLoadStarted)
2026-08-14T06:02:35.520Z App feature event (Surface: 1670764774, Operation: chatHistoryLoadFailed, Failure: Cancelled)
2026-08-14T06:02:35.520Z App feature event (Surface: 1670764774, Operation: chatHistoryLoadStarted)
2026-08-14T06:02:35.521Z App feature event (Surface: 1670764774, Operation: chatHistoryLoadFailed, Failure: Cancelled)
2026-08-14T06:02:35.521Z App feature event (Surface: 1670764774, Operation: chatHistoryLoadStarted)
2026-08-14T06:02:35.521Z App feature event (Surface: 1670764774, Operation: chatHistoryLoadFailed, Failure: Cancelled)
2026-08-14T06:02:35.521Z App feature event (Surface: 1670764774, Operation: chatHistoryLoadStarted)
2026-08-14T06:02:35.521Z App feature event (Surface: 1670764774, Operation: chatHistoryLoadFailed, Failure: Cancelled)
2026-08-14T06:02:35.521Z App feature event (Surface: 1670764774, Operation: chatHistoryLoadStarted)
2026-08-14T06:02:35.521Z App feature event (Surface: 1670764774, Operation: chatHistoryLoadFailed, Failure: Cancelled)
2026-08-14T06:02:35.521Z App feature event (Surface: 1670764774, Operation: chatHistoryLoadStarted)
2026-08-14T06:02:35.521Z App feature event (Surface: 1670764774, Operation: chatHistoryLoadFailed, Failure: Cancelled)
2026-08-14T06:02:35.521Z App feature event (Surface: 1670764774, Operation: chatHistoryLoadStarted)
2026-08-14T06:02:35.521Z App feature event (Surface: 1670764774, Operation: chatHistoryLoadFailed, Failure: Cancelled)
2026-08-14T06:02:35.521Z App feature event (Surface: 1670764774, Operation: chatHistoryLoadStarted)
2026-08-14T06:02:35.521Z App feature event (Surface: 1670764774, Operation: chatHistoryLoadFailed, Failure: Cancelled)
2026-08-14T06:02:35.521Z App feature event (Surface: 1670764774, Operation: chatHistoryLoadStarted)
2026-08-14T06:02:35.521Z App feature event (Surface: 1670764774, Operation: chatHistoryLoadFailed, Failure: Cancelled)
2026-08-14T06:02:35.521Z App feature event (Surface: 1670764774, Operation: chatHistoryLoadStarted)
2026-08-14T06:02:35.521Z App feature event (Surface: 1670764774, Operation: chatHistoryLoadFailed, Failure: Cancelled)
2026-08-14T06:02:35.521Z App feature event (Surface: 1670764774, Operation: chatHistoryLoadStarted)
2026-08-14T06:02:35.521Z App feature event (Surface: 1670764774, Operation: chatHistoryLoadFailed, Failure: Cancelled)
2026-08-14T06:02:35.521Z App feature event (Surface: 1670764774, Operation: chatHistoryLoadStarted)
2026-08-14T06:02:35.521Z App feature event (Surface: 1670764774, Operation: chatHistoryLoadFailed, Failure: Cancelled)
2026-08-14T06:02:35.521Z App feature event (Surface: 1670764774, Operation: chatHistoryLoadStarted)
2026-08-14T06:02:35.521Z App feature event (Surface: 1670764774, Operation: chatHistoryLoadFailed, Failure: Cancelled)
2026-08-14T06:02:35.521Z App feature event (Surface: 1670764774, Operation: chatHistoryLoadStarted)
2026-08-14T06:02:35.521Z App feature event (Surface: 1670764774, Operation: chatHistoryLoadFailed, Failure: Cancelled)
2026-08-14T06:02:35.521Z App feature event (Surface: 1670764774, Operation: chatHistoryLoadStarted)
2026-08-14T06:02:35.521Z App feature event (Surface: 1670764774, Operation: chatHistoryLoadFailed, Failure: Cancelled)
2026-08-14T06:02:35.521Z App feature event (Surface: 1670764774, Operation: chatHistoryLoadStarted)
2026-08-14T06:02:35.521Z App feature event (Surface: 1670764774, Operation: chatHistoryLoadFailed, Failure: Cancelled)
2026-08-14T06:02:35.521Z App feature event (Surface: 1670764774, Operation: chatHistoryLoadStarted)
2026-08-14T06:02:35.521Z App feature event (Surface: 1670764774, Operation: chatHistoryLoadFailed, Failure: Cancelled)
2026-08-14T06:02:35.521Z App feature event (Surface: 1670764774, Operation: chatHistoryLoadStarted)
2026-08-14T06:02:35.521Z App feature event (Surface: 1670764774, Operation: chatHistoryLoadFailed, Failure: Cancelled)
2026-08-14T06:02:35.521Z App feature event (Surface: 1670764774, Operation: chatHistoryLoadStarted)
2026-08-14T06:02:35.521Z App feature event (Surface: 1670764774, Operation: chatHistoryLoadFailed, Failure: Cancelled)
2026-08-14T06:02:35.521Z App feature event (Surface: 1670764774, Operation: chatHistoryLoadStarted)
2026-08-14T06:02:35.521Z App feature event (Surface: 1670764774, Operation: chatHistoryLoadFailed, Failure: Cancelled)
2026-08-14T06:02:35.521Z App feature event (Surface: 1670764774, Operation: chatHistoryLoadStarted)
2026-08-14T06:02:35.521Z App feature event (Surface: 1670764774, Operation: chatHistoryLoadFailed, Failure: Cancelled)
2026-08-14T06:02:35.521Z App feature event (Surface: 1670764774, Operation: chatHistoryLoadStarted)
2026-08-14T06:02:35.521Z App feature event (Surface: 1670764774, Operation: chatHistoryLoadFailed, Failure: Cancelled)
2026-08-14T06:02:35.521Z App feature event (Surface: 1670764774, Operation: chatHistoryLoadStarted)
2026-08-14T06:02:35.521Z App feature event (Surface: 1670764774, Operation: chatHistoryLoadFailed, Failure: Cancelled)
2026-08-14T06:02:35.521Z App feature event (Surface: 1670764774, Operation: chatHistoryLoadStarted)
2026-08-14T06:02:35.522Z App feature event (Surface: 1670764774, Operation: chatHistoryLoadFailed, Failure: Cancelled)
2026-08-14T06:02:35.522Z App feature event (Surface: 1670764774, Operation: chatHistoryLoadStarted)
2026-08-14T06:02:35.522Z App feature event (Surface: 1670764774, Operation: chatHistoryLoadFailed, Failure: Cancelled)
2026-08-14T06:02:35.522Z App feature event (Surface: 1670764774, Operation: chatHistoryLoadStarted)
2026-08-14T06:02:35.522Z App feature event (Surface: 1670764774, Operation: chatHistoryLoadFailed, Failure: Cancelled)
2026-08-14T06:02:35.522Z App feature event (Surface: 1670764774, Operation: chatHistoryLoadStarted)
2026-08-14T06:02:35.522Z App feature event (Surface: 1670764774, Operation: chatHistoryLoadFailed, Failure: Cancelled)
2026-08-14T06:02:35.522Z App feature event (Surface: 1670764774, Operation: chatHistoryLoadStarted)
2026-08-14T06:02:35.522Z App feature event (Surface: 1670764774, Operation: chatHistoryLoadFailed, Failure: Cancelled)
2026-08-14T06:02:35.522Z App feature event (Surface: 1670764774, Operation: chatHistoryLoadStarted)
2026-08-14T06:02:35.522Z App feature event (Surface: 1670764774, Operation: chatHistoryLoadFailed, Failure: Cancelled)
2026-08-14T06:02:35.522Z App feature event (Surface: 1670764774, Operation: chatHistoryLoadStarted)
2026-08-14T06:02:35.522Z App feature event (Surface: 1670764774, Operation: chatHistoryLoadFailed, Failure: Cancelled)
2026-08-14T06:02:35.522Z App feature event (Surface: 1670764774, Operation: chatHistoryLoadStarted)
2026-08-14T06:02:35.522Z App feature event (Surface: 1670764774, Operation: chatHistoryLoadFailed, Failure: Cancelled)
2026-08-14T06:02:35.522Z App feature event (Surface: 1670764774, Operation: chatHistoryLoadStarted)
2026-08-14T06:02:35.522Z App feature event (Surface: 1670764774, Operation: chatHistoryLoadFailed, Failure: Cancelled)
2026-08-14T06:02:35.522Z App feature event (Surface: 1670764774, Operation: chatHistoryLoadStarted)
2026-08-14T06:02:35.522Z App feature event (Surface: 1670764774, Operation: chatHistoryLoadFailed, Failure: Cancelled)
2026-08-14T06:02:35.522Z App feature event (Surface: 1670764774, Operation: chatHistoryLoadStarted)
2026-08-14T06:02:35.522Z App feature event (Surface: 1670764774, Operation: chatHistoryLoadFailed, Failure: Cancelled)
2026-08-14T06:02:35.522Z App feature event (Surface: 1670764774, Operation: chatHistoryLoadStarted)
2026-08-14T06:02:35.522Z App feature event (Surface: 1670764774, Operation: chatHistoryLoadFailed, Failure: Cancelled)
2026-08-14T06:02:35.522Z App feature event (Surface: 1670764774, Operation: chatHistoryLoadStarted)
2026-08-14T06:02:35.522Z App feature event (Surface: 1670764774, Operation: chatHistoryLoadFailed, Failure: Cancelled)
2026-08-14T06:02:35.522Z App feature event (Surface: 1670764774, Operation: chatHistoryLoadStarted)
2026-08-14T06:02:35.522Z App feature event (Surface: 1670764774, Operation: chatHistoryLoadFailed, Failure: Cancelled)
2026-08-14T06:02:35.522Z App feature event (Surface: 1670764774, Operation: chatHistoryLoadStarted)
2026-08-14T06:02:35.522Z App feature event (Surface: 1670764774, Operation: chatHistoryLoadFailed, Failure: Cancelled)
2026-08-14T06:02:35.522Z App feature event (Surface: 1670764774, Operation: chatHistoryLoadStarted)
2026-08-14T06:02:35.522Z App feature event (Surface: 1670764774, Operation: chatHistoryLoadFailed, Failure: Cancelled)
2026-08-14T06:02:35.522Z App feature event (Surface: 1670764774, Operation: chatHistoryLoadStarted)
2026-08-14T06:02:35.522Z App feature event (Surface: 1670764774, Operation: chatHistoryLoadFailed, Failure: Cancelled)
2026-08-14T06:02:35.522Z App feature event (Surface: 1670764774, Operation: chatHistoryLoadStarted)
2026-08-14T06:02:35.522Z App feature event (Surface: 1670764774, Operation: chatHistoryLoadFailed, Failure: Cancelled)
2026-08-14T06:02:35.522Z App feature event (Surface: 1670764774, Operation: chatHistoryLoadStarted)
2026-08-14T06:02:35.522Z App feature event (Surface: 1670764774, Operation: chatHistoryLoadFailed, Failure: Cancelled)
2026-08-14T06:02:35.522Z App feature event (Surface: 1670764774, Operation: chatHistoryLoadStarted)
2026-08-14T06:02:35.522Z App feature event (Surface: 1670764774, Operation: chatHistoryLoadFailed, Failure: Cancelled)
2026-08-14T06:02:35.522Z App feature event (Surface: 1670764774, Operation: chatHistoryLoadStarted)
2026-08-14T06:02:35.522Z App feature event (Surface: 1670764774, Operation: chatHistoryLoadFailed, Failure: Cancelled)
2026-08-14T06:02:35.522Z App feature event (Surface: 1670764774, Operation: chatHistoryLoadStarted)
2026-08-14T06:02:35.523Z App feature event (Surface: 1670764774, Operation: chatHistoryLoadFailed, Failure: Cancelled)
2026-08-14T06:02:35.523Z App feature event (Surface: 1670764774, Operation: chatHistoryLoadStarted)
2026-08-14T06:02:35.523Z App feature event (Surface: 1670764774, Operation: chatHistoryLoadFailed, Failure: Cancelled)
2026-08-14T06:02:35.523Z App feature event (Surface: 1670764774, Operation: chatHistoryLoadStarted)
2026-08-14T06:02:35.523Z App feature event (Surface: 1670764774, Operation: chatHistoryLoadFailed, Failure: Cancelled)
2026-08-14T06:02:35.523Z App feature event (Surface: 1670764774, Operation: chatHistoryLoadStarted)
2026-08-14T06:02:35.523Z App feature event (Surface: 1670764774, Operation: chatHistoryLoadFailed, Failure: Cancelled)
2026-08-14T06:02:35.523Z App feature event (Surface: 1670764774, Operation: chatHistoryLoadStarted)
2026-08-14T06:02:35.523Z App feature event (Surface: 1670764774, Operation: chatHistoryLoadFailed, Failure: Cancelled)
2026-08-14T06:02:35.523Z App feature event (Surface: 1670764774, Operation: chatHistoryLoadStarted)
2026-08-14T06:02:35.523Z App feature event (Surface: 1670764774, Operation: chatHistoryLoadFailed, Failure: Cancelled)
2026-08-14T06:02:35.523Z App feature event (Surface: 1670764774, Operation: chatHistoryLoadStarted)
2026-08-14T06:02:35.523Z App feature event (Surface: 1670764774, Operation: chatHistoryLoadFailed, Failure: Cancelled)
2026-08-14T06:02:35.523Z App feature event (Surface: 1670764774, Operation: chatHistoryLoadStarted)
2026-08-14T06:02:35.523Z App feature event (Surface: 1670764774, Operation: chatHistoryLoadFailed, Failure: Cancelled)
2026-08-14T06:02:35.523Z App feature event (Surface: 1670764774, Operation: chatHistoryLoadStarted)
2026-08-14T06:02:35.523Z App feature event (Surface: 1670764774, Operation: chatHistoryLoadFailed, Failure: Cancelled)
2026-08-14T06:02:35.523Z App feature event (Surface: 1670764774, Operation: chatEventStreamEnded)
2026-08-14T06:02:35.702Z App feature event (Surface: 576666603, Operation: chatSessionListLoadSucceeded, Duration: 199 ms, Count: 1)
