cmux network diagnostics log · cmux · built 2026-08-13 14:37:54 · started 2026-08-13T21:49:03.328Z
2026-08-13T21:49:03.502Z App lifecycle changed (Phase: Inactive)
2026-08-13T21:49:03.714Z App lifecycle changed (Phase: Active)
2026-08-13T21:49:04.276Z App lifecycle changed (Phase: Inactive)
2026-08-13T21:49:05.557Z App lifecycle changed (Phase: Background)
2026-08-14T02:24:10.704Z App lifecycle changed (Phase: Inactive)
2026-08-14T02:24:10.949Z App lifecycle changed (Phase: Active)
2026-08-14T02:24:11.852Z Iroh endpoint starting (Transport: Iroh)
2026-08-14T02:24:12.049Z App lifecycle changed (Phase: Inactive)
2026-08-14T02:24:12.383Z Connection recovery started (recovery: 96106556, Transport: Unknown transport, Trigger: Presence notification)
2026-08-14T02:24:12.403Z Connection attempt started
2026-08-14T02:24:12.404Z Transport dial started (peer: 155457743, Transport: Iroh, Attempt: 5416800577023296713)
2026-08-14T02:24:12.527Z Iroh endpoint active (Transport: Iroh)
2026-08-14T02:24:12.543Z Relay policy refresh started
2026-08-14T02:24:12.543Z Transport dial cancelled (peer: 155457743, Detail 1: 1, Duration: 138 ms, Detail 3: 5416800577023296713)
2026-08-14T02:24:12.543Z Connection attempt started
2026-08-14T02:24:12.543Z Selected network path changed (Path: Unknown path)
2026-08-14T02:24:12.557Z Pairing failed (Transport: Iroh, Failure: Route already connecting)
2026-08-14T02:24:12.574Z Iroh route discovery started (Transport: Iroh)
2026-08-14T02:24:12.574Z Transport dial failed (peer: 155457743, Transport: Iroh, Failure: Cancelled, Duration: 169 ms, Attempt: 5416800577023296713)
2026-08-14T02:24:12.576Z Connection attempt started
2026-08-14T02:24:12.577Z Transport dial started (peer: 155457743, Transport: Iroh, Attempt: 7531835795228944072)
2026-08-14T02:24:12.583Z Iroh route discovery started (peer: 41549352, Transport: Iroh)
2026-08-14T02:24:12.926Z Relay policy refreshed
2026-08-14T02:24:12.995Z Iroh route discovery succeeded (Transport: Iroh)
2026-08-14T02:24:13.237Z Iroh route discovery succeeded (peer: 41549352, Transport: Iroh, bindings: 2, Duration: 653 ms, relay_fleet: 7)
2026-08-14T02:24:13.473Z Private addresses joined broker port (peer: 155457743, Join: None configured, Configured addresses: 0, Detail 3: 0)
2026-08-14T02:24:13.476Z Direct dial plan assembled (peer: 41549352, Public paths: 1, Private fallback paths: 0, public_relay_urls: 1)
2026-08-14T02:24:14.173Z App lifecycle changed (Phase: Active)
2026-08-14T02:24:16.583Z Direct dial leg connected (peer: 41549352, Leg: Public paths, Duration: 3.106 seconds)
2026-08-14T02:24:17.112Z Transport session state changed (peer: 155457743, State: Established, Purpose: Foreground control)
2026-08-14T02:24:17.113Z Transport connected (peer: 155457743, Transport: Iroh, Duration: 4.535 seconds, Attempt: 7531835795228944072)
2026-08-14T02:24:17.113Z Selected network path changed (Path: Relay)
2026-08-14T02:24:17.374Z Host authenticated (Surface: 155457743, Transport: Iroh)
2026-08-14T02:24:17.380Z RPC session ready (Surface: 155457743, Transport: Iroh)
2026-08-14T02:24:17.380Z Pairing succeeded
2026-08-14T02:24:17.497Z Iroh route discovery started (Transport: Iroh)
2026-08-14T02:24:19.562Z Iroh route discovery succeeded (Transport: Iroh)
2026-08-14T02:24:35.880Z Silent event stream resubscribed (Silent for: 18.239 seconds)
2026-08-14T02:24:35.880Z Connection recovery started (recovery: 4119751818, Transport: Iroh, Trigger: Liveness check failed, Detail 3: 155457743)
2026-08-14T02:24:37.044Z App lifecycle changed (Phase: Inactive)
2026-08-14T02:24:37.639Z App lifecycle changed (Phase: Background)
2026-08-14T02:24:38.888Z App lifecycle changed (Phase: Inactive)
2026-08-14T02:24:39.195Z App lifecycle changed (Phase: Active)
2026-08-14T02:24:39.693Z App lifecycle changed (Phase: Inactive)
2026-08-14T02:24:39.707Z Selected network path changed (Path: Unknown path)
2026-08-14T02:24:40.478Z App lifecycle changed (Phase: Background)
2026-08-14T02:24:47.507Z App lifecycle changed (Phase: Inactive)
2026-08-14T02:24:47.814Z App lifecycle changed (Phase: Active)
2026-08-14T02:24:52.116Z Transport close attributed (peer: 155457743, Initiator: Timed out, Failure: Transport idle timed out)
2026-08-14T02:24:52.116Z Remote close reason (peer: 155457743, Detail 1: 0, Detail 3: 1)
2026-08-14T02:24:52.116Z Transport session state changed (peer: 155457743, State: Control owner released, Purpose: Foreground control)
2026-08-14T02:24:52.116Z Transport session closed (peer: 155457743, Transport: Iroh, Failure: No failure)
2026-08-14T02:24:52.143Z Connection attempt started
2026-08-14T02:24:52.143Z Transport dial started (peer: 155457743, Transport: Iroh, Attempt: 4910620163066933417)
2026-08-14T02:24:52.160Z Iroh route discovery started (peer: 41549352, Transport: Iroh)
2026-08-14T02:24:52.494Z Iroh route discovery succeeded (peer: 41549352, Transport: Iroh, bindings: 2, Duration: 333 ms, relay_fleet: 7)
2026-08-14T02:24:52.508Z Private addresses joined broker port (peer: 155457743, Join: None configured, Configured addresses: 0, Detail 3: 0)
2026-08-14T02:24:52.510Z Direct dial plan assembled (peer: 41549352, Public paths: 0, Private fallback paths: 0, public_relay_urls: 0)
2026-08-14T02:24:53.270Z LAN discovery resolved (Outcome: Advertisement not found, Hints: 0)
2026-08-14T02:24:53.270Z Direct dial leg failed (peer: 41549352, Leg: Private fallback, Failure: No route available, Duration: 759 ms)
2026-08-14T02:24:53.270Z Transport dial failed (peer: 155457743, Transport: Iroh, Failure: No route available, Duration: 1.126 seconds, Attempt: 4910620163066933417)
2026-08-14T02:24:53.274Z Pairing failed (Transport: Iroh, Failure: No route available)
2026-08-14T02:24:53.578Z Connection attempt started
2026-08-14T02:24:53.579Z Transport dial started (peer: 155457743, Transport: Iroh, Attempt: 5613710604348418750)
2026-08-14T02:24:53.610Z Iroh route discovery started (peer: 41549352, Transport: Iroh)
2026-08-14T02:24:53.859Z Iroh route discovery succeeded (peer: 41549352, Transport: Iroh, bindings: 2, Duration: 249 ms, relay_fleet: 7)
2026-08-14T02:24:53.875Z Private addresses joined broker port (peer: 155457743, Join: None configured, Configured addresses: 0, Detail 3: 0)
2026-08-14T02:24:53.875Z Direct dial plan assembled (peer: 41549352, Public paths: 0, Private fallback paths: 0, public_relay_urls: 0)
2026-08-14T02:24:54.630Z LAN discovery resolved (Outcome: Advertisement not found, Hints: 0)
2026-08-14T02:24:54.630Z Direct dial leg failed (peer: 41549352, Leg: Private fallback, Failure: No route available, Duration: 754 ms)
2026-08-14T02:24:54.630Z Transport dial failed (peer: 155457743, Transport: Iroh, Failure: No route available, Duration: 1.051 seconds, Attempt: 5613710604348418750)
2026-08-14T02:24:54.630Z Pairing failed (Transport: Iroh, Failure: No route available)
2026-08-14T02:24:54.631Z Iroh route discovery started (Transport: Iroh)
2026-08-14T02:24:54.972Z Iroh route discovery succeeded (Transport: Iroh)
2026-08-14T02:24:54.996Z Connection recovery failed (recovery: 4119751818, Transport: Unknown transport, Failure: No route available)
2026-08-14T02:24:57.014Z Connection recovery started (recovery: 357266195, Transport: Unknown transport, Trigger: Automatic retry delay expired)
2026-08-14T02:24:57.064Z Connection attempt started
2026-08-14T02:24:57.064Z Transport dial started (peer: 155457743, Transport: Iroh, Attempt: 4727146609201457852)
2026-08-14T02:24:57.075Z Iroh route discovery started (peer: 41549352, Transport: Iroh)
2026-08-14T02:24:57.416Z Iroh route discovery succeeded (peer: 41549352, Transport: Iroh, bindings: 2, Duration: 340 ms, relay_fleet: 7)
2026-08-14T02:24:57.433Z Private addresses joined broker port (peer: 155457743, Join: None configured, Configured addresses: 0, Detail 3: 0)
2026-08-14T02:24:57.435Z Direct dial plan assembled (peer: 41549352, Public paths: 0, Private fallback paths: 0, public_relay_urls: 0)
2026-08-14T02:24:58.196Z LAN discovery resolved (Outcome: Advertisement not found, Hints: 0)
2026-08-14T02:24:58.196Z Direct dial leg failed (peer: 41549352, Leg: Private fallback, Failure: No route available, Duration: 761 ms)
2026-08-14T02:24:58.197Z Transport dial failed (peer: 155457743, Transport: Iroh, Failure: No route available, Duration: 1.132 seconds, Attempt: 4727146609201457852)
2026-08-14T02:24:58.197Z Pairing failed (Transport: Iroh, Failure: No route available)
2026-08-14T02:24:58.543Z Connection attempt started
2026-08-14T02:24:58.544Z Transport dial started (peer: 155457743, Transport: Iroh, Attempt: 6953244320277678249)
2026-08-14T02:24:58.574Z Iroh route discovery started (peer: 41549352, Transport: Iroh)
2026-08-14T02:24:58.949Z Iroh route discovery succeeded (peer: 41549352, Transport: Iroh, bindings: 2, Duration: 375 ms, relay_fleet: 7)
2026-08-14T02:24:58.961Z Private addresses joined broker port (peer: 155457743, Join: None configured, Configured addresses: 0, Detail 3: 0)
2026-08-14T02:24:58.962Z Direct dial plan assembled (peer: 41549352, Public paths: 0, Private fallback paths: 0, public_relay_urls: 0)
2026-08-14T02:24:59.729Z LAN discovery resolved (Outcome: Advertisement not found, Hints: 0)
2026-08-14T02:24:59.729Z Direct dial leg failed (peer: 41549352, Leg: Private fallback, Failure: No route available, Duration: 767 ms)
2026-08-14T02:24:59.730Z Transport dial failed (peer: 155457743, Transport: Iroh, Failure: No route available, Duration: 1.185 seconds, Attempt: 6953244320277678249)
2026-08-14T02:24:59.730Z Pairing failed (Transport: Iroh, Failure: No route available)
2026-08-14T02:24:59.731Z Iroh route discovery started (Transport: Iroh)
2026-08-14T02:25:00.082Z Iroh route discovery succeeded (Transport: Iroh)
2026-08-14T02:25:00.110Z Connection recovery failed (recovery: 357266195, Transport: Unknown transport, Failure: No route available)
2026-08-14T02:25:03.098Z Transport dial started (peer: 155457743, Transport: Iroh, Attempt: 2465254271061585035)
2026-08-14T02:25:03.098Z Iroh route discovery started (peer: 41549352, Transport: Iroh)
2026-08-14T02:25:03.496Z Iroh route discovery succeeded (peer: 41549352, Transport: Iroh, bindings: 2, Duration: 398 ms, relay_fleet: 7)
2026-08-14T02:25:03.514Z Private addresses joined broker port (peer: 155457743, Join: None configured, Configured addresses: 0, Detail 3: 0)
2026-08-14T02:25:03.516Z Direct dial plan assembled (peer: 41549352, Public paths: 0, Private fallback paths: 0, public_relay_urls: 0)
2026-08-14T02:25:04.275Z LAN discovery resolved (Outcome: Advertisement not found, Hints: 0)
2026-08-14T02:25:04.275Z Connection recovery started (recovery: 866056550, Transport: Unknown transport, Trigger: Automatic retry delay expired)
2026-08-14T02:25:04.275Z Direct dial leg failed (peer: 41549352, Leg: Private fallback, Failure: No route available, Duration: 758 ms)
2026-08-14T02:25:04.275Z Transport dial failed (peer: 155457743, Transport: Iroh, Failure: No route available, Duration: 1.177 seconds, Attempt: 2465254271061585035)
2026-08-14T02:25:04.320Z Connection attempt started
2026-08-14T02:25:04.320Z Transport dial started (peer: 155457743, Transport: Iroh, Attempt: 4943383455238326820)
2026-08-14T02:25:04.331Z Iroh route discovery started (peer: 41549352, Transport: Iroh)
2026-08-14T02:25:04.670Z Iroh route discovery succeeded (peer: 41549352, Transport: Iroh, bindings: 2, Duration: 338 ms, relay_fleet: 7)
2026-08-14T02:25:04.686Z Private addresses joined broker port (peer: 155457743, Join: None configured, Configured addresses: 0, Detail 3: 0)
2026-08-14T02:25:04.688Z Direct dial plan assembled (peer: 41549352, Public paths: 0, Private fallback paths: 0, public_relay_urls: 0)
2026-08-14T02:25:05.484Z LAN discovery resolved (Outcome: Advertisement not found, Hints: 0)
2026-08-14T02:25:05.484Z Direct dial leg failed (peer: 41549352, Leg: Private fallback, Failure: No route available, Duration: 795 ms)
2026-08-14T02:25:05.484Z Transport dial failed (peer: 155457743, Transport: Iroh, Failure: No route available, Duration: 1.164 seconds, Attempt: 4943383455238326820)
2026-08-14T02:25:05.484Z Pairing failed (Transport: Iroh, Failure: No route available)
2026-08-14T02:25:05.747Z Connection attempt started
2026-08-14T02:25:05.748Z Transport dial started (peer: 155457743, Transport: Iroh, Attempt: 4908055272340452324)
2026-08-14T02:25:05.777Z Iroh route discovery started (peer: 41549352, Transport: Iroh)
2026-08-14T02:25:06.118Z Iroh route discovery succeeded (peer: 41549352, Transport: Iroh, bindings: 2, Duration: 341 ms, relay_fleet: 7)
2026-08-14T02:25:06.136Z Private addresses joined broker port (peer: 155457743, Join: None configured, Configured addresses: 0, Detail 3: 0)
2026-08-14T02:25:06.136Z Direct dial plan assembled (peer: 41549352, Public paths: 0, Private fallback paths: 0, public_relay_urls: 0)
2026-08-14T02:25:06.892Z LAN discovery resolved (Outcome: Advertisement not found, Hints: 0)
2026-08-14T02:25:06.892Z Direct dial leg failed (peer: 41549352, Leg: Private fallback, Failure: No route available, Duration: 756 ms)
2026-08-14T02:25:06.892Z Transport dial failed (peer: 155457743, Transport: Iroh, Failure: No route available, Duration: 1.144 seconds, Attempt: 4908055272340452324)
2026-08-14T02:25:06.893Z Pairing failed (Transport: Iroh, Failure: No route available)
2026-08-14T02:25:06.894Z Iroh route discovery started (Transport: Iroh)
2026-08-14T02:25:07.566Z Iroh route discovery succeeded (Transport: Iroh)
2026-08-14T02:25:07.590Z Connection recovery failed (recovery: 866056550, Transport: Unknown transport, Failure: No route available)
2026-08-14T02:25:07.850Z Connection recovery started (recovery: 2847778799, Transport: Unknown transport, Trigger: Presence notification)
2026-08-14T02:25:07.871Z Connection attempt started
2026-08-14T02:25:07.871Z Transport dial started (peer: 155457743, Transport: Iroh, Attempt: 8046632212965274710)
2026-08-14T02:25:07.877Z Iroh route discovery started (peer: 41549352, Transport: Iroh)
2026-08-14T02:25:08.269Z Iroh route discovery succeeded (peer: 41549352, Transport: Iroh, bindings: 2, Duration: 392 ms, relay_fleet: 7)
2026-08-14T02:25:08.281Z Private addresses joined broker port (peer: 155457743, Join: None configured, Configured addresses: 0, Detail 3: 0)
2026-08-14T02:25:08.283Z Direct dial plan assembled (peer: 41549352, Public paths: 1, Private fallback paths: 0, public_relay_urls: 1)
2026-08-14T02:25:08.344Z Direct dial leg connected (peer: 41549352, Leg: Public paths, Duration: 60 ms)
2026-08-14T02:25:08.806Z Transport session state changed (peer: 155457743, State: Established, Purpose: Foreground control)
2026-08-14T02:25:08.807Z Transport connected (peer: 155457743, Transport: Iroh, Duration: 935 ms, Attempt: 8046632212965274710)
2026-08-14T02:25:08.807Z Selected network path changed (Path: Relay)
2026-08-14T02:25:09.008Z Host authenticated (Surface: 155457743, Transport: Iroh)
2026-08-14T02:25:09.010Z RPC session ready (Surface: 155457743, Transport: Iroh)
2026-08-14T02:25:09.010Z Pairing succeeded
2026-08-14T02:25:09.153Z Iroh route discovery started (Transport: Iroh)
2026-08-14T02:25:09.227Z Connection recovery succeeded (recovery: 2847778799, Transport: Iroh, Detail 3: 155457743)
2026-08-14T02:25:09.488Z Iroh route discovery succeeded (Transport: Iroh)
2026-08-14T02:26:27.286Z App lifecycle changed (Phase: Inactive)
2026-08-14T02:26:28.079Z App lifecycle changed (Phase: Background)
2026-08-14T03:50:23.109Z App lifecycle changed (Phase: Inactive)
2026-08-14T03:50:23.260Z App lifecycle changed (Phase: Active)
2026-08-14T03:50:24.448Z Iroh endpoint starting (Transport: Iroh)
2026-08-14T03:50:25.019Z Connection recovery started (recovery: 3602680251, Transport: Unknown transport, Trigger: Presence notification)
2026-08-14T03:50:25.035Z Connection attempt started
2026-08-14T03:50:25.037Z Transport dial started (peer: 422003072, Transport: Iroh, Attempt: 5804505704281764362)
2026-08-14T03:50:25.455Z Iroh endpoint active (Transport: Iroh)
2026-08-14T03:50:25.482Z Relay policy refresh started
2026-08-14T03:50:25.482Z Transport dial cancelled (peer: 422003072, Detail 1: 1, Duration: 445 ms, Detail 3: 5804505704281764362)
2026-08-14T03:50:25.483Z Connection attempt started
2026-08-14T03:50:25.483Z Selected network path changed (Path: Unknown path)
2026-08-14T03:50:25.503Z Pairing failed (Transport: Iroh, Failure: Route already connecting)
2026-08-14T03:50:25.519Z Iroh route discovery started (Transport: Iroh)
2026-08-14T03:50:25.519Z Transport dial failed (peer: 422003072, Transport: Iroh, Failure: Cancelled, Duration: 482 ms, Attempt: 5804505704281764362)
2026-08-14T03:50:25.520Z Connection attempt started
2026-08-14T03:50:25.520Z Transport dial started (peer: 422003072, Transport: Iroh, Attempt: 4833510642615110604)
2026-08-14T03:50:25.529Z Iroh route discovery started (peer: 3606385552, Transport: Iroh)
2026-08-14T03:50:25.593Z Relay policy refresh failed (Failure: Relay policy unavailable)
2026-08-14T03:50:25.593Z Retry scheduled (Transport: Iroh, Retry delay: 60 seconds)
2026-08-14T03:50:25.767Z Iroh route discovery succeeded (Transport: Iroh)
2026-08-14T03:50:26.152Z Iroh route discovery succeeded (peer: 3606385552, Transport: Iroh, bindings: 4, Duration: 623 ms, relay_fleet: 7)
2026-08-14T03:50:26.462Z Private addresses joined broker port (peer: 422003072, Join: None configured, Configured addresses: 0, Detail 3: 0)
2026-08-14T03:50:26.464Z Direct dial plan assembled (peer: 3606385552, Public paths: 0, Private fallback paths: 0, public_relay_urls: 0)
2026-08-14T03:50:27.258Z LAN discovery resolved (Outcome: Advertisement not found, Hints: 0)
2026-08-14T03:50:27.258Z Direct dial leg failed (peer: 3606385552, Leg: Private fallback, Failure: No route available, Duration: 794 ms)
2026-08-14T03:50:27.259Z Transport dial failed (peer: 422003072, Transport: Iroh, Failure: No route available, Duration: 1.739 seconds, Attempt: 4833510642615110604)
2026-08-14T03:50:27.259Z Pairing failed (Transport: Iroh, Failure: No route available)
2026-08-14T03:50:27.572Z Connection attempt started
2026-08-14T03:50:27.573Z Transport dial started (peer: 422003072, Transport: Iroh, Attempt: 9161223136449952191)
2026-08-14T03:50:27.605Z Iroh route discovery started (peer: 3606385552, Transport: Iroh)
2026-08-14T03:50:27.849Z Iroh route discovery succeeded (peer: 3606385552, Transport: Iroh, bindings: 4, Duration: 243 ms, relay_fleet: 7)
2026-08-14T03:50:27.853Z Private addresses joined broker port (peer: 422003072, Join: None configured, Configured addresses: 0, Detail 3: 0)
2026-08-14T03:50:27.853Z Direct dial plan assembled (peer: 3606385552, Public paths: 0, Private fallback paths: 0, public_relay_urls: 0)
2026-08-14T03:50:28.612Z LAN discovery resolved (Outcome: Advertisement not found, Hints: 0)
2026-08-14T03:50:28.612Z Direct dial leg failed (peer: 3606385552, Leg: Private fallback, Failure: No route available, Duration: 759 ms)
2026-08-14T03:50:28.613Z Transport dial failed (peer: 422003072, Transport: Iroh, Failure: No route available, Duration: 1.039 seconds, Attempt: 9161223136449952191)
2026-08-14T03:50:28.613Z Pairing failed (Transport: Iroh, Failure: No route available)
2026-08-14T03:50:28.614Z Iroh route discovery started (Transport: Iroh)
2026-08-14T03:50:28.866Z Transport dial started (peer: 422003072, Transport: Iroh, Attempt: 359007656348674635)
2026-08-14T03:50:28.866Z Iroh route discovery started (peer: 3606385552, Transport: Iroh)
2026-08-14T03:50:28.900Z Iroh route discovery succeeded (Transport: Iroh)
2026-08-14T03:50:28.900Z Connection attempt started
2026-08-14T03:50:29.320Z Iroh route discovery succeeded (peer: 3606385552, Transport: Iroh, bindings: 4, Duration: 453 ms, relay_fleet: 7)
2026-08-14T03:50:29.323Z Private addresses joined broker port (peer: 422003072, Join: None configured, Configured addresses: 0, Detail 3: 0)
2026-08-14T03:50:29.327Z Direct dial plan assembled (peer: 3606385552, Public paths: 0, Private fallback paths: 0, public_relay_urls: 0)
2026-08-14T03:50:30.105Z LAN discovery resolved (Outcome: Advertisement not found, Hints: 0)
2026-08-14T03:50:30.105Z Direct dial leg failed (peer: 3606385552, Leg: Private fallback, Failure: No route available, Duration: 778 ms)
2026-08-14T03:50:30.106Z Transport dial failed (peer: 422003072, Transport: Iroh, Failure: No route available, Duration: 1.239 seconds, Attempt: 359007656348674635)
2026-08-14T03:50:30.107Z Transport dial started (peer: 422003072, Transport: Iroh, Attempt: 8955381094561501160)
2026-08-14T03:50:30.107Z Iroh route discovery started (peer: 3576850996, Transport: Iroh)
2026-08-14T03:50:30.376Z Iroh route discovery succeeded (peer: 3576850996, Transport: Iroh, bindings: 4, Duration: 268 ms, relay_fleet: 7)
2026-08-14T03:50:30.600Z Private addresses joined broker port (peer: 422003072, Join: None configured, Configured addresses: 0, Detail 3: 0)
2026-08-14T03:50:30.600Z Direct dial plan assembled (peer: 3576850996, Public paths: 0, Private fallback paths: 0, public_relay_urls: 0)
2026-08-14T03:50:31.396Z LAN discovery resolved (Outcome: Advertisement not found, Hints: 0)
2026-08-14T03:50:31.396Z Direct dial leg failed (peer: 3576850996, Leg: Private fallback, Failure: No route available, Duration: 796 ms)
2026-08-14T03:50:31.396Z Transport dial failed (peer: 422003072, Transport: Iroh, Failure: No route available, Duration: 1.289 seconds, Attempt: 8955381094561501160)
2026-08-14T03:50:31.396Z Pairing failed (Transport: Iroh, Failure: No route available)
2026-08-14T03:50:31.431Z Connection attempt started
2026-08-14T03:50:31.431Z Transport dial started (peer: 422003072, Transport: Iroh, Attempt: 6494911353409681765)
2026-08-14T03:50:31.452Z Iroh route discovery started (peer: 1138506937, Transport: Iroh)
2026-08-14T03:50:31.768Z Iroh route discovery succeeded (peer: 1138506937, Transport: Iroh, bindings: 4, Duration: 315 ms, relay_fleet: 7)
2026-08-14T03:50:32.095Z Private addresses joined broker port (peer: 422003072, Join: None configured, Configured addresses: 0, Detail 3: 0)
2026-08-14T03:50:32.095Z Direct dial plan assembled (peer: 1138506937, Public paths: 0, Private fallback paths: 0, public_relay_urls: 0)
2026-08-14T03:50:32.858Z LAN discovery resolved (Outcome: Advertisement not found, Hints: 0)
2026-08-14T03:50:32.858Z Direct dial leg failed (peer: 1138506937, Leg: Private fallback, Failure: No route available, Duration: 762 ms)
2026-08-14T03:50:32.858Z Transport dial failed (peer: 422003072, Transport: Iroh, Failure: No route available, Duration: 1.426 seconds, Attempt: 6494911353409681765)
2026-08-14T03:50:32.858Z Pairing failed (Transport: Iroh, Failure: No route available)
2026-08-14T03:50:34.947Z Connection recovery started (recovery: 3047650168, Transport: Unknown transport, Trigger: Automatic retry delay expired)
2026-08-14T03:50:34.998Z Connection attempt started
2026-08-14T03:50:34.998Z Transport dial started (peer: 422003072, Transport: Iroh, Attempt: 8910308122115832244)
2026-08-14T03:50:35.010Z Iroh route discovery started (peer: 3606385552, Transport: Iroh)
2026-08-14T03:50:35.367Z Iroh route discovery succeeded (peer: 3606385552, Transport: Iroh, bindings: 4, Duration: 356 ms, relay_fleet: 7)
2026-08-14T03:50:35.370Z Private addresses joined broker port (peer: 422003072, Join: None configured, Configured addresses: 0, Detail 3: 0)
2026-08-14T03:50:35.373Z Direct dial plan assembled (peer: 3606385552, Public paths: 0, Private fallback paths: 0, public_relay_urls: 0)
2026-08-14T03:50:36.159Z LAN discovery resolved (Outcome: Advertisement not found, Hints: 0)
2026-08-14T03:50:36.159Z Direct dial leg failed (peer: 3606385552, Leg: Private fallback, Failure: No route available, Duration: 785 ms)
2026-08-14T03:50:36.159Z Transport dial failed (peer: 422003072, Transport: Iroh, Failure: No route available, Duration: 1.160 seconds, Attempt: 8910308122115832244)
2026-08-14T03:50:36.159Z Pairing failed (Transport: Iroh, Failure: No route available)
2026-08-14T03:50:36.500Z Connection attempt started
2026-08-14T03:50:36.501Z Transport dial started (peer: 422003072, Transport: Iroh, Attempt: 5936097163902132616)
2026-08-14T03:50:36.529Z Iroh route discovery started (peer: 3606385552, Transport: Iroh)
2026-08-14T03:50:36.905Z Iroh route discovery succeeded (peer: 3606385552, Transport: Iroh, bindings: 4, Duration: 376 ms, relay_fleet: 7)
2026-08-14T03:50:36.908Z Private addresses joined broker port (peer: 422003072, Join: None configured, Configured addresses: 0, Detail 3: 0)
2026-08-14T03:50:36.908Z Direct dial plan assembled (peer: 3606385552, Public paths: 0, Private fallback paths: 0, public_relay_urls: 0)
2026-08-14T03:50:37.674Z LAN discovery resolved (Outcome: Advertisement not found, Hints: 0)
2026-08-14T03:50:37.674Z Direct dial leg failed (peer: 3606385552, Leg: Private fallback, Failure: No route available, Duration: 766 ms)
2026-08-14T03:50:37.674Z Transport dial failed (peer: 422003072, Transport: Iroh, Failure: No route available, Duration: 1.173 seconds, Attempt: 5936097163902132616)
2026-08-14T03:50:37.675Z Pairing failed (Transport: Iroh, Failure: No route available)
2026-08-14T03:50:37.676Z Iroh route discovery started (Transport: Iroh)
2026-08-14T03:50:38.034Z Iroh route discovery succeeded (Transport: Iroh)
2026-08-14T03:50:38.035Z Connection attempt started
2026-08-14T03:50:38.035Z Transport dial started (peer: 422003072, Transport: Iroh, Attempt: 3959046020165286773)
2026-08-14T03:50:38.064Z Iroh route discovery started (peer: 3576850996, Transport: Iroh)
2026-08-14T03:50:38.338Z Iroh route discovery succeeded (peer: 3576850996, Transport: Iroh, bindings: 4, Duration: 273 ms, relay_fleet: 7)
2026-08-14T03:50:38.339Z Private addresses joined broker port (peer: 422003072, Join: None configured, Configured addresses: 0, Detail 3: 0)
2026-08-14T03:50:38.340Z Direct dial plan assembled (peer: 3576850996, Public paths: 0, Private fallback paths: 0, public_relay_urls: 0)
2026-08-14T03:50:39.139Z LAN discovery resolved (Outcome: Advertisement not found, Hints: 0)
2026-08-14T03:50:39.139Z Direct dial leg failed (peer: 3576850996, Leg: Private fallback, Failure: No route available, Duration: 799 ms)
2026-08-14T03:50:39.139Z Transport dial failed (peer: 422003072, Transport: Iroh, Failure: No route available, Duration: 1.103 seconds, Attempt: 3959046020165286773)
2026-08-14T03:50:39.139Z Pairing failed (Transport: Iroh, Failure: No route available)
2026-08-14T03:50:39.171Z Connection attempt started
2026-08-14T03:50:39.172Z Transport dial started (peer: 422003072, Transport: Iroh, Attempt: 5324161653084438420)
2026-08-14T03:50:39.188Z Iroh route discovery started (peer: 1138506937, Transport: Iroh)
2026-08-14T03:50:39.465Z Iroh route discovery succeeded (peer: 1138506937, Transport: Iroh, bindings: 4, Duration: 276 ms, relay_fleet: 7)
2026-08-14T03:50:39.468Z Private addresses joined broker port (peer: 422003072, Join: None configured, Configured addresses: 0, Detail 3: 0)
2026-08-14T03:50:39.468Z Direct dial plan assembled (peer: 1138506937, Public paths: 0, Private fallback paths: 0, public_relay_urls: 0)
2026-08-14T03:50:40.232Z LAN discovery resolved (Outcome: Advertisement not found, Hints: 0)
2026-08-14T03:50:40.232Z Direct dial leg failed (peer: 1138506937, Leg: Private fallback, Failure: No route available, Duration: 764 ms)
2026-08-14T03:50:40.232Z Transport dial failed (peer: 422003072, Transport: Iroh, Failure: No route available, Duration: 1.060 seconds, Attempt: 5324161653084438420)
2026-08-14T03:50:40.233Z Pairing failed (Transport: Iroh, Failure: No route available)
2026-08-14T03:50:40.279Z Connection recovery failed (recovery: 3047650168, Transport: Unknown transport, Failure: No route available)
2026-08-14T03:50:41.800Z App lifecycle changed (Phase: Inactive)
2026-08-14T03:50:44.505Z Connection recovery started (recovery: 1388989791, Transport: Unknown transport, Trigger: Automatic retry delay expired)
2026-08-14T03:50:44.557Z Connection attempt started
2026-08-14T03:50:44.557Z Transport dial started (peer: 422003072, Transport: Iroh, Attempt: 3384955360223129418)
2026-08-14T03:50:44.570Z Iroh route discovery started (peer: 3606385552, Transport: Iroh)
2026-08-14T03:50:44.971Z Iroh route discovery succeeded (peer: 3606385552, Transport: Iroh, bindings: 4, Duration: 401 ms, relay_fleet: 7)
2026-08-14T03:50:44.973Z Private addresses joined broker port (peer: 422003072, Join: None configured, Configured addresses: 0, Detail 3: 0)
2026-08-14T03:50:44.976Z Direct dial plan assembled (peer: 3606385552, Public paths: 0, Private fallback paths: 0, public_relay_urls: 0)
2026-08-14T03:50:45.739Z LAN discovery resolved (Outcome: Advertisement not found, Hints: 0)
2026-08-14T03:50:45.739Z Direct dial leg failed (peer: 3606385552, Leg: Private fallback, Failure: No route available, Duration: 763 ms)
2026-08-14T03:50:45.739Z Transport dial failed (peer: 422003072, Transport: Iroh, Failure: No route available, Duration: 1.182 seconds, Attempt: 3384955360223129418)
2026-08-14T03:50:45.739Z Pairing failed (Transport: Iroh, Failure: No route available)
2026-08-14T03:50:46.034Z Connection attempt started
2026-08-14T03:50:46.034Z Transport dial started (peer: 422003072, Transport: Iroh, Attempt: 1863357823170112428)
2026-08-14T03:50:46.067Z Iroh route discovery started (peer: 3606385552, Transport: Iroh)
2026-08-14T03:50:46.323Z Iroh route discovery succeeded (peer: 3606385552, Transport: Iroh, bindings: 4, Duration: 255 ms, relay_fleet: 7)
2026-08-14T03:50:46.327Z Private addresses joined broker port (peer: 422003072, Join: None configured, Configured addresses: 0, Detail 3: 0)
2026-08-14T03:50:46.327Z Direct dial plan assembled (peer: 3606385552, Public paths: 0, Private fallback paths: 0, public_relay_urls: 0)
2026-08-14T03:50:47.125Z LAN discovery resolved (Outcome: Advertisement not found, Hints: 0)
2026-08-14T03:50:47.125Z Direct dial leg failed (peer: 3606385552, Leg: Private fallback, Failure: No route available, Duration: 798 ms)
2026-08-14T03:50:47.125Z Transport dial failed (peer: 422003072, Transport: Iroh, Failure: No route available, Duration: 1.091 seconds, Attempt: 1863357823170112428)
2026-08-14T03:50:47.126Z Pairing failed (Transport: Iroh, Failure: No route available)
2026-08-14T03:50:47.127Z Iroh route discovery started (Transport: Iroh)
2026-08-14T03:50:47.760Z Iroh route discovery succeeded (Transport: Iroh)
2026-08-14T03:50:47.761Z Connection attempt started
2026-08-14T03:50:47.761Z Transport dial started (peer: 422003072, Transport: Iroh, Attempt: 7069806522021322857)
2026-08-14T03:50:47.788Z Iroh route discovery started (peer: 3576850996, Transport: Iroh)
2026-08-14T03:50:48.219Z Iroh route discovery succeeded (peer: 3576850996, Transport: Iroh, bindings: 4, Duration: 430 ms, relay_fleet: 7)
2026-08-14T03:50:48.222Z Private addresses joined broker port (peer: 422003072, Join: None configured, Configured addresses: 0, Detail 3: 0)
2026-08-14T03:50:48.223Z Direct dial plan assembled (peer: 3576850996, Public paths: 0, Private fallback paths: 0, public_relay_urls: 0)
2026-08-14T03:50:48.995Z LAN discovery resolved (Outcome: Advertisement not found, Hints: 0)
2026-08-14T03:50:48.995Z Direct dial leg failed (peer: 3576850996, Leg: Private fallback, Failure: No route available, Duration: 772 ms)
2026-08-14T03:50:48.995Z Transport dial failed (peer: 422003072, Transport: Iroh, Failure: No route available, Duration: 1.233 seconds, Attempt: 7069806522021322857)
2026-08-14T03:50:48.995Z Pairing failed (Transport: Iroh, Failure: No route available)
2026-08-14T03:50:49.027Z Connection attempt started
2026-08-14T03:50:49.027Z Transport dial started (peer: 422003072, Transport: Iroh, Attempt: 7006535587487834297)
2026-08-14T03:50:49.046Z Iroh route discovery started (peer: 1138506937, Transport: Iroh)
2026-08-14T03:50:49.163Z App lifecycle changed (Phase: Background)
2026-08-14T03:50:49.302Z Iroh route discovery succeeded (peer: 1138506937, Transport: Iroh, bindings: 4, Duration: 255 ms, relay_fleet: 7)
2026-08-14T03:50:49.303Z Private addresses joined broker port (peer: 422003072, Join: None configured, Configured addresses: 0, Detail 3: 0)
2026-08-14T03:50:49.304Z Direct dial plan assembled (peer: 1138506937, Public paths: 0, Private fallback paths: 0, public_relay_urls: 0)
2026-08-14T04:14:39.540Z App lifecycle changed (Phase: Inactive)
2026-08-14T04:14:39.873Z App lifecycle changed (Phase: Active)
2026-08-14T04:14:40.751Z Iroh endpoint starting (Transport: Iroh)
2026-08-14T04:14:41.083Z Iroh endpoint active (Transport: Iroh)
2026-08-14T04:14:41.085Z Relay policy refresh started
2026-08-14T04:14:41.086Z Connection attempt started
2026-08-14T04:14:41.087Z Transport dial started (Transport: Iroh, Attempt: 4859532656529640072)
2026-08-14T04:14:41.087Z Transport dial failed (Transport: Iroh, Failure: Authorization failed, Duration: 0 ms, Attempt: 4859532656529640072)
2026-08-14T04:14:41.121Z Host authentication failed (Transport: Iroh, Failure: Authorization failed)
2026-08-14T04:14:41.121Z Selected network path changed (Path: Unknown path)
2026-08-14T04:14:41.121Z Pairing failed (Transport: Iroh, Failure: Authorization failed)
2026-08-14T04:14:41.181Z Connection attempt started
2026-08-14T04:14:41.181Z Transport dial started (peer: 2326473396, Transport: Iroh, Attempt: 8885018092771491243)
2026-08-14T04:14:41.197Z Transport dial failed (peer: 2326473396, Transport: Iroh, Failure: Iroh endpoint unavailable, Duration: 16 ms, Attempt: 8885018092771491243)
2026-08-14T04:14:41.197Z Pairing failed (Transport: Iroh, Failure: Iroh endpoint unavailable)
2026-08-14T04:14:41.465Z Connection attempt started
2026-08-14T04:14:41.465Z Transport dial started (peer: 2326473396, Transport: Iroh, Attempt: 4706567218409901638)
2026-08-14T04:14:41.477Z Iroh route discovery started (peer: 218157777, Transport: Iroh)
2026-08-14T04:14:41.524Z Relay policy refreshed
2026-08-14T04:14:41.802Z Iroh route discovery succeeded (peer: 218157777, Transport: Iroh, bindings: 2, Duration: 324 ms, relay_fleet: 7)
2026-08-14T04:14:42.089Z Private addresses joined broker port (peer: 2326473396, Join: None configured, Configured addresses: 0, Detail 3: 0)
2026-08-14T04:14:42.092Z Direct dial plan assembled (peer: 218157777, Public paths: 1, Private fallback paths: 0, public_relay_urls: 1)
2026-08-14T04:14:42.236Z Direct dial leg connected (peer: 218157777, Leg: Public paths, Duration: 144 ms)
2026-08-14T04:14:42.695Z Transport session state changed (peer: 2326473396, State: Established, Purpose: Foreground control)
2026-08-14T04:14:42.695Z Transport connected (peer: 2326473396, Transport: Iroh, Duration: 1.229 seconds, Attempt: 4706567218409901638)
2026-08-14T04:14:42.695Z Selected network path changed (Path: Relay)
2026-08-14T04:14:42.935Z Host authenticated (Surface: 2326473396, Transport: Iroh)
2026-08-14T04:14:42.942Z RPC session ready (Surface: 2326473396, Transport: Iroh)
2026-08-14T04:14:42.942Z Pairing succeeded
2026-08-14T04:14:43.122Z Iroh route discovery started (Transport: Iroh)
2026-08-14T04:14:43.857Z Iroh route discovery succeeded (Transport: Iroh)
2026-08-14T04:14:48.535Z App lifecycle changed (Phase: Inactive)
2026-08-14T04:14:49.886Z App lifecycle changed (Phase: Active)
2026-08-14T04:14:54.054Z App lifecycle changed (Phase: Inactive)
2026-08-14T04:14:54.394Z App lifecycle changed (Phase: Active)
2026-08-14T04:14:54.714Z Iroh endpoint starting (Transport: Iroh)
2026-08-14T04:14:54.840Z Connection recovery started (recovery: 1379590544, Transport: Unknown transport, Trigger: Presence notification)
2026-08-14T04:14:54.846Z Connection attempt started
2026-08-14T04:14:54.847Z Transport dial started (peer: 1334961165, Transport: Iroh, Attempt: 3535682713287832120)
2026-08-14T04:14:55.374Z Iroh endpoint active (Transport: Iroh)
2026-08-14T04:14:55.399Z Relay policy refresh started
2026-08-14T04:14:55.399Z Transport dial cancelled (peer: 1334961165, Detail 1: 1, Duration: 551 ms, Detail 3: 3535682713287832120)
2026-08-14T04:14:55.399Z Connection attempt started
2026-08-14T04:14:55.399Z Selected network path changed (Path: Unknown path)
2026-08-14T04:14:55.418Z Pairing failed (Transport: Iroh, Failure: Route already connecting)
2026-08-14T04:14:55.431Z Transport dial failed (peer: 1334961165, Transport: Iroh, Failure: Cancelled, Duration: 584 ms, Attempt: 3535682713287832120)
2026-08-14T04:14:55.431Z Iroh route discovery started (Transport: Iroh)
2026-08-14T04:14:55.432Z Connection attempt started
2026-08-14T04:14:55.432Z Transport dial started (peer: 1334961165, Transport: Iroh, Attempt: 7042210582494980958)
2026-08-14T04:14:55.441Z Iroh route discovery started (peer: 1187798263, Transport: Iroh)
2026-08-14T04:14:56.068Z Relay policy refreshed
2026-08-14T04:14:56.251Z Iroh route discovery succeeded (Transport: Iroh)
2026-08-14T04:14:57.986Z Iroh route discovery succeeded (peer: 1187798263, Transport: Iroh, bindings: 2, Duration: 2.545 seconds, relay_fleet: 7)
2026-08-14T04:14:58.246Z Private addresses joined broker port (peer: 1334961165, Join: None configured, Configured addresses: 0, Detail 3: 0)
2026-08-14T04:14:58.248Z Direct dial plan assembled (peer: 1187798263, Public paths: 1, Private fallback paths: 0, public_relay_urls: 1)
2026-08-14T04:14:58.316Z Direct dial leg connected (peer: 1187798263, Leg: Public paths, Duration: 67 ms)
2026-08-14T04:14:58.564Z Transport session state changed (peer: 1334961165, State: Established, Purpose: Foreground control)
2026-08-14T04:14:58.565Z Transport connected (peer: 1334961165, Transport: Iroh, Duration: 3.132 seconds, Attempt: 7042210582494980958)
2026-08-14T04:14:58.565Z Selected network path changed (Path: Relay)
2026-08-14T04:14:58.769Z Host authenticated (Surface: 1334961165, Transport: Iroh)
2026-08-14T04:14:58.775Z RPC session ready (Surface: 1334961165, Transport: Iroh)
2026-08-14T04:14:58.775Z Pairing succeeded
2026-08-14T04:14:58.888Z Iroh route discovery started (Transport: Iroh)
2026-08-14T04:14:59.264Z Iroh route discovery succeeded (Transport: Iroh)
2026-08-14T04:15:07.656Z App lifecycle changed (Phase: Inactive)
2026-08-14T04:15:10.266Z App lifecycle changed (Phase: Active)
2026-08-14T04:15:37.507Z App lifecycle changed (Phase: Inactive)
2026-08-14T04:15:38.862Z App lifecycle changed (Phase: Active)
2026-08-14T04:16:08.757Z App lifecycle changed (Phase: Inactive)
2026-08-14T04:16:10.243Z App lifecycle changed (Phase: Active)
2026-08-14T04:16:21.776Z Event stream ended
2026-08-14T04:16:21.776Z Connection recovery started (recovery: 1608231684, Transport: Iroh, Trigger: Event stream ended, Detail 3: 1334961165)
2026-08-14T04:16:21.888Z Connection attempt started
2026-08-14T04:16:21.888Z Transport dial started (peer: 1334961165, Transport: Iroh, Attempt: 6587688499625936123)
2026-08-14T04:17:33.540Z App lifecycle changed (Phase: Inactive)
2026-08-14T04:17:33.675Z App lifecycle changed (Phase: Active)
2026-08-14T04:17:33.695Z App lifecycle changed (Phase: Inactive)
2026-08-14T04:17:34.661Z Iroh endpoint starting (Transport: Iroh)
2026-08-14T04:17:34.701Z Connection attempt started
2026-08-14T04:17:34.703Z Transport dial started (peer: 4225934994, Transport: Iroh, Attempt: 1472143827090429562)
2026-08-14T04:17:35.495Z Iroh endpoint active (Transport: Iroh)
2026-08-14T04:17:35.495Z Relay policy refresh started
2026-08-14T04:17:35.496Z Selected network path changed (Path: Unknown path)
2026-08-14T04:17:35.496Z Relay policy refresh failed (Failure: Relay policy unavailable)
2026-08-14T04:17:35.496Z Retry scheduled (Transport: Iroh, Retry delay: 60 seconds)
2026-08-14T04:17:35.869Z Private addresses joined broker port (peer: 4225934994, Join: None configured, Configured addresses: 0, Detail 3: 0)
2026-08-14T04:17:35.871Z Direct dial plan assembled (peer: 720219593, Public paths: 1, Private fallback paths: 0, public_relay_urls: 1)
2026-08-14T04:17:36.648Z App lifecycle changed (Phase: Background)
2026-08-14T04:31:24.311Z Transport dial cancelled (peer: 4225934994, Detail 1: 2, Duration: 829.601 seconds, Detail 3: 1472143827090429562)
2026-08-14T04:31:24.379Z Direct dial leg failed (peer: 720219593, Leg: Public paths, Failure: Timed out, Duration: 828.465 seconds)
2026-08-14T04:31:24.384Z Transport dial failed (peer: 4225934994, Transport: Iroh, Failure: Cancelled, Duration: 829.681 seconds, Attempt: 1472143827090429562)
2026-08-14T04:31:24.569Z Relay policy refresh started
2026-08-14T04:31:28.663Z Pairing failed (Transport: Iroh, Failure: Timed out)
2026-08-14T04:31:28.754Z Connection attempt started
2026-08-14T04:52:59.990Z App lifecycle changed (Phase: Inactive)
2026-08-14T04:53:00.335Z App lifecycle changed (Phase: Active)
2026-08-14T04:53:01.462Z Iroh endpoint starting (Transport: Iroh)
2026-08-14T04:53:01.941Z Connection attempt started
2026-08-14T04:53:01.944Z Transport dial started (peer: 3839576348, Transport: Iroh, Attempt: 3328201323106852689)
2026-08-14T04:53:02.122Z Iroh endpoint active (Transport: Iroh)
2026-08-14T04:53:02.122Z Relay policy refresh started
2026-08-14T04:53:02.122Z Selected network path changed (Path: Unknown path)
2026-08-14T04:53:02.593Z Private addresses joined broker port (peer: 3839576348, Join: None configured, Configured addresses: 0, Detail 3: 0)
2026-08-14T04:53:02.597Z Iroh route discovery started (peer: 1553097502, Transport: Iroh)
2026-08-14T04:53:02.857Z Relay policy refreshed
2026-08-14T04:53:02.979Z Iroh route discovery succeeded (peer: 1553097502, Transport: Iroh, bindings: 2, Duration: 382 ms, relay_fleet: 7)
2026-08-14T04:53:02.981Z Private addresses joined broker port (peer: 3839576348, Join: None configured, Configured addresses: 0, Detail 3: 0)
2026-08-14T04:53:02.983Z Direct dial plan assembled (peer: 1553097502, Public paths: 1, Private fallback paths: 0, public_relay_urls: 1)
2026-08-14T04:53:03.158Z Direct dial leg connected (peer: 1553097502, Leg: Public paths, Duration: 174 ms)
2026-08-14T04:53:03.652Z Transport session state changed (peer: 3839576348, State: Established, Purpose: Foreground control)
2026-08-14T04:53:03.653Z Transport connected (peer: 3839576348, Transport: Iroh, Duration: 1.708 seconds, Attempt: 3328201323106852689)
2026-08-14T04:53:03.653Z Selected network path changed (Path: Relay)
2026-08-14T04:53:03.904Z Host authenticated (Surface: 3839576348, Transport: Iroh)
2026-08-14T04:53:03.909Z RPC session ready (Surface: 3839576348, Transport: Iroh)
2026-08-14T04:53:03.909Z Pairing succeeded
2026-08-14T04:53:03.982Z Iroh route discovery started (Transport: Iroh)
2026-08-14T04:53:04.877Z Iroh route discovery succeeded (Transport: Iroh)
2026-08-14T04:53:07.158Z App lifecycle changed (Phase: Inactive)
2026-08-14T04:53:09.257Z App lifecycle changed (Phase: Active)
2026-08-14T04:54:26.046Z App lifecycle changed (Phase: Inactive)
2026-08-14T04:54:30.486Z App lifecycle changed (Phase: Background)
2026-08-14T04:54:40.945Z App lifecycle changed (Phase: Inactive)
2026-08-14T04:54:41.262Z App lifecycle changed (Phase: Active)
2026-08-14T04:54:41.263Z Connection recovery started (recovery: 2437439619, Transport: Iroh, Trigger: App returned to foreground, Detail 3: 3839576348)
2026-08-14T04:54:41.344Z Connection recovery succeeded (recovery: 2437439619, Transport: Iroh, Detail 3: 3839576348)
2026-08-14T04:54:42.403Z Iroh route discovery started (Transport: Iroh)
2026-08-14T04:54:43.287Z Iroh route discovery succeeded (Transport: Iroh)
2026-08-14T04:54:56.509Z App lifecycle changed (Phase: Inactive)
2026-08-14T04:54:57.880Z App lifecycle changed (Phase: Active)
2026-08-14T04:55:08.017Z App lifecycle changed (Phase: Inactive)
2026-08-14T04:55:09.323Z App lifecycle changed (Phase: Active)
2026-08-14T04:55:17.335Z App lifecycle changed (Phase: Inactive)
2026-08-14T04:55:18.647Z App lifecycle changed (Phase: Active)
2026-08-14T04:55:19.067Z App lifecycle changed (Phase: Inactive)
2026-08-14T04:55:24.227Z App lifecycle changed (Phase: Background)
2026-08-14T04:55:32.362Z App lifecycle changed (Phase: Inactive)
2026-08-14T04:55:32.680Z App lifecycle changed (Phase: Active)
2026-08-14T04:55:32.680Z Connection recovery started (recovery: 3826141722, Transport: Iroh, Trigger: App returned to foreground, Detail 3: 3839576348)
2026-08-14T04:55:32.747Z Connection recovery succeeded (recovery: 3826141722, Transport: Iroh, Detail 3: 3839576348)
2026-08-14T04:55:32.754Z Iroh route discovery started (Transport: Iroh)
2026-08-14T04:55:34.031Z Iroh route discovery succeeded (Transport: Iroh)
2026-08-14T04:56:13.761Z App lifecycle changed (Phase: Inactive)
2026-08-14T04:56:15.080Z App lifecycle changed (Phase: Active)
2026-08-14T04:57:31.822Z App lifecycle changed (Phase: Inactive)
2026-08-14T04:57:32.059Z App lifecycle changed (Phase: Active)
2026-08-14T04:57:32.924Z Iroh endpoint starting (Transport: Iroh)
2026-08-14T04:57:33.430Z Connection attempt started
2026-08-14T04:57:33.431Z Transport dial started (peer: 2407673799, Transport: Iroh, Attempt: 6479979613142553348)
2026-08-14T04:57:33.482Z App lifecycle changed (Phase: Inactive)
2026-08-14T04:57:33.890Z Iroh endpoint active (Transport: Iroh)
2026-08-14T04:57:33.890Z Relay policy refresh started
2026-08-14T04:57:33.891Z Selected network path changed (Path: Unknown path)
2026-08-14T04:57:34.167Z Private addresses joined broker port (peer: 2407673799, Join: None configured, Configured addresses: 0, Detail 3: 0)
2026-08-14T04:57:34.169Z Direct dial plan assembled (peer: 3354464768, Public paths: 1, Private fallback paths: 0, public_relay_urls: 1)
2026-08-14T04:57:34.339Z Direct dial leg connected (peer: 3354464768, Leg: Public paths, Duration: 169 ms)
2026-08-14T04:57:34.533Z Relay policy refreshed
2026-08-14T04:57:34.588Z Transport session state changed (peer: 2407673799, State: Established, Purpose: Foreground control)
2026-08-14T04:57:34.588Z Transport connected (peer: 2407673799, Transport: Iroh, Duration: 1.157 seconds, Attempt: 6479979613142553348)
2026-08-14T04:57:34.589Z Selected network path changed (Path: Relay)
2026-08-14T04:57:34.870Z Host authenticated (Surface: 2407673799, Transport: Iroh)
2026-08-14T04:57:34.873Z RPC session ready (Surface: 2407673799, Transport: Iroh)
2026-08-14T04:57:34.873Z Pairing succeeded
2026-08-14T04:57:34.954Z App lifecycle changed (Phase: Active)
2026-08-14T04:57:35.013Z Iroh route discovery started (Transport: Iroh)
2026-08-14T04:57:37.066Z Iroh route discovery succeeded (Transport: Iroh)
2026-08-14T04:58:03.391Z App lifecycle changed (Phase: Inactive)
2026-08-14T04:58:04.738Z App lifecycle changed (Phase: Active)
2026-08-14T04:58:26.909Z App lifecycle changed (Phase: Inactive)
2026-08-14T04:58:28.227Z App lifecycle changed (Phase: Active)
2026-08-14T04:58:46.415Z App lifecycle changed (Phase: Inactive)
2026-08-14T04:58:49.668Z App lifecycle changed (Phase: Background)
2026-08-14T05:06:58.033Z App lifecycle changed (Phase: Inactive)
2026-08-14T05:06:58.043Z Relay policy refresh started
2026-08-14T05:06:58.350Z App lifecycle changed (Phase: Active)
2026-08-14T05:06:58.351Z Connection recovery started (recovery: 106727076, Transport: Iroh, Trigger: App returned to foreground, Detail 3: 2407673799)
2026-08-14T05:06:59.148Z Relay policy refreshed
2026-08-14T05:06:59.760Z Transport close attributed (peer: 2407673799, Initiator: Remote peer, Failure: Connection closed)
2026-08-14T05:06:59.760Z Remote close reason (peer: 2407673799, Detail 1: 0, Detail 3: 1)
2026-08-14T05:06:59.760Z Transport session state changed (peer: 2407673799, State: Control read failed, Purpose: Foreground control)
2026-08-14T05:06:59.760Z Transport session closed (peer: 2407673799, Transport: Iroh, Failure: Connection closed)
2026-08-14T05:06:59.760Z Event stream ended
2026-08-14T05:06:59.760Z Connection recovery started (recovery: 3472312203, Transport: Iroh, Trigger: Event stream ended, Detail 3: 2407673799)
2026-08-14T05:06:59.760Z Selected network path changed (Path: Unknown path)
2026-08-14T05:06:59.815Z Connection attempt started
2026-08-14T05:06:59.815Z Transport dial started (peer: 2407673799, Transport: Iroh, Attempt: 956836782652459918)
2026-08-14T05:07:00.080Z Iroh route discovery started (peer: 3354464768, Transport: Iroh)
2026-08-14T05:07:00.380Z Iroh route discovery succeeded (peer: 3354464768, Transport: Iroh, bindings: 2, Duration: 299 ms, relay_fleet: 7)
2026-08-14T05:07:00.393Z Private addresses joined broker port (peer: 2407673799, Join: None configured, Configured addresses: 0, Detail 3: 0)
2026-08-14T05:07:00.396Z Direct dial plan assembled (peer: 3354464768, Public paths: 1, Private fallback paths: 0, public_relay_urls: 1)
2026-08-14T05:07:00.582Z Direct dial leg connected (peer: 3354464768, Leg: Public paths, Duration: 185 ms)
2026-08-14T05:07:01.218Z Transport session state changed (peer: 2407673799, State: Established, Purpose: Foreground control)
2026-08-14T05:07:01.218Z Transport connected (peer: 2407673799, Transport: Iroh, Duration: 1.403 seconds, Attempt: 956836782652459918)
2026-08-14T05:07:01.218Z Selected network path changed (Path: Relay)
2026-08-14T05:07:01.524Z Host authenticated (Surface: 2407673799, Transport: Iroh)
2026-08-14T05:07:01.525Z RPC session ready (Surface: 2407673799, Transport: Iroh)
2026-08-14T05:07:01.525Z Pairing succeeded
2026-08-14T05:07:01.690Z Iroh route discovery started (Transport: Iroh)
2026-08-14T05:07:01.887Z Connection recovery succeeded (recovery: 3472312203, Transport: Iroh, Detail 3: 2407673799)
2026-08-14T05:07:01.942Z Iroh route discovery succeeded (Transport: Iroh)
2026-08-14T05:07:06.157Z App lifecycle changed (Phase: Inactive)
2026-08-14T05:07:08.190Z App lifecycle changed (Phase: Active)
2026-08-14T05:07:08.964Z App lifecycle changed (Phase: Inactive)
2026-08-14T05:07:10.339Z App lifecycle changed (Phase: Active)
2026-08-14T05:07:37.607Z App lifecycle changed (Phase: Inactive)
2026-08-14T05:07:39.024Z App lifecycle changed (Phase: Active)
2026-08-14T05:21:53.084Z App lifecycle changed (Phase: Inactive)
2026-08-14T05:21:53.437Z App lifecycle changed (Phase: Active)
2026-08-14T05:21:54.261Z Iroh endpoint starting (Transport: Iroh)
2026-08-14T05:21:54.310Z Connection attempt started
2026-08-14T05:21:54.311Z Transport dial started (peer: 2698295152, Transport: Iroh, Attempt: 880230757487022053)
2026-08-14T05:21:54.791Z Iroh endpoint active (Transport: Iroh)
2026-08-14T05:21:54.791Z Relay policy refresh started
2026-08-14T05:21:54.795Z Selected network path changed (Path: Unknown path)
2026-08-14T05:21:54.913Z Relay policy refresh failed (Failure: Relay policy unavailable)
2026-08-14T05:21:54.913Z Retry scheduled (Transport: Iroh, Retry delay: 60 seconds)
2026-08-14T05:21:55.403Z Private addresses joined broker port (peer: 2698295152, Join: None configured, Configured addresses: 0, Detail 3: 0)
2026-08-14T05:21:55.405Z Iroh route discovery started (peer: 2835642534, Transport: Iroh)
2026-08-14T05:21:55.813Z Iroh route discovery succeeded (peer: 2835642534, Transport: Iroh, bindings: 2, Duration: 408 ms, relay_fleet: 7)
2026-08-14T05:21:55.815Z Private addresses joined broker port (peer: 2698295152, Join: None configured, Configured addresses: 0, Detail 3: 0)
2026-08-14T05:21:55.816Z Direct dial plan assembled (peer: 2835642534, Public paths: 0, Private fallback paths: 0, public_relay_urls: 0)
2026-08-14T05:21:56.576Z LAN discovery resolved (Outcome: Advertisement not found, Hints: 0)
2026-08-14T05:21:56.576Z Direct dial leg failed (peer: 2835642534, Leg: Private fallback, Failure: No route available, Duration: 759 ms)
2026-08-14T05:21:56.576Z Transport dial failed (peer: 2698295152, Transport: Iroh, Failure: No route available, Duration: 2.265 seconds, Attempt: 880230757487022053)
2026-08-14T05:21:56.577Z Pairing failed (Transport: Iroh, Failure: No route available)
2026-08-14T05:21:56.871Z Connection attempt started
2026-08-14T05:21:56.871Z Transport dial started (peer: 2698295152, Transport: Iroh, Attempt: 8788920696347706585)
2026-08-14T05:21:56.894Z Iroh route discovery started (peer: 2835642534, Transport: Iroh)
2026-08-14T05:21:57.198Z Iroh route discovery succeeded (peer: 2835642534, Transport: Iroh, bindings: 2, Duration: 304 ms, relay_fleet: 7)
2026-08-14T05:21:57.200Z Private addresses joined broker port (peer: 2698295152, Join: None configured, Configured addresses: 0, Detail 3: 0)
2026-08-14T05:21:57.200Z Direct dial plan assembled (peer: 2835642534, Public paths: 0, Private fallback paths: 0, public_relay_urls: 0)
2026-08-14T05:21:57.978Z LAN discovery resolved (Outcome: Advertisement not found, Hints: 0)
2026-08-14T05:21:57.978Z Direct dial leg failed (peer: 2835642534, Leg: Private fallback, Failure: No route available, Duration: 778 ms)
2026-08-14T05:21:57.978Z Transport dial failed (peer: 2698295152, Transport: Iroh, Failure: No route available, Duration: 1.106 seconds, Attempt: 8788920696347706585)
2026-08-14T05:21:57.979Z Pairing failed (Transport: Iroh, Failure: No route available)
2026-08-14T05:21:57.979Z Iroh route discovery started (Transport: Iroh)
2026-08-14T05:21:58.301Z Iroh route discovery succeeded (Transport: Iroh)
2026-08-14T05:21:59.855Z Transport dial started (peer: 2698295152, Transport: Iroh, Attempt: 1766905500202703472)
2026-08-14T05:21:59.855Z Iroh route discovery started (peer: 2835642534, Transport: Iroh)
2026-08-14T05:22:00.087Z Iroh route discovery succeeded (peer: 2835642534, Transport: Iroh, bindings: 2, Duration: 231 ms, relay_fleet: 7)
2026-08-14T05:22:00.088Z Private addresses joined broker port (peer: 2698295152, Join: None configured, Configured addresses: 0, Detail 3: 0)
2026-08-14T05:22:00.090Z Direct dial plan assembled (peer: 2835642534, Public paths: 0, Private fallback paths: 0, public_relay_urls: 0)
2026-08-14T05:22:00.437Z Connection recovery started (recovery: 1104170610, Transport: Unknown transport, Trigger: Automatic retry delay expired)
2026-08-14T05:22:00.483Z Connection attempt started
2026-08-14T05:22:00.483Z Transport dial cancelled (peer: 2698295152, Detail 1: 1, Duration: 628 ms, Detail 3: 1766905500202703472)
2026-08-14T05:22:00.483Z LAN discovery resolved (Outcome: Advertisement not found, Hints: 0)
2026-08-14T05:22:00.483Z Direct dial leg failed (peer: 2835642534, Leg: Private fallback, Failure: No route available, Duration: 393 ms)
2026-08-14T05:22:00.483Z Transport dial failed (peer: 2698295152, Transport: Iroh, Failure: Cancelled, Duration: 628 ms, Attempt: 1766905500202703472)
2026-08-14T05:22:00.484Z Transport dial started (peer: 2698295152, Transport: Iroh, Attempt: 909237558206992872)
2026-08-14T05:22:00.496Z Iroh route discovery started (peer: 2835642534, Transport: Iroh)
2026-08-14T05:22:00.743Z Iroh route discovery succeeded (peer: 2835642534, Transport: Iroh, bindings: 2, Duration: 246 ms, relay_fleet: 7)
2026-08-14T05:22:00.744Z Private addresses joined broker port (peer: 2698295152, Join: None configured, Configured addresses: 0, Detail 3: 0)
2026-08-14T05:22:00.746Z Direct dial plan assembled (peer: 2835642534, Public paths: 0, Private fallback paths: 0, public_relay_urls: 0)
2026-08-14T05:22:01.235Z App lifecycle changed (Phase: Inactive)
2026-08-14T05:22:01.502Z LAN discovery resolved (Outcome: Advertisement not found, Hints: 0)
2026-08-14T05:22:01.502Z Direct dial leg failed (peer: 2835642534, Leg: Private fallback, Failure: No route available, Duration: 756 ms)
2026-08-14T05:22:01.502Z Transport dial failed (peer: 2698295152, Transport: Iroh, Failure: No route available, Duration: 1.018 seconds, Attempt: 909237558206992872)
2026-08-14T05:22:01.503Z Pairing failed (Transport: Iroh, Failure: No route available)
2026-08-14T05:22:01.988Z Connection attempt started
2026-08-14T05:22:01.988Z Transport dial started (peer: 2698295152, Transport: Iroh, Attempt: 7538200695231678587)
2026-08-14T05:22:02.012Z Iroh route discovery started (peer: 2835642534, Transport: Iroh)
2026-08-14T05:22:02.261Z Iroh route discovery succeeded (peer: 2835642534, Transport: Iroh, bindings: 2, Duration: 248 ms, relay_fleet: 7)
2026-08-14T05:22:02.262Z Private addresses joined broker port (peer: 2698295152, Join: None configured, Configured addresses: 0, Detail 3: 0)
2026-08-14T05:22:02.262Z Direct dial plan assembled (peer: 2835642534, Public paths: 0, Private fallback paths: 0, public_relay_urls: 0)
2026-08-14T05:22:03.060Z LAN discovery resolved (Outcome: Advertisement not found, Hints: 0)
2026-08-14T05:22:03.060Z Direct dial leg failed (peer: 2835642534, Leg: Private fallback, Failure: No route available, Duration: 798 ms)
2026-08-14T05:22:03.060Z Transport dial failed (peer: 2698295152, Transport: Iroh, Failure: No route available, Duration: 1.072 seconds, Attempt: 7538200695231678587)
2026-08-14T05:22:03.061Z Pairing failed (Transport: Iroh, Failure: No route available)
2026-08-14T05:22:03.061Z Iroh route discovery started (Transport: Iroh)
2026-08-14T05:22:03.345Z Iroh route discovery succeeded (Transport: Iroh)
2026-08-14T05:22:03.376Z Connection recovery failed (recovery: 1104170610, Transport: Unknown transport, Failure: No route available)
2026-08-14T05:22:03.508Z App lifecycle changed (Phase: Background)
2026-08-14T05:22:07.196Z App lifecycle changed (Phase: Inactive)
2026-08-14T05:22:07.507Z App lifecycle changed (Phase: Active)
2026-08-14T05:22:07.509Z Connection recovery started (recovery: 3360705189, Transport: Unknown transport, Trigger: App returned to foreground)
2026-08-14T05:22:07.552Z Connection attempt started
2026-08-14T05:22:07.552Z Transport dial started (peer: 2698295152, Transport: Iroh, Attempt: 3473389610696353598)
2026-08-14T05:22:10.319Z Iroh route discovery started (peer: 2835642534, Transport: Iroh)
2026-08-14T05:22:10.693Z Iroh route discovery succeeded (peer: 2835642534, Transport: Iroh, bindings: 2, Duration: 374 ms, relay_fleet: 7)
2026-08-14T05:22:10.696Z Private addresses joined broker port (peer: 2698295152, Join: None configured, Configured addresses: 0, Detail 3: 0)
2026-08-14T05:22:10.699Z Direct dial plan assembled (peer: 2835642534, Public paths: 0, Private fallback paths: 0, public_relay_urls: 0)
2026-08-14T05:22:11.485Z LAN discovery resolved (Outcome: Advertisement not found, Hints: 0)
2026-08-14T05:22:11.485Z Direct dial leg failed (peer: 2835642534, Leg: Private fallback, Failure: No route available, Duration: 785 ms)
2026-08-14T05:22:11.485Z Transport dial failed (peer: 2698295152, Transport: Iroh, Failure: No route available, Duration: 3.933 seconds, Attempt: 3473389610696353598)
2026-08-14T05:22:11.486Z Pairing failed (Transport: Iroh, Failure: No route available)
2026-08-14T05:22:13.148Z Connection attempt started
2026-08-14T05:22:13.148Z Transport dial started (peer: 2698295152, Transport: Iroh, Attempt: 2957775765214149298)
2026-08-14T05:22:13.177Z Iroh route discovery started (peer: 2835642534, Transport: Iroh)
2026-08-14T05:22:13.469Z Iroh route discovery succeeded (peer: 2835642534, Transport: Iroh, bindings: 2, Duration: 291 ms, relay_fleet: 7)
2026-08-14T05:22:13.470Z Private addresses joined broker port (peer: 2698295152, Join: None configured, Configured addresses: 0, Detail 3: 0)
2026-08-14T05:22:13.471Z Direct dial plan assembled (peer: 2835642534, Public paths: 0, Private fallback paths: 0, public_relay_urls: 0)
2026-08-14T05:22:14.269Z LAN discovery resolved (Outcome: Advertisement not found, Hints: 0)
2026-08-14T05:22:14.269Z Direct dial leg failed (peer: 2835642534, Leg: Private fallback, Failure: No route available, Duration: 798 ms)
2026-08-14T05:22:14.270Z Transport dial failed (peer: 2698295152, Transport: Iroh, Failure: No route available, Duration: 1.121 seconds, Attempt: 2957775765214149298)
2026-08-14T05:22:14.270Z Pairing failed (Transport: Iroh, Failure: No route available)
2026-08-14T05:22:14.271Z Iroh route discovery started (Transport: Iroh)
2026-08-14T05:22:14.695Z Iroh route discovery succeeded (Transport: Iroh)
2026-08-14T05:22:14.719Z Connection recovery failed (recovery: 3360705189, Transport: Unknown transport, Failure: No route available)
2026-08-14T05:22:15.618Z Transport dial started (peer: 2698295152, Transport: Iroh, Attempt: 4890744041883440888)
2026-08-14T05:22:15.618Z Iroh route discovery started (peer: 2835642534, Transport: Iroh)
2026-08-14T05:22:15.912Z Iroh route discovery succeeded (peer: 2835642534, Transport: Iroh, bindings: 2, Duration: 293 ms, relay_fleet: 7)
2026-08-14T05:22:15.913Z Private addresses joined broker port (peer: 2698295152, Join: None configured, Configured addresses: 0, Detail 3: 0)
2026-08-14T05:22:15.915Z Direct dial plan assembled (peer: 2835642534, Public paths: 0, Private fallback paths: 0, public_relay_urls: 0)
2026-08-14T05:22:16.694Z LAN discovery resolved (Outcome: Advertisement not found, Hints: 0)
2026-08-14T05:22:16.695Z Direct dial leg failed (peer: 2835642534, Leg: Private fallback, Failure: No route available, Duration: 779 ms)
2026-08-14T05:22:16.695Z Transport dial failed (peer: 2698295152, Transport: Iroh, Failure: No route available, Duration: 1.076 seconds, Attempt: 4890744041883440888)
2026-08-14T05:22:18.793Z Transport dial started (peer: 2698295152, Transport: Iroh, Attempt: 2124803775453034813)
2026-08-14T05:22:18.793Z Iroh route discovery started (peer: 2835642534, Transport: Iroh)
2026-08-14T05:22:19.086Z Iroh route discovery succeeded (peer: 2835642534, Transport: Iroh, bindings: 2, Duration: 292 ms, relay_fleet: 7)
2026-08-14T05:22:19.089Z Private addresses joined broker port (peer: 2698295152, Join: None configured, Configured addresses: 0, Detail 3: 0)
2026-08-14T05:22:19.093Z Direct dial plan assembled (peer: 2835642534, Public paths: 0, Private fallback paths: 0, public_relay_urls: 0)
2026-08-14T05:22:19.891Z LAN discovery resolved (Outcome: Advertisement not found, Hints: 0)
2026-08-14T05:22:19.891Z Direct dial leg failed (peer: 2835642534, Leg: Private fallback, Failure: No route available, Duration: 797 ms)
2026-08-14T05:22:19.891Z Transport dial failed (peer: 2698295152, Transport: Iroh, Failure: No route available, Duration: 1.098 seconds, Attempt: 2124803775453034813)
2026-08-14T05:22:23.148Z Connection recovery started (recovery: 563708520, Transport: Unknown transport, Trigger: Automatic retry delay expired)
2026-08-14T05:22:23.190Z Connection attempt started
2026-08-14T05:22:23.190Z Transport dial started (peer: 2698295152, Transport: Iroh, Attempt: 3335873548830449220)
2026-08-14T05:22:23.213Z Iroh route discovery started (peer: 2835642534, Transport: Iroh)
2026-08-14T05:22:23.703Z Iroh route discovery succeeded (peer: 2835642534, Transport: Iroh, bindings: 2, Duration: 489 ms, relay_fleet: 7)
2026-08-14T05:22:23.706Z Private addresses joined broker port (peer: 2698295152, Join: None configured, Configured addresses: 0, Detail 3: 0)
2026-08-14T05:22:23.709Z Direct dial plan assembled (peer: 2835642534, Public paths: 0, Private fallback paths: 0, public_relay_urls: 0)
2026-08-14T05:22:23.935Z App lifecycle changed (Phase: Inactive)
2026-08-14T05:22:24.484Z LAN discovery resolved (Outcome: Advertisement not found, Hints: 0)
2026-08-14T05:22:24.484Z Direct dial leg failed (peer: 2835642534, Leg: Private fallback, Failure: No route available, Duration: 775 ms)
2026-08-14T05:22:24.484Z Transport dial failed (peer: 2698295152, Transport: Iroh, Failure: No route available, Duration: 1.294 seconds, Attempt: 3335873548830449220)
2026-08-14T05:22:24.484Z Pairing failed (Transport: Iroh, Failure: No route available)
2026-08-14T05:22:24.727Z App lifecycle changed (Phase: Background)
2026-08-14T05:22:24.985Z Connection attempt started
2026-08-14T05:22:24.985Z Transport dial started (peer: 2698295152, Transport: Iroh, Attempt: 5517818561771936725)
2026-08-14T05:22:25.010Z Iroh route discovery started (peer: 2835642534, Transport: Iroh)
2026-08-14T05:22:45.311Z App lifecycle changed (Phase: Inactive)
2026-08-14T05:22:45.566Z Connection recovery started (recovery: 1524241546, Transport: Unknown transport, Trigger: Presence notification)
2026-08-14T05:22:45.572Z Connection attempt started
2026-08-14T05:22:45.572Z Transport dial started (peer: 3259643077, Transport: Iroh, Attempt: 2429575504198535030)
2026-08-14T05:22:45.680Z App lifecycle changed (Phase: Active)
2026-08-14T05:22:45.971Z Iroh endpoint starting (Transport: Iroh)
2026-08-14T05:22:46.309Z Iroh endpoint active (Transport: Iroh)
2026-08-14T05:22:46.310Z Relay policy refresh started
2026-08-14T05:22:46.336Z Transport dial cancelled (peer: 3259643077, Detail 1: 1, Duration: 763 ms, Detail 3: 2429575504198535030)
2026-08-14T05:22:46.336Z Relay policy refresh failed (Failure: Relay policy unavailable)
2026-08-14T05:22:46.346Z Selected network path changed (Path: Unknown path)
2026-08-14T05:22:46.346Z Connection attempt started
2026-08-14T05:22:46.346Z Retry scheduled (Transport: Iroh, Retry delay: 9 seconds)
2026-08-14T05:22:46.346Z Iroh route discovery started (Transport: Iroh)
2026-08-14T05:22:46.367Z Pairing failed (Transport: Iroh, Failure: Route already connecting)
2026-08-14T05:22:46.368Z Transport dial failed (peer: 3259643077, Transport: Iroh, Failure: Cancelled, Duration: 795 ms, Attempt: 2429575504198535030)
2026-08-14T05:22:46.405Z Connection attempt started
2026-08-14T05:22:46.405Z Transport dial started (peer: 3259643077, Transport: Iroh, Attempt: 695622860652067718)
2026-08-14T05:22:46.413Z Iroh route discovery started (peer: 1270194829, Transport: Iroh)
2026-08-14T05:22:46.450Z App lifecycle changed (Phase: Inactive)
2026-08-14T05:22:46.672Z Iroh route discovery succeeded (peer: 1270194829, Transport: Iroh, bindings: 2, Duration: 259 ms, relay_fleet: 7)
2026-08-14T05:22:47.082Z Iroh route discovery succeeded (Transport: Iroh)
2026-08-14T05:22:47.175Z Private addresses joined broker port (peer: 3259643077, Join: None configured, Configured addresses: 0, Detail 3: 0)
2026-08-14T05:22:47.176Z Direct dial plan assembled (peer: 1270194829, Public paths: 0, Private fallback paths: 0, public_relay_urls: 0)
2026-08-14T05:22:47.781Z App lifecycle changed (Phase: Active)
2026-08-14T05:22:47.946Z LAN discovery resolved (Outcome: Advertisement not found, Hints: 0)
2026-08-14T05:22:47.947Z Direct dial leg failed (peer: 1270194829, Leg: Private fallback, Failure: No route available, Duration: 770 ms)
2026-08-14T05:22:47.947Z Transport dial failed (peer: 3259643077, Transport: Iroh, Failure: No route available, Duration: 1.541 seconds, Attempt: 695622860652067718)
2026-08-14T05:22:47.948Z Pairing failed (Transport: Iroh, Failure: No route available)
2026-08-14T05:22:48.243Z Connection attempt started
2026-08-14T05:22:48.243Z Transport dial started (peer: 3259643077, Transport: Iroh, Attempt: 3209368464365890855)
2026-08-14T05:22:48.686Z Iroh route discovery started (peer: 1270194829, Transport: Iroh)
2026-08-14T05:22:48.986Z Iroh route discovery succeeded (peer: 1270194829, Transport: Iroh, bindings: 2, Duration: 300 ms, relay_fleet: 7)
2026-08-14T05:22:48.990Z Private addresses joined broker port (peer: 3259643077, Join: None configured, Configured addresses: 0, Detail 3: 0)
2026-08-14T05:22:48.993Z Direct dial plan assembled (peer: 1270194829, Public paths: 0, Private fallback paths: 0, public_relay_urls: 0)
2026-08-14T05:22:49.780Z LAN discovery resolved (Outcome: Advertisement not found, Hints: 0)
2026-08-14T05:22:49.780Z Direct dial leg failed (peer: 1270194829, Leg: Private fallback, Failure: No route available, Duration: 786 ms)
2026-08-14T05:22:49.780Z Transport dial failed (peer: 3259643077, Transport: Iroh, Failure: No route available, Duration: 1.536 seconds, Attempt: 3209368464365890855)
2026-08-14T05:22:49.780Z Pairing failed (Transport: Iroh, Failure: No route available)
2026-08-14T05:22:49.781Z Iroh route discovery started (Transport: Iroh)
2026-08-14T05:22:50.226Z Iroh route discovery succeeded (Transport: Iroh)
2026-08-14T05:22:52.291Z Connection recovery started (recovery: 352390177, Transport: Unknown transport, Trigger: Automatic retry delay expired)
2026-08-14T05:22:52.339Z Connection attempt started
2026-08-14T05:22:52.339Z Transport dial started (peer: 3259643077, Transport: Iroh, Attempt: 8986842486545612909)
2026-08-14T05:22:52.351Z Iroh route discovery started (peer: 1270194829, Transport: Iroh)
2026-08-14T05:22:52.675Z Iroh route discovery succeeded (peer: 1270194829, Transport: Iroh, bindings: 2, Duration: 324 ms, relay_fleet: 7)
2026-08-14T05:22:52.679Z Private addresses joined broker port (peer: 3259643077, Join: None configured, Configured addresses: 0, Detail 3: 0)
2026-08-14T05:22:52.682Z Direct dial plan assembled (peer: 1270194829, Public paths: 0, Private fallback paths: 0, public_relay_urls: 0)
2026-08-14T05:22:53.475Z LAN discovery resolved (Outcome: Advertisement not found, Hints: 0)
2026-08-14T05:22:53.475Z Direct dial leg failed (peer: 1270194829, Leg: Private fallback, Failure: No route available, Duration: 793 ms)
2026-08-14T05:22:53.476Z Transport dial failed (peer: 3259643077, Transport: Iroh, Failure: No route available, Duration: 1.136 seconds, Attempt: 8986842486545612909)
2026-08-14T05:22:53.476Z Pairing failed (Transport: Iroh, Failure: No route available)
2026-08-14T05:22:53.912Z Connection attempt started
2026-08-14T05:22:53.912Z Transport dial started (peer: 3259643077, Transport: Iroh, Attempt: 6265228842961702813)
2026-08-14T05:22:53.941Z Iroh route discovery started (peer: 1270194829, Transport: Iroh)
2026-08-14T05:22:54.354Z Iroh route discovery succeeded (peer: 1270194829, Transport: Iroh, bindings: 2, Duration: 412 ms, relay_fleet: 7)
2026-08-14T05:22:54.357Z Private addresses joined broker port (peer: 3259643077, Join: None configured, Configured addresses: 0, Detail 3: 0)
2026-08-14T05:22:54.357Z Direct dial plan assembled (peer: 1270194829, Public paths: 0, Private fallback paths: 0, public_relay_urls: 0)
2026-08-14T05:22:55.116Z LAN discovery resolved (Outcome: Advertisement not found, Hints: 0)
2026-08-14T05:22:55.116Z Direct dial leg failed (peer: 1270194829, Leg: Private fallback, Failure: No route available, Duration: 758 ms)
2026-08-14T05:22:55.116Z Transport dial failed (peer: 3259643077, Transport: Iroh, Failure: No route available, Duration: 1.204 seconds, Attempt: 6265228842961702813)
2026-08-14T05:22:55.117Z Pairing failed (Transport: Iroh, Failure: No route available)
2026-08-14T05:22:55.118Z Iroh route discovery started (Transport: Iroh)
2026-08-14T05:22:55.357Z Relay policy refresh started
2026-08-14T05:22:55.702Z Iroh route discovery succeeded (Transport: Iroh)
2026-08-14T05:22:55.729Z Connection recovery failed (recovery: 352390177, Transport: Unknown transport, Failure: No route available)
2026-08-14T05:22:55.746Z Relay policy refreshed
2026-08-14T05:22:57.592Z App lifecycle changed (Phase: Inactive)
2026-08-14T05:22:58.380Z App lifecycle changed (Phase: Background)
2026-08-14T05:24:16.311Z App lifecycle changed (Phase: Inactive)
2026-08-14T05:24:16.717Z App lifecycle changed (Phase: Active)
2026-08-14T05:24:17.583Z Iroh endpoint starting (Transport: Iroh)
2026-08-14T05:24:18.092Z Connection recovery started (recovery: 1976663847, Transport: Unknown transport, Trigger: Presence notification)
2026-08-14T05:24:18.106Z Connection attempt started
2026-08-14T05:24:18.107Z Transport dial started (peer: 1856759429, Transport: Iroh, Attempt: 8270061683286862094)
2026-08-14T05:24:18.249Z Iroh endpoint active (Transport: Iroh)
2026-08-14T05:24:18.277Z Relay policy refresh started
2026-08-14T05:24:18.277Z Transport dial cancelled (peer: 1856759429, Detail 1: 3, Duration: 170 ms, Detail 3: 8270061683286862094)
2026-08-14T05:24:18.278Z Connection attempt started
2026-08-14T05:24:18.278Z Selected network path changed (Path: Unknown path)
2026-08-14T05:24:18.278Z Transport dial started (Transport: Iroh, Attempt: 2300784177881598801)
2026-08-14T05:24:18.278Z Transport dial failed (Transport: Iroh, Failure: Authorization failed, Duration: 0 ms, Attempt: 2300784177881598801)
2026-08-14T05:24:18.298Z Host authentication failed (Transport: Iroh, Failure: Authorization failed)
2026-08-14T05:24:18.298Z Pairing failed (Transport: Iroh, Failure: Authorization failed)
2026-08-14T05:24:18.320Z Iroh route discovery started (Transport: Iroh)
2026-08-14T05:24:18.320Z Transport dial failed (peer: 1856759429, Transport: Iroh, Failure: Cancelled, Duration: 212 ms, Attempt: 8270061683286862094)
2026-08-14T05:24:18.351Z Connection attempt started
2026-08-14T05:24:18.351Z Transport dial started (peer: 1856759429, Transport: Iroh, Attempt: 7046581020631969794)
2026-08-14T05:24:18.361Z Iroh route discovery started (peer: 3438443871, Transport: Iroh)
2026-08-14T05:24:18.693Z Iroh route discovery succeeded (peer: 3438443871, Transport: Iroh, bindings: 2, Duration: 331 ms, relay_fleet: 7)
2026-08-14T05:24:19.070Z Iroh route discovery succeeded (Transport: Iroh)
2026-08-14T05:24:19.106Z App lifecycle changed (Phase: Inactive)
2026-08-14T05:24:19.202Z Private addresses joined broker port (peer: 1856759429, Join: None configured, Configured addresses: 0, Detail 3: 0)
2026-08-14T05:24:19.204Z Direct dial plan assembled (peer: 3438443871, Public paths: 1, Private fallback paths: 0, public_relay_urls: 1)
2026-08-14T05:24:20.166Z App lifecycle changed (Phase: Background)
2026-08-14T05:39:40.829Z App lifecycle changed (Phase: Inactive)
2026-08-14T05:39:41.132Z App lifecycle changed (Phase: Active)
2026-08-14T05:39:41.969Z Iroh endpoint starting (Transport: Iroh)
2026-08-14T05:39:42.465Z Iroh endpoint active (Transport: Iroh)
2026-08-14T05:39:42.468Z Relay policy refresh started
2026-08-14T05:39:42.468Z Connection attempt started
2026-08-14T05:39:42.469Z Transport dial started (Transport: Iroh, Attempt: 2382904075249785386)
2026-08-14T05:39:42.469Z Transport dial failed (Transport: Iroh, Failure: Authorization failed, Duration: 0 ms, Attempt: 2382904075249785386)
2026-08-14T05:39:42.502Z Selected network path changed (Path: Unknown path)
2026-08-14T05:39:42.502Z Host authentication failed (Transport: Iroh, Failure: Authorization failed)
2026-08-14T05:39:42.503Z Pairing failed (Transport: Iroh, Failure: Authorization failed)
2026-08-14T05:39:42.553Z Connection attempt started
2026-08-14T05:39:42.553Z Transport dial started (peer: 739325085, Transport: Iroh, Attempt: 2345292987095376625)
2026-08-14T05:39:42.645Z App lifecycle changed (Phase: Inactive)
2026-08-14T05:39:42.829Z Private addresses joined broker port (peer: 739325085, Join: None configured, Configured addresses: 0, Detail 3: 0)
2026-08-14T05:39:42.832Z Iroh route discovery started (peer: 3111318643, Transport: Iroh)
2026-08-14T05:39:43.182Z Iroh route discovery succeeded (peer: 3111318643, Transport: Iroh, bindings: 2, Duration: 350 ms, relay_fleet: 7)
2026-08-14T05:39:43.184Z Private addresses joined broker port (peer: 739325085, Join: None configured, Configured addresses: 0, Detail 3: 0)
2026-08-14T05:39:43.187Z Direct dial plan assembled (peer: 3111318643, Public paths: 0, Private fallback paths: 0, public_relay_urls: 0)
2026-08-14T05:39:43.214Z Relay policy refreshed
2026-08-14T05:39:43.960Z LAN discovery resolved (Outcome: Advertisement not found, Hints: 0)
2026-08-14T05:39:43.960Z Direct dial leg failed (peer: 3111318643, Leg: Private fallback, Failure: No route available, Duration: 773 ms)
2026-08-14T05:39:43.960Z Transport dial failed (peer: 739325085, Transport: Iroh, Failure: No route available, Duration: 1.407 seconds, Attempt: 2345292987095376625)
2026-08-14T05:39:43.961Z Pairing failed (Transport: Iroh, Failure: No route available)
2026-08-14T05:39:44.252Z Connection attempt started
2026-08-14T05:39:44.252Z Transport dial started (peer: 739325085, Transport: Iroh, Attempt: 1626228979802485186)
2026-08-14T05:39:44.283Z Iroh route discovery started (peer: 3111318643, Transport: Iroh)
2026-08-14T05:39:44.558Z App lifecycle changed (Phase: Background)
2026-08-14T05:39:44.564Z Iroh route discovery succeeded (peer: 3111318643, Transport: Iroh, bindings: 2, Duration: 281 ms, relay_fleet: 7)
2026-08-14T05:39:44.574Z Private addresses joined broker port (peer: 739325085, Join: None configured, Configured addresses: 0, Detail 3: 0)
2026-08-14T05:39:44.574Z Direct dial plan assembled (peer: 3111318643, Public paths: 1, Private fallback paths: 0, public_relay_urls: 1)
2026-08-14T05:52:17.413Z App lifecycle changed (Phase: Inactive)
2026-08-14T05:52:18.053Z App lifecycle changed (Phase: Active)
2026-08-14T05:52:18.076Z App lifecycle changed (Phase: Inactive)
2026-08-14T05:52:18.578Z Iroh endpoint starting (Transport: Iroh)
2026-08-14T05:52:19.158Z Connection recovery started (recovery: 135329633, Transport: Unknown transport, Trigger: Presence notification)
2026-08-14T05:52:19.186Z Connection attempt started
2026-08-14T05:52:19.190Z Transport dial started (peer: 1629622189, Transport: Iroh, Attempt: 1128778797594549511)
2026-08-14T05:52:19.672Z Iroh endpoint active (Transport: Iroh)
2026-08-14T05:52:19.702Z Relay policy refresh started
2026-08-14T05:52:19.702Z Transport dial cancelled (peer: 1629622189, Detail 1: 1, Duration: 512 ms, Detail 3: 1128778797594549511)
2026-08-14T05:52:19.702Z Selected network path changed (Path: Unknown path)
2026-08-14T05:52:19.702Z Connection attempt started
2026-08-14T05:52:19.722Z Pairing failed (Transport: Iroh, Failure: Route already connecting)
2026-08-14T05:52:19.737Z Iroh route discovery started (Transport: Iroh)
2026-08-14T05:52:19.737Z Transport dial failed (peer: 1629622189, Transport: Iroh, Failure: Cancelled, Duration: 547 ms, Attempt: 1128778797594549511)
2026-08-14T05:52:19.737Z Connection attempt started
2026-08-14T05:52:19.737Z Transport dial started (peer: 1629622189, Transport: Iroh, Attempt: 3593496718658574733)
2026-08-14T05:52:19.745Z Iroh route discovery started (peer: 267100231, Transport: Iroh)
2026-08-14T05:52:19.825Z Relay policy refresh failed (Failure: Relay policy unavailable)
2026-08-14T05:52:19.825Z Retry scheduled (Transport: Iroh, Retry delay: 60 seconds)
2026-08-14T05:52:20.125Z Iroh route discovery succeeded (Transport: Iroh)
2026-08-14T05:52:20.306Z App lifecycle changed (Phase: Background)
2026-08-14T05:52:20.395Z Iroh route discovery succeeded (peer: 267100231, Transport: Iroh, bindings: 2, Duration: 650 ms, relay_fleet: 7)
2026-08-14T05:52:22.406Z Transport dial failed (peer: 1629622189, Transport: Iroh, Failure: Offline, Duration: 2.668 seconds, Attempt: 3593496718658574733)
2026-08-14T05:52:22.409Z App lifecycle changed (Phase: Inactive)
2026-08-14T05:52:22.430Z Pairing failed (Transport: Iroh, Failure: Offline)
2026-08-14T05:52:22.720Z App lifecycle changed (Phase: Active)
2026-08-14T05:52:22.738Z Connection attempt started
2026-08-14T05:52:22.738Z Transport dial started (peer: 1629622189, Transport: Iroh, Attempt: 5535761363685175653)
2026-08-14T05:52:23.677Z Iroh route discovery started (peer: 267100231, Transport: Iroh)
2026-08-14T05:52:23.991Z Iroh route discovery succeeded (peer: 267100231, Transport: Iroh, bindings: 2, Duration: 314 ms, relay_fleet: 7)
2026-08-14T05:52:24.245Z Private addresses joined broker port (peer: 1629622189, Join: None configured, Configured addresses: 0, Detail 3: 0)
2026-08-14T05:52:24.246Z Direct dial plan assembled (peer: 267100231, Public paths: 0, Private fallback paths: 0, public_relay_urls: 0)
2026-08-14T05:52:25.018Z LAN discovery resolved (Outcome: Advertisement not found, Hints: 0)
2026-08-14T05:52:25.018Z Direct dial leg failed (peer: 267100231, Leg: Private fallback, Failure: No route available, Duration: 772 ms)
2026-08-14T05:52:25.019Z Transport dial failed (peer: 1629622189, Transport: Iroh, Failure: No route available, Duration: 2.281 seconds, Attempt: 5535761363685175653)
2026-08-14T05:52:25.020Z Pairing failed (Transport: Iroh, Failure: No route available)
2026-08-14T05:52:25.021Z Iroh route discovery started (Transport: Iroh)
2026-08-14T05:52:25.402Z Iroh route discovery succeeded (Transport: Iroh)
2026-08-14T05:52:27.551Z Connection recovery started (recovery: 1043505718, Transport: Unknown transport, Trigger: Automatic retry delay expired)
2026-08-14T05:52:27.603Z Connection attempt started
2026-08-14T05:52:27.604Z Transport dial started (peer: 1629622189, Transport: Iroh, Attempt: 6603251967745151161)
2026-08-14T05:52:27.613Z Iroh route discovery started (peer: 267100231, Transport: Iroh)
2026-08-14T05:52:27.889Z Iroh route discovery succeeded (peer: 267100231, Transport: Iroh, bindings: 2, Duration: 275 ms, relay_fleet: 7)
2026-08-14T05:52:27.893Z Private addresses joined broker port (peer: 1629622189, Join: None configured, Configured addresses: 0, Detail 3: 0)
2026-08-14T05:52:27.896Z Direct dial plan assembled (peer: 267100231, Public paths: 0, Private fallback paths: 0, public_relay_urls: 0)
2026-08-14T05:52:28.654Z LAN discovery resolved (Outcome: Advertisement not found, Hints: 0)
2026-08-14T05:52:28.654Z Direct dial leg failed (peer: 267100231, Leg: Private fallback, Failure: No route available, Duration: 757 ms)
2026-08-14T05:52:28.654Z Transport dial failed (peer: 1629622189, Transport: Iroh, Failure: No route available, Duration: 1.050 seconds, Attempt: 6603251967745151161)
2026-08-14T05:52:28.655Z Pairing failed (Transport: Iroh, Failure: No route available)
2026-08-14T05:52:29.022Z Connection attempt started
2026-08-14T05:52:29.022Z Transport dial started (peer: 1629622189, Transport: Iroh, Attempt: 2695256062713946559)
2026-08-14T05:52:29.050Z Iroh route discovery started (peer: 267100231, Transport: Iroh)
2026-08-14T05:52:29.328Z Iroh route discovery succeeded (peer: 267100231, Transport: Iroh, bindings: 2, Duration: 277 ms, relay_fleet: 7)
2026-08-14T05:52:29.331Z Private addresses joined broker port (peer: 1629622189, Join: None configured, Configured addresses: 0, Detail 3: 0)
2026-08-14T05:52:29.331Z Direct dial plan assembled (peer: 267100231, Public paths: 0, Private fallback paths: 0, public_relay_urls: 0)
2026-08-14T05:52:30.095Z LAN discovery resolved (Outcome: Advertisement not found, Hints: 0)
2026-08-14T05:52:30.095Z Direct dial leg failed (peer: 267100231, Leg: Private fallback, Failure: No route available, Duration: 763 ms)
2026-08-14T05:52:30.095Z Transport dial failed (peer: 1629622189, Transport: Iroh, Failure: No route available, Duration: 1.072 seconds, Attempt: 2695256062713946559)
2026-08-14T05:52:30.095Z Pairing failed (Transport: Iroh, Failure: No route available)
2026-08-14T05:52:30.096Z Iroh route discovery started (Transport: Iroh)
2026-08-14T05:52:30.555Z Iroh route discovery succeeded (Transport: Iroh)
2026-08-14T05:52:30.583Z Connection recovery failed (recovery: 1043505718, Transport: Unknown transport, Failure: No route available)
2026-08-14T05:52:34.668Z Connection recovery started (recovery: 992577436, Transport: Unknown transport, Trigger: Automatic retry delay expired)
2026-08-14T05:52:34.714Z Connection attempt started
2026-08-14T05:52:34.714Z Transport dial started (peer: 1629622189, Transport: Iroh, Attempt: 1954639204049184986)
2026-08-14T05:52:34.722Z Iroh route discovery started (peer: 267100231, Transport: Iroh)
2026-08-14T05:52:35.160Z Iroh route discovery succeeded (peer: 267100231, Transport: Iroh, bindings: 2, Duration: 438 ms, relay_fleet: 7)
2026-08-14T05:52:35.164Z Private addresses joined broker port (peer: 1629622189, Join: None configured, Configured addresses: 0, Detail 3: 0)
2026-08-14T05:52:35.167Z Direct dial plan assembled (peer: 267100231, Public paths: 0, Private fallback paths: 0, public_relay_urls: 0)
2026-08-14T05:52:35.943Z LAN discovery resolved (Outcome: Advertisement not found, Hints: 0)
2026-08-14T05:52:35.943Z Direct dial leg failed (peer: 267100231, Leg: Private fallback, Failure: No route available, Duration: 776 ms)
2026-08-14T05:52:35.944Z Transport dial failed (peer: 1629622189, Transport: Iroh, Failure: No route available, Duration: 1.229 seconds, Attempt: 1954639204049184986)
2026-08-14T05:52:35.944Z Pairing failed (Transport: Iroh, Failure: No route available)
2026-08-14T05:52:36.292Z Connection attempt started
2026-08-14T05:52:36.293Z Transport dial started (peer: 1629622189, Transport: Iroh, Attempt: 664982722769942147)
2026-08-14T05:52:36.321Z Iroh route discovery started (peer: 267100231, Transport: Iroh)
2026-08-14T05:52:36.592Z Iroh route discovery succeeded (peer: 267100231, Transport: Iroh, bindings: 2, Duration: 271 ms, relay_fleet: 7)
2026-08-14T05:52:36.596Z Private addresses joined broker port (peer: 1629622189, Join: None configured, Configured addresses: 0, Detail 3: 0)
2026-08-14T05:52:36.596Z Direct dial plan assembled (peer: 267100231, Public paths: 0, Private fallback paths: 0, public_relay_urls: 0)
2026-08-14T05:52:37.353Z LAN discovery resolved (Outcome: Advertisement not found, Hints: 0)
2026-08-14T05:52:37.353Z Direct dial leg failed (peer: 267100231, Leg: Private fallback, Failure: No route available, Duration: 756 ms)
2026-08-14T05:52:37.353Z Transport dial failed (peer: 1629622189, Transport: Iroh, Failure: No route available, Duration: 1.060 seconds, Attempt: 664982722769942147)
2026-08-14T05:52:37.353Z Pairing failed (Transport: Iroh, Failure: No route available)
2026-08-14T05:52:37.355Z Iroh route discovery started (Transport: Iroh)
2026-08-14T05:52:37.724Z Iroh route discovery succeeded (Transport: Iroh)
2026-08-14T05:52:37.751Z Connection recovery failed (recovery: 992577436, Transport: Unknown transport, Failure: No route available)
2026-08-14T05:52:45.911Z Connection recovery started (recovery: 845711768, Transport: Unknown transport, Trigger: Automatic retry delay expired)
2026-08-14T05:52:45.958Z Connection attempt started
2026-08-14T05:52:45.958Z Transport dial started (peer: 1629622189, Transport: Iroh, Attempt: 7369749611689021281)
2026-08-14T05:52:45.968Z Iroh route discovery started (peer: 267100231, Transport: Iroh)
2026-08-14T05:52:46.264Z Iroh route discovery succeeded (peer: 267100231, Transport: Iroh, bindings: 2, Duration: 296 ms, relay_fleet: 7)
2026-08-14T05:52:46.267Z Private addresses joined broker port (peer: 1629622189, Join: None configured, Configured addresses: 0, Detail 3: 0)
2026-08-14T05:52:46.270Z Direct dial plan assembled (peer: 267100231, Public paths: 0, Private fallback paths: 0, public_relay_urls: 0)
2026-08-14T05:52:47.033Z LAN discovery resolved (Outcome: Advertisement not found, Hints: 0)
2026-08-14T05:52:47.033Z Direct dial leg failed (peer: 267100231, Leg: Private fallback, Failure: No route available, Duration: 763 ms)
2026-08-14T05:52:47.034Z Transport dial failed (peer: 1629622189, Transport: Iroh, Failure: No route available, Duration: 1.075 seconds, Attempt: 7369749611689021281)
2026-08-14T05:52:47.034Z Pairing failed (Transport: Iroh, Failure: No route available)
2026-08-14T05:52:47.533Z Connection attempt started
2026-08-14T05:52:47.534Z Transport dial started (peer: 1629622189, Transport: Iroh, Attempt: 3749677526481091627)
2026-08-14T05:52:47.561Z Iroh route discovery started (peer: 267100231, Transport: Iroh)
2026-08-14T05:52:48.094Z Iroh route discovery succeeded (peer: 267100231, Transport: Iroh, bindings: 2, Duration: 533 ms, relay_fleet: 7)
2026-08-14T05:52:48.098Z Private addresses joined broker port (peer: 1629622189, Join: None configured, Configured addresses: 0, Detail 3: 0)
2026-08-14T05:52:48.099Z Direct dial plan assembled (peer: 267100231, Public paths: 0, Private fallback paths: 0, public_relay_urls: 0)
2026-08-14T05:52:48.894Z LAN discovery resolved (Outcome: Advertisement not found, Hints: 0)
2026-08-14T05:52:48.894Z Direct dial leg failed (peer: 267100231, Leg: Private fallback, Failure: No route available, Duration: 795 ms)
2026-08-14T05:52:48.894Z Transport dial failed (peer: 1629622189, Transport: Iroh, Failure: No route available, Duration: 1.360 seconds, Attempt: 3749677526481091627)
2026-08-14T05:52:48.895Z Pairing failed (Transport: Iroh, Failure: No route available)
2026-08-14T05:52:48.896Z Iroh route discovery started (Transport: Iroh)
2026-08-14T05:52:49.296Z Iroh route discovery succeeded (Transport: Iroh)
2026-08-14T05:52:49.324Z Connection recovery failed (recovery: 845711768, Transport: Unknown transport, Failure: No route available)
2026-08-14T05:53:05.942Z Connection recovery started (recovery: 1780588108, Transport: Unknown transport, Trigger: Automatic retry delay expired)
2026-08-14T05:53:05.992Z Connection attempt started
2026-08-14T05:53:05.992Z Transport dial started (peer: 1629622189, Transport: Iroh, Attempt: 1966364388786373381)
2026-08-14T05:53:06.004Z Iroh route discovery started (peer: 267100231, Transport: Iroh)
2026-08-14T05:53:06.303Z Iroh route discovery succeeded (peer: 267100231, Transport: Iroh, bindings: 2, Duration: 299 ms, relay_fleet: 7)
2026-08-14T05:53:06.306Z Private addresses joined broker port (peer: 1629622189, Join: None configured, Configured addresses: 0, Detail 3: 0)
2026-08-14T05:53:06.309Z Direct dial plan assembled (peer: 267100231, Public paths: 0, Private fallback paths: 0, public_relay_urls: 0)
2026-08-14T05:53:07.078Z LAN discovery resolved (Outcome: Advertisement not found, Hints: 0)
2026-08-14T05:53:07.079Z Direct dial leg failed (peer: 267100231, Leg: Private fallback, Failure: No route available, Duration: 769 ms)
2026-08-14T05:53:07.079Z Transport dial failed (peer: 1629622189, Transport: Iroh, Failure: No route available, Duration: 1.086 seconds, Attempt: 1966364388786373381)
2026-08-14T05:53:07.079Z Pairing failed (Transport: Iroh, Failure: No route available)
2026-08-14T05:53:07.419Z Connection attempt started
2026-08-14T05:53:07.419Z Transport dial started (peer: 1629622189, Transport: Iroh, Attempt: 1338201846310261549)
2026-08-14T05:53:07.446Z Iroh route discovery started (peer: 267100231, Transport: Iroh)
2026-08-14T05:53:07.724Z Iroh route discovery succeeded (peer: 267100231, Transport: Iroh, bindings: 2, Duration: 277 ms, relay_fleet: 7)
2026-08-14T05:53:07.728Z Private addresses joined broker port (peer: 1629622189, Join: None configured, Configured addresses: 0, Detail 3: 0)
2026-08-14T05:53:07.728Z Direct dial plan assembled (peer: 267100231, Public paths: 0, Private fallback paths: 0, public_relay_urls: 0)
2026-08-14T05:53:08.485Z LAN discovery resolved (Outcome: Advertisement not found, Hints: 0)
2026-08-14T05:53:08.485Z Direct dial leg failed (peer: 267100231, Leg: Private fallback, Failure: No route available, Duration: 756 ms)
2026-08-14T05:53:08.485Z Transport dial failed (peer: 1629622189, Transport: Iroh, Failure: No route available, Duration: 1.066 seconds, Attempt: 1338201846310261549)
2026-08-14T05:53:08.486Z Pairing failed (Transport: Iroh, Failure: No route available)
2026-08-14T05:53:08.487Z Iroh route discovery started (Transport: Iroh)
2026-08-14T05:53:08.834Z Iroh route discovery succeeded (Transport: Iroh)
2026-08-14T05:53:08.861Z Connection recovery failed (recovery: 1780588108, Transport: Unknown transport, Failure: No route available)
2026-08-14T05:53:21.944Z Relay policy refresh started
2026-08-14T05:53:22.508Z Relay policy refreshed
2026-08-14T05:53:41.969Z Connection recovery started (recovery: 160513856, Transport: Unknown transport, Trigger: Automatic retry delay expired)
2026-08-14T05:53:42.018Z Connection attempt started
2026-08-14T05:53:42.019Z Transport dial started (peer: 1629622189, Transport: Iroh, Attempt: 7464715911986935754)
2026-08-14T05:53:42.030Z Iroh route discovery started (peer: 267100231, Transport: Iroh)
2026-08-14T05:53:42.447Z Iroh route discovery succeeded (peer: 267100231, Transport: Iroh, bindings: 2, Duration: 416 ms, relay_fleet: 7)
2026-08-14T05:53:42.465Z Private addresses joined broker port (peer: 1629622189, Join: None configured, Configured addresses: 0, Detail 3: 0)
2026-08-14T05:53:42.467Z Direct dial plan assembled (peer: 267100231, Public paths: 1, Private fallback paths: 0, public_relay_urls: 1)
2026-08-14T05:53:47.470Z Direct dial leg failed (peer: 267100231, Leg: Public paths, Failure: Timed out, Duration: 5.002 seconds)
2026-08-14T05:53:48.259Z LAN discovery resolved (Outcome: Advertisement not found, Hints: 0)
2026-08-14T05:53:48.259Z Direct dial leg failed (peer: 267100231, Leg: Private fallback, Failure: No route available, Duration: 789 ms)
2026-08-14T05:53:48.260Z Transport dial failed (peer: 1629622189, Transport: Iroh, Failure: Timed out, Duration: 6.240 seconds, Attempt: 7464715911986935754)
2026-08-14T05:53:48.261Z Pairing failed (Transport: Iroh, Failure: Timed out)
2026-08-14T05:53:48.789Z Connection attempt started
2026-08-14T05:53:48.789Z Transport dial started (peer: 1629622189, Transport: Iroh, Attempt: 9059686069990538262)
2026-08-14T05:53:48.817Z Iroh route discovery started (peer: 267100231, Transport: Iroh)
2026-08-14T05:53:49.107Z Iroh route discovery succeeded (peer: 267100231, Transport: Iroh, bindings: 2, Duration: 289 ms, relay_fleet: 7)
2026-08-14T05:53:49.124Z Private addresses joined broker port (peer: 1629622189, Join: None configured, Configured addresses: 0, Detail 3: 0)
2026-08-14T05:53:49.124Z Direct dial plan assembled (peer: 267100231, Public paths: 1, Private fallback paths: 0, public_relay_urls: 1)
2026-08-14T05:53:50.210Z Direct dial leg connected (peer: 267100231, Leg: Public paths, Duration: 1.086 seconds)
2026-08-14T05:53:50.547Z Transport session state changed (peer: 1629622189, State: Established, Purpose: Foreground control)
2026-08-14T05:53:50.547Z Transport connected (peer: 1629622189, Transport: Iroh, Duration: 1.757 seconds, Attempt: 9059686069990538262)
2026-08-14T05:53:50.547Z Selected network path changed (Path: Relay)
2026-08-14T05:53:52.046Z Host authenticated (Surface: 1629622189, Transport: Iroh)
2026-08-14T05:53:52.052Z RPC session ready (Surface: 1629622189, Transport: Iroh)
2026-08-14T05:53:52.053Z Pairing succeeded
2026-08-14T05:53:52.202Z Iroh route discovery started (Transport: Iroh)
2026-08-14T05:53:52.468Z Iroh route discovery succeeded (Transport: Iroh)
2026-08-14T05:53:52.486Z Connection recovery succeeded (recovery: 160513856, Transport: Iroh, Detail 3: 1629622189)
2026-08-14T05:59:26.541Z App lifecycle changed (Phase: Inactive)
2026-08-14T05:59:26.915Z App lifecycle changed (Phase: Active)
2026-08-14T05:59:27.622Z Iroh endpoint starting (Transport: Iroh)
2026-08-14T05:59:27.657Z Connection attempt started
2026-08-14T05:59:27.658Z Transport dial started (peer: 3355771247, Transport: Iroh, Attempt: 5555484803630871708)
2026-08-14T05:59:27.930Z Iroh endpoint active (Transport: Iroh)
2026-08-14T05:59:27.930Z Relay policy refresh started
2026-08-14T05:59:27.930Z Selected network path changed (Path: Unknown path)
2026-08-14T05:59:28.260Z Relay policy refreshed
2026-08-14T05:59:28.404Z Private addresses joined broker port (peer: 3355771247, Join: None configured, Configured addresses: 0, Detail 3: 0)
2026-08-14T05:59:28.407Z Direct dial plan assembled (peer: 981218629, Public paths: 1, Private fallback paths: 0, public_relay_urls: 1)
2026-08-14T05:59:28.595Z Direct dial leg connected (peer: 981218629, Leg: Public paths, Duration: 188 ms)
2026-08-14T05:59:29.126Z Transport session state changed (peer: 3355771247, State: Established, Purpose: Foreground control)
2026-08-14T05:59:29.127Z Transport connected (peer: 3355771247, Transport: Iroh, Duration: 1.468 seconds, Attempt: 5555484803630871708)
2026-08-14T05:59:29.127Z Selected network path changed (Path: Relay)
2026-08-14T05:59:29.409Z Host authenticated (Surface: 3355771247, Transport: Iroh)
2026-08-14T05:59:29.413Z RPC session ready (Surface: 3355771247, Transport: Iroh)
2026-08-14T05:59:29.413Z Pairing succeeded
2026-08-14T05:59:29.510Z Iroh route discovery started (Transport: Iroh)
2026-08-14T05:59:30.511Z Iroh route discovery succeeded (Transport: Iroh)
2026-08-14T06:00:12.735Z App lifecycle changed (Phase: Inactive)
2026-08-14T06:00:14.122Z App lifecycle changed (Phase: Active)
2026-08-14T06:00:22.356Z App lifecycle changed (Phase: Inactive)
2026-08-14T06:00:22.493Z App lifecycle changed (Phase: Active)
2026-08-14T06:00:22.763Z Connection recovery started (recovery: 2966318131, Transport: Unknown transport, Trigger: Presence notification)
2026-08-14T06:00:22.770Z Connection attempt started
2026-08-14T06:00:22.771Z Transport dial started (peer: 2489108693, Transport: Iroh, Attempt: 3933620061014241769)
2026-08-14T06:00:23.103Z Iroh endpoint starting (Transport: Iroh)
2026-08-14T06:00:23.151Z Transport dial cancelled (peer: 2489108693, Detail 1: 3, Duration: 379 ms, Detail 3: 3933620061014241769)
2026-08-14T06:00:23.151Z Connection attempt started
2026-08-14T06:00:23.151Z Transport dial started (peer: 2489108693, Transport: Iroh, Attempt: 7214611617662481306)
2026-08-14T06:00:23.156Z Transport dial failed (peer: 2489108693, Transport: Iroh, Failure: Cancelled, Duration: 385 ms, Attempt: 3933620061014241769)
2026-08-14T06:00:23.157Z Iroh route discovery started (Transport: Iroh)
2026-08-14T06:00:24.384Z Iroh endpoint active (Transport: Iroh)
2026-08-14T06:00:24.385Z Relay policy refresh started
2026-08-14T06:00:24.385Z Selected network path changed (Path: Unknown path)
2026-08-14T06:00:24.714Z Private addresses joined broker port (peer: 2489108693, Join: None configured, Configured addresses: 0, Detail 3: 0)
2026-08-14T06:00:24.716Z Direct dial plan assembled (peer: 3864434804, Public paths: 1, Private fallback paths: 0, public_relay_urls: 1)
2026-08-14T06:00:24.851Z Relay policy refreshed
2026-08-14T06:00:24.958Z Direct dial leg connected (peer: 3864434804, Leg: Public paths, Duration: 241 ms)
2026-08-14T06:00:24.987Z Iroh route discovery succeeded (Transport: Iroh)
2026-08-14T06:00:24.988Z Connection recovery failed (recovery: 2966318131, Transport: Iroh, Failure: Superseded by a newer attempt, Detail 3: 2489108693)
2026-08-14T06:00:25.352Z Transport session state changed (peer: 2489108693, State: Established, Purpose: Foreground control)
2026-08-14T06:00:25.352Z Transport connected (peer: 2489108693, Transport: Iroh, Duration: 2.201 seconds, Attempt: 7214611617662481306)
2026-08-14T06:00:25.381Z Selected network path changed (Path: Relay)
2026-08-14T06:00:25.675Z Host authenticated (Surface: 2489108693, Transport: Iroh)
2026-08-14T06:00:25.678Z RPC session ready (Surface: 2489108693, Transport: Iroh)
2026-08-14T06:00:25.678Z Pairing succeeded
2026-08-14T06:00:25.830Z Iroh route discovery started (Transport: Iroh)
2026-08-14T06:00:27.248Z Iroh route discovery succeeded (Transport: Iroh)
2026-08-14T06:00:27.248Z Transport dial started (peer: 2489108693, Transport: Iroh, Attempt: 2330649347753149018)
2026-08-14T06:00:27.248Z Iroh route discovery started (peer: 3103783941, Transport: Iroh)
2026-08-14T06:00:27.306Z App lifecycle changed (Phase: Inactive)
2026-08-14T06:00:27.564Z Iroh route discovery succeeded (peer: 3103783941, Transport: Iroh, bindings: 3, Duration: 314 ms, relay_fleet: 7)
2026-08-14T06:00:27.858Z Private addresses joined broker port (peer: 2489108693, Join: None configured, Configured addresses: 0, Detail 3: 0)
2026-08-14T06:00:27.858Z Direct dial plan assembled (peer: 3103783941, Public paths: 1, Private fallback paths: 0, public_relay_urls: 1)
2026-08-14T06:00:28.402Z App lifecycle changed (Phase: Active)
2026-08-14T06:00:32.860Z Direct dial leg failed (peer: 3103783941, Leg: Public paths, Failure: Timed out, Duration: 5.001 seconds)
2026-08-14T06:00:33.629Z LAN discovery resolved (Outcome: Advertisement not found, Hints: 0)
2026-08-14T06:00:33.629Z Direct dial leg failed (peer: 3103783941, Leg: Private fallback, Failure: No route available, Duration: 768 ms)
2026-08-14T06:00:33.629Z Transport dial failed (peer: 2489108693, Transport: Iroh, Failure: Timed out, Duration: 6.380 seconds, Attempt: 2330649347753149018)
2026-08-14T06:00:35.743Z Iroh route discovery started (Transport: Iroh)
2026-08-14T06:00:36.077Z Iroh route discovery succeeded (Transport: Iroh)
2026-08-14T06:00:36.077Z Transport dial started (peer: 2489108693, Transport: Iroh, Attempt: 976531251331357023)
2026-08-14T06:00:36.077Z Iroh route discovery started (peer: 3103783941, Transport: Iroh)
2026-08-14T06:00:36.155Z Transport close attributed (peer: 2489108693, Initiator: Remote peer, Failure: Connection closed, Application error code: 1)
2026-08-14T06:00:36.155Z Remote close reason (peer: 2489108693, Detail 1: 0, Detail 3: 1)
2026-08-14T06:00:36.155Z Transport session state changed (peer: 2489108693, State: Control read failed, Purpose: Foreground control)
2026-08-14T06:00:36.155Z Transport session closed (peer: 2489108693, Transport: Iroh, Failure: Connection closed)
2026-08-14T06:00:36.155Z Event stream ended
2026-08-14T06:00:36.155Z Connection recovery started (recovery: 808324794, Transport: Iroh, Trigger: Event stream ended, Detail 3: 2489108693)
2026-08-14T06:00:36.205Z Transport dial cancelled (peer: 2489108693, Detail 1: 1, Duration: 128 ms, Detail 3: 976531251331357023)
2026-08-14T06:00:36.233Z Selected network path changed (Path: Unknown path)
2026-08-14T06:00:36.240Z Connection attempt started
2026-08-14T06:00:36.423Z Iroh route discovery succeeded (peer: 3103783941, Transport: Iroh, bindings: 3, Duration: 345 ms, relay_fleet: 7)
2026-08-14T06:00:36.423Z Private addresses joined broker port (peer: 2489108693, Join: None configured, Configured addresses: 0, Detail 3: 0)
2026-08-14T06:00:36.423Z Direct dial plan assembled (peer: 3103783941, Public paths: 1, Private fallback paths: 0, public_relay_urls: 1)
2026-08-14T06:00:36.424Z Direct dial leg failed (peer: 3103783941, Leg: Public paths, Failure: Cancelled, Duration: 0 ms)
2026-08-14T06:00:36.424Z Transport dial failed (peer: 2489108693, Transport: Iroh, Failure: Cancelled, Duration: 346 ms, Attempt: 976531251331357023)
2026-08-14T06:00:36.439Z Transport dial started (peer: 2489108693, Transport: Iroh, Attempt: 6094536442594727243)
2026-08-14T06:00:36.439Z Iroh route discovery started (peer: 3864434804, Transport: Iroh)
2026-08-14T06:00:36.722Z Iroh route discovery succeeded (peer: 3864434804, Transport: Iroh, bindings: 3, Duration: 282 ms, relay_fleet: 7)
2026-08-14T06:00:36.743Z Private addresses joined broker port (peer: 2489108693, Join: None configured, Configured addresses: 0, Detail 3: 0)
2026-08-14T06:00:36.745Z Direct dial plan assembled (peer: 3864434804, Public paths: 1, Private fallback paths: 0, public_relay_urls: 1)
2026-08-14T06:00:41.944Z Direct dial leg failed (peer: 3864434804, Leg: Public paths, Failure: Timed out, Duration: 5.199 seconds)
2026-08-14T06:00:42.744Z LAN discovery resolved (Outcome: Advertisement not found, Hints: 0)
2026-08-14T06:00:42.744Z Direct dial leg failed (peer: 3864434804, Leg: Private fallback, Failure: No route available, Duration: 800 ms)
2026-08-14T06:00:42.745Z Transport dial failed (peer: 2489108693, Transport: Iroh, Failure: Timed out, Duration: 6.305 seconds, Attempt: 6094536442594727243)
2026-08-14T06:00:42.745Z Pairing failed (Transport: Iroh, Failure: Timed out)
2026-08-14T06:00:43.194Z Connection attempt started
2026-08-14T06:00:43.194Z Transport dial started (peer: 2489108693, Transport: Iroh, Attempt: 4563270391757208857)
2026-08-14T06:00:43.224Z Iroh route discovery started (peer: 3864434804, Transport: Iroh)
2026-08-14T06:00:43.621Z Iroh route discovery succeeded (peer: 3864434804, Transport: Iroh, bindings: 3, Duration: 397 ms, relay_fleet: 7)
2026-08-14T06:00:43.637Z Private addresses joined broker port (peer: 2489108693, Join: None configured, Configured addresses: 0, Detail 3: 0)
2026-08-14T06:00:43.639Z Direct dial plan assembled (peer: 3864434804, Public paths: 1, Private fallback paths: 0, public_relay_urls: 1)
2026-08-14T06:00:48.947Z Direct dial leg failed (peer: 3864434804, Leg: Public paths, Failure: Timed out, Duration: 5.307 seconds)
2026-08-14T06:00:49.744Z LAN discovery resolved (Outcome: Advertisement not found, Hints: 0)
2026-08-14T06:00:49.744Z Direct dial leg failed (peer: 3864434804, Leg: Private fallback, Failure: No route available, Duration: 797 ms)
2026-08-14T06:00:49.744Z Transport dial failed (peer: 2489108693, Transport: Iroh, Failure: Timed out, Duration: 6.549 seconds, Attempt: 4563270391757208857)
2026-08-14T06:00:49.744Z Pairing failed (Transport: Iroh, Failure: Timed out)
2026-08-14T06:00:49.746Z Iroh route discovery started (Transport: Iroh)
2026-08-14T06:00:50.076Z Iroh route discovery succeeded (Transport: Iroh)
2026-08-14T06:00:50.076Z Connection attempt started
2026-08-14T06:00:50.076Z Transport dial started (peer: 2489108693, Transport: Iroh, Attempt: 8839831063277750290)
2026-08-14T06:00:50.102Z Iroh route discovery started (peer: 3103783941, Transport: Iroh)
2026-08-14T06:00:50.469Z Iroh route discovery succeeded (peer: 3103783941, Transport: Iroh, bindings: 3, Duration: 366 ms, relay_fleet: 7)
2026-08-14T06:00:50.489Z Private addresses joined broker port (peer: 2489108693, Join: None configured, Configured addresses: 0, Detail 3: 0)
2026-08-14T06:00:50.489Z Direct dial plan assembled (peer: 3103783941, Public paths: 1, Private fallback paths: 0, public_relay_urls: 1)
2026-08-14T06:00:50.614Z Direct dial leg connected (peer: 3103783941, Leg: Public paths, Duration: 124 ms)
2026-08-14T06:00:51.222Z Transport session state changed (peer: 2489108693, State: Established, Purpose: Foreground control)
2026-08-14T06:00:51.222Z Transport connected (peer: 2489108693, Transport: Iroh, Duration: 1.145 seconds, Attempt: 8839831063277750290)
2026-08-14T06:00:51.223Z Selected network path changed (Path: Relay)
2026-08-14T06:00:51.523Z Host authenticated (Surface: 2489108693, Transport: Iroh)
2026-08-14T06:00:51.525Z RPC session ready (Surface: 2489108693, Transport: Iroh)
2026-08-14T06:00:51.525Z Pairing succeeded
2026-08-14T06:00:51.660Z Transport dial started (peer: 2489108693, Transport: Iroh, Attempt: 65994243936805592)
2026-08-14T06:00:51.660Z Iroh route discovery started (peer: 3864434804, Transport: Iroh)
2026-08-14T06:00:51.812Z Connection recovery succeeded (recovery: 808324794, Transport: Iroh, Detail 3: 2489108693)
2026-08-14T06:00:52.060Z Iroh route discovery succeeded (peer: 3864434804, Transport: Iroh, bindings: 3, Duration: 400 ms, relay_fleet: 7)
2026-08-14T06:00:52.077Z Private addresses joined broker port (peer: 2489108693, Join: None configured, Configured addresses: 0, Detail 3: 0)
2026-08-14T06:00:52.079Z Direct dial plan assembled (peer: 3864434804, Public paths: 1, Private fallback paths: 0, public_relay_urls: 1)
2026-08-14T06:00:57.308Z Direct dial leg failed (peer: 3864434804, Leg: Public paths, Failure: Timed out, Duration: 5.229 seconds)
2026-08-14T06:00:58.109Z LAN discovery resolved (Outcome: Advertisement not found, Hints: 0)
2026-08-14T06:00:58.109Z Direct dial leg failed (peer: 3864434804, Leg: Private fallback, Failure: No route available, Duration: 801 ms)
2026-08-14T06:00:58.109Z Transport dial failed (peer: 2489108693, Transport: Iroh, Failure: Timed out, Duration: 6.449 seconds, Attempt: 65994243936805592)
2026-08-14T06:00:58.110Z Iroh route discovery started (Transport: Iroh)
2026-08-14T06:00:58.406Z Iroh route discovery succeeded (Transport: Iroh)
2026-08-14T06:01:00.139Z Transport dial started (peer: 2489108693, Transport: Iroh, Attempt: 5848069225092353067)
2026-08-14T06:01:00.139Z Iroh route discovery started (peer: 3864434804, Transport: Iroh)
2026-08-14T06:01:00.428Z Iroh route discovery succeeded (peer: 3864434804, Transport: Iroh, bindings: 3, Duration: 289 ms, relay_fleet: 7)
2026-08-14T06:01:00.444Z Private addresses joined broker port (peer: 2489108693, Join: None configured, Configured addresses: 0, Detail 3: 0)
2026-08-14T06:01:00.446Z Direct dial plan assembled (peer: 3864434804, Public paths: 1, Private fallback paths: 0, public_relay_urls: 1)
2026-08-14T06:01:00.502Z Direct dial leg connected (peer: 3864434804, Leg: Public paths, Duration: 56 ms)
2026-08-14T06:01:00.992Z Transport session state changed (peer: 2489108693, State: Established, Purpose: Background control)
2026-08-14T06:01:00.992Z Transport connected (peer: 2489108693, Transport: Iroh, Duration: 853 ms, Attempt: 5848069225092353067)
2026-08-14T06:01:07.405Z Iroh route discovery started (Transport: Iroh)
2026-08-14T06:01:07.711Z Iroh route discovery succeeded (Transport: Iroh)
2026-08-14T06:01:25.460Z App lifecycle changed (Phase: Inactive)
2026-08-14T06:01:25.692Z App lifecycle changed (Phase: Active)
2026-08-14T06:01:26.137Z Iroh endpoint starting (Transport: Iroh)
2026-08-14T06:01:26.238Z Connection attempt started
2026-08-14T06:01:26.238Z Transport dial started (peer: 2600813340, Transport: Iroh, Attempt: 664090933505682202)
2026-08-14T06:01:26.337Z Transport dial started (peer: 2600813340, Transport: Iroh, Attempt: 5943878027792253547)
2026-08-14T06:01:26.951Z Iroh endpoint active (Transport: Iroh)
2026-08-14T06:01:26.952Z Relay policy refresh started
2026-08-14T06:01:26.953Z Selected network path changed (Path: Unknown path)
2026-08-14T06:01:26.953Z Iroh route discovery started (peer: 2269789097, Transport: Iroh)
2026-08-14T06:01:27.315Z Iroh route discovery succeeded (peer: 2269789097, Transport: Iroh, bindings: 3, Duration: 362 ms, relay_fleet: 7)
2026-08-14T06:01:27.512Z Private addresses joined broker port (peer: 2600813340, Join: None configured, Configured addresses: 0, Detail 3: 0)
2026-08-14T06:01:27.514Z Direct dial plan assembled (peer: 1889413727, Public paths: 1, Private fallback paths: 0, public_relay_urls: 1)
2026-08-14T06:01:27.580Z Direct dial leg connected (peer: 1889413727, Leg: Public paths, Duration: 65 ms)
2026-08-14T06:01:27.596Z Relay policy refreshed
2026-08-14T06:01:27.800Z Transport session state changed (peer: 2600813340, State: Established, Purpose: Background control)
2026-08-14T06:01:27.800Z Transport connected (peer: 2600813340, Transport: Iroh, Duration: 1.462 seconds, Attempt: 5943878027792253547)
2026-08-14T06:01:27.800Z Selected network path changed (Path: Relay)
2026-08-14T06:01:28.165Z Private addresses joined broker port (peer: 2600813340, Join: None configured, Configured addresses: 0, Detail 3: 0)
2026-08-14T06:01:28.165Z Direct dial plan assembled (peer: 2269789097, Public paths: 1, Private fallback paths: 0, public_relay_urls: 1)
2026-08-14T06:01:28.272Z Direct dial leg connected (peer: 2269789097, Leg: Public paths, Duration: 107 ms)
2026-08-14T06:01:28.478Z Transport session state changed (peer: 2600813340, State: Established, Purpose: Foreground control)
2026-08-14T06:01:28.478Z Transport connected (peer: 2600813340, Transport: Iroh, Duration: 2.239 seconds, Attempt: 664090933505682202)
2026-08-14T06:01:28.721Z Host authenticated (Surface: 2600813340, Transport: Iroh)
2026-08-14T06:01:28.725Z RPC session ready (Surface: 2600813340, Transport: Iroh)
2026-08-14T06:01:28.725Z Pairing succeeded
2026-08-14T06:01:28.905Z Iroh route discovery started (Transport: Iroh)
2026-08-14T06:01:29.711Z Iroh route discovery succeeded (Transport: Iroh)
2026-08-14T06:01:47.633Z App lifecycle changed (Phase: Inactive)
2026-08-14T06:01:48.879Z App lifecycle changed (Phase: Active)
2026-08-14T06:02:32.848Z App lifecycle changed (Phase: Inactive)
2026-08-14T06:02:35.324Z App lifecycle changed (Phase: Background)
2026-08-14T06:03:51.804Z Transport close attributed (peer: 2600813340, Initiator: Local app, Failure: Cancelled)
2026-08-14T06:03:51.804Z Remote close reason (peer: 2600813340, Detail 1: 0, Detail 3: 1)
2026-08-14T06:03:51.804Z Transport session state changed (peer: 2600813340, State: Control read failed, Purpose: Background control)
2026-08-14T06:03:51.804Z Transport session closed (peer: 2600813340, Transport: Iroh, Failure: Transport idle timed out)
2026-08-14T06:03:51.820Z App lifecycle changed (Phase: Inactive)
2026-08-14T06:03:51.973Z Transport close attributed (peer: 2600813340, Initiator: Remote peer, Failure: Connection closed)
2026-08-14T06:03:51.973Z Remote close reason (peer: 2600813340, Detail 1: 0, Detail 3: 1)
2026-08-14T06:03:51.973Z Transport session state changed (peer: 2600813340, State: Control read failed, Purpose: Foreground control)
2026-08-14T06:03:51.973Z Transport session closed (peer: 2600813340, Transport: Iroh, Failure: Connection closed)
2026-08-14T06:03:51.973Z Event stream ended
2026-08-14T06:03:51.973Z Selected network path changed (Path: Unknown path)
2026-08-14T06:03:52.134Z App lifecycle changed (Phase: Active)
2026-08-14T06:03:52.135Z Connection recovery started (recovery: 3756901801, Transport: Iroh, Trigger: App returned to foreground, Detail 3: 2600813340)
2026-08-14T06:03:52.157Z Transport dial started (peer: 2600813340, Transport: Iroh, Attempt: 9046916762995923755)
2026-08-14T06:03:53.154Z Transport dial started (peer: 2600813340, Transport: Iroh, Attempt: 7428432347412839071)
2026-08-14T06:03:53.654Z Iroh route discovery started (peer: 2269789097, Transport: Iroh)
2026-08-14T06:03:53.943Z Iroh route discovery succeeded (peer: 2269789097, Transport: Iroh, bindings: 3, Duration: 288 ms, relay_fleet: 7)
2026-08-14T06:03:53.949Z Private addresses joined broker port (peer: 2600813340, Join: None configured, Configured addresses: 0, Detail 3: 0)
2026-08-14T06:03:53.950Z Private addresses joined broker port (peer: 2600813340, Join: None configured, Configured addresses: 0, Detail 3: 0)
2026-08-14T06:03:53.950Z Direct dial plan assembled (peer: 1889413727, Public paths: 1, Private fallback paths: 0, public_relay_urls: 1)
2026-08-14T06:03:53.950Z Direct dial plan assembled (peer: 2269789097, Public paths: 1, Private fallback paths: 0, public_relay_urls: 1)
2026-08-14T06:03:54.036Z Direct dial leg connected (peer: 2269789097, Leg: Public paths, Duration: 85 ms)
2026-08-14T06:03:54.045Z Direct dial leg connected (peer: 1889413727, Leg: Public paths, Duration: 95 ms)
2026-08-14T06:03:54.607Z Transport session state changed (peer: 2600813340, State: Established, Purpose: Foreground control)
2026-08-14T06:03:54.607Z Transport connected (peer: 2600813340, Transport: Iroh, Duration: 2.450 seconds, Attempt: 9046916762995923755)
2026-08-14T06:03:54.607Z Selected network path changed (Path: Relay)
2026-08-14T06:03:54.622Z Transport session state changed (peer: 2600813340, State: Established, Purpose: Background control)
2026-08-14T06:03:54.622Z Transport connected (peer: 2600813340, Transport: Iroh, Duration: 1.467 seconds, Attempt: 7428432347412839071)
2026-08-14T06:03:54.704Z Connection recovery succeeded (recovery: 3756901801, Transport: Iroh, Detail 3: 2600813340)
2026-08-14T06:03:54.833Z Iroh route discovery started (Transport: Iroh)
2026-08-14T06:03:55.257Z Iroh route discovery succeeded (Transport: Iroh)
2026-08-14T06:04:57.846Z App lifecycle changed (Phase: Inactive)
2026-08-14T06:04:58.641Z App lifecycle changed (Phase: Background)
2026-08-14T06:06:42.863Z Relay policy refresh started
2026-08-14T06:06:42.866Z Transport close attributed (peer: 2600813340, Initiator: Local app, Failure: Cancelled)
2026-08-14T06:06:42.866Z Remote close reason (peer: 2600813340, Detail 1: 0, Detail 3: 2)
2026-08-14T06:06:42.866Z Transport session state changed (peer: 2600813340, State: Control read failed, Purpose: Background control)
2026-08-14T06:06:42.866Z Transport session closed (peer: 2600813340, Transport: Iroh, Failure: Transport idle timed out)
2026-08-14T06:06:45.182Z App lifecycle changed (Phase: Inactive)
2026-08-14T06:06:45.413Z App lifecycle changed (Phase: Active)
2026-08-14T06:06:46.397Z Connection recovery started (recovery: 3084092708, Transport: Unknown transport, Trigger: Presence notification)
2026-08-14T06:06:46.407Z Connection attempt started
2026-08-14T06:06:46.408Z Transport dial started (peer: 3907614172, Transport: Iroh, Attempt: 8202393279169928671)
2026-08-14T06:06:46.442Z Transport dial started (peer: 3907614172, Transport: Iroh, Attempt: 5762938226315272000)
2026-08-14T06:06:46.466Z Transport dial cancelled (peer: 3907614172, Detail 1: 1, Duration: 23 ms, Detail 3: 5762938226315272000)
2026-08-14T06:06:46.477Z Iroh endpoint starting (Transport: Iroh)
2026-08-14T06:06:46.477Z Transport dial failed (peer: 3907614172, Transport: Iroh, Failure: Cancelled, Duration: 34 ms, Attempt: 5762938226315272000)
2026-08-14T06:06:46.514Z Transport dial started (peer: 3907614172, Transport: Iroh, Attempt: 6788274487391445384)
2026-08-14T06:06:46.514Z Transport dial cancelled (peer: 3907614172, Detail 1: 3, Duration: 106 ms, Detail 3: 8202393279169928671)
2026-08-14T06:06:46.514Z Connection attempt started
2026-08-14T06:06:46.523Z Transport dial failed (peer: 3907614172, Transport: Iroh, Failure: Cancelled, Duration: 114 ms, Attempt: 8202393279169928671)
2026-08-14T06:06:46.523Z Iroh route discovery started (Transport: Iroh)
2026-08-14T06:06:46.981Z Iroh endpoint active (Transport: Iroh)
2026-08-14T06:06:46.981Z Relay policy refresh started
2026-08-14T06:06:46.982Z Selected network path changed (Path: Unknown path)
2026-08-14T06:06:47.443Z Private addresses joined broker port (peer: 3907614172, Join: None configured, Configured addresses: 0, Detail 3: 0)
2026-08-14T06:06:47.446Z Iroh route discovery started (peer: 264808533, Transport: Iroh)
2026-08-14T06:06:47.586Z Relay policy refreshed
2026-08-14T06:06:47.753Z Iroh route discovery succeeded (Transport: Iroh)
2026-08-14T06:06:47.754Z Connection recovery failed (recovery: 3084092708, Transport: Iroh, Failure: Superseded by a newer attempt, Detail 3: 3907614172)
2026-08-14T06:06:47.761Z Iroh route discovery succeeded (peer: 264808533, Transport: Iroh, bindings: 3, Duration: 314 ms, relay_fleet: 7)
2026-08-14T06:06:47.762Z Private addresses joined broker port (peer: 3907614172, Join: None configured, Configured addresses: 0, Detail 3: 0)
2026-08-14T06:06:47.764Z Direct dial plan assembled (peer: 264808533, Public paths: 1, Private fallback paths: 0, public_relay_urls: 1)
2026-08-14T06:06:47.938Z Direct dial leg connected (peer: 264808533, Leg: Public paths, Duration: 173 ms)
2026-08-14T06:06:48.682Z Transport session state changed (peer: 3907614172, State: Established, Purpose: Background control)
2026-08-14T06:06:48.682Z Transport connected (peer: 3907614172, Transport: Iroh, Duration: 2.167 seconds, Attempt: 6788274487391445384)
2026-08-14T06:06:48.683Z Selected network path changed (Path: Relay)
2026-08-14T06:06:48.971Z Transport dial started (peer: 3907614172, Transport: Iroh, Attempt: 6190795706706655458)
2026-08-14T06:06:48.971Z Iroh route discovery started (peer: 4057761705, Transport: Iroh)
2026-08-14T06:06:49.259Z Iroh route discovery succeeded (peer: 4057761705, Transport: Iroh, bindings: 3, Duration: 287 ms, relay_fleet: 7)
2026-08-14T06:06:49.492Z Private addresses joined broker port (peer: 3907614172, Join: None configured, Configured addresses: 0, Detail 3: 0)
2026-08-14T06:06:49.494Z Direct dial plan assembled (peer: 4057761705, Public paths: 1, Private fallback paths: 0, public_relay_urls: 1)
2026-08-14T06:06:54.380Z Iroh route discovery started (Transport: Iroh)
2026-08-14T06:06:54.505Z Direct dial leg failed (peer: 4057761705, Leg: Public paths, Failure: Timed out, Duration: 5.010 seconds)
2026-08-14T06:06:54.691Z Iroh route discovery succeeded (Transport: Iroh)
2026-08-14T06:06:55.307Z LAN discovery resolved (Outcome: Advertisement not found, Hints: 0)
2026-08-14T06:06:55.307Z Direct dial leg failed (peer: 4057761705, Leg: Private fallback, Failure: No route available, Duration: 801 ms)
2026-08-14T06:06:55.307Z Transport dial failed (peer: 3907614172, Transport: Iroh, Failure: Timed out, Duration: 6.336 seconds, Attempt: 6190795706706655458)
2026-08-14T06:06:55.457Z Transport dial started (peer: 3907614172, Transport: Iroh, Attempt: 8279133436967824529)
2026-08-14T06:06:55.465Z Iroh route discovery started (peer: 4057761705, Transport: Iroh)
2026-08-14T06:06:55.739Z Iroh route discovery succeeded (peer: 4057761705, Transport: Iroh, bindings: 3, Duration: 274 ms, relay_fleet: 7)
2026-08-14T06:06:55.762Z Private addresses joined broker port (peer: 3907614172, Join: None configured, Configured addresses: 0, Detail 3: 0)
2026-08-14T06:06:55.764Z Direct dial plan assembled (peer: 4057761705, Public paths: 1, Private fallback paths: 0, public_relay_urls: 1)
2026-08-14T06:06:59.708Z App lifecycle changed (Phase: Inactive)
2026-08-14T06:07:00.804Z Direct dial leg failed (peer: 4057761705, Leg: Public paths, Failure: Timed out, Duration: 5.039 seconds)
2026-08-14T06:07:00.935Z App lifecycle changed (Phase: Active)
2026-08-14T06:07:01.587Z LAN discovery resolved (Outcome: Advertisement not found, Hints: 0)
2026-08-14T06:07:01.587Z Direct dial leg failed (peer: 4057761705, Leg: Private fallback, Failure: No route available, Duration: 783 ms)
2026-08-14T06:07:01.588Z Transport dial failed (peer: 3907614172, Transport: Iroh, Failure: Timed out, Duration: 6.130 seconds, Attempt: 8279133436967824529)
2026-08-14T06:07:01.589Z Iroh route discovery started (Transport: Iroh)
2026-08-14T06:07:01.589Z Iroh route discovery started (Transport: Iroh)
2026-08-14T06:07:02.701Z Iroh route discovery succeeded (Transport: Iroh)
2026-08-14T06:07:02.701Z Iroh route discovery succeeded (Transport: Iroh)
2026-08-14T06:07:03.707Z Transport dial started (peer: 3907614172, Transport: Iroh, Attempt: 1841401986381974248)
2026-08-14T06:07:03.707Z Iroh route discovery started (peer: 4057761705, Transport: Iroh)
2026-08-14T06:07:04.027Z Iroh route discovery succeeded (peer: 4057761705, Transport: Iroh, bindings: 3, Duration: 319 ms, relay_fleet: 7)
2026-08-14T06:07:04.038Z Private addresses joined broker port (peer: 3907614172, Join: None configured, Configured addresses: 0, Detail 3: 0)
2026-08-14T06:07:04.039Z Direct dial plan assembled (peer: 4057761705, Public paths: 1, Private fallback paths: 0, public_relay_urls: 1)
2026-08-14T06:07:04.141Z Direct dial leg connected (peer: 4057761705, Leg: Public paths, Duration: 101 ms)
2026-08-14T06:07:04.863Z Transport session state changed (peer: 3907614172, State: Established, Purpose: Background control)
2026-08-14T06:07:04.863Z Transport connected (peer: 3907614172, Transport: Iroh, Duration: 1.156 seconds, Attempt: 1841401986381974248)
2026-08-14T06:07:18.526Z App lifecycle changed (Phase: Inactive)
2026-08-14T06:07:19.671Z App lifecycle changed (Phase: Active)
2026-08-14T06:07:30.358Z App lifecycle changed (Phase: Inactive)
2026-08-14T06:07:31.584Z App lifecycle changed (Phase: Active)
2026-08-14T06:07:41.048Z App lifecycle changed (Phase: Inactive)
2026-08-14T06:07:44.084Z App lifecycle changed (Phase: Active)
